<?xml version="1.0" encoding="utf-8" ?>
<kml xmlns="http://www.opengis.net/kml/2.2">
<Document id="root_doc">
<Schema name="riverlineok" id="riverlineok">
	<SimpleField name="RIVER" type="string"></SimpleField>
	<SimpleField name="RIVERCODE" type="string"></SimpleField>
</Schema>
<Folder><name>riverlineok</name>
  <Placemark>
	<name>基隆河</name>
	<Style><LineStyle><color>ff0000ff</color></LineStyle><PolyStyle><fill>0</fill></PolyStyle></Style>
	<ExtendedData><SchemaData schemaUrl="#riverlineok">
		<SimpleData name="RIVER">基隆河</SimpleData>
		<SimpleData name="RIVERCODE">114030</SimpleData>
	</SchemaData></ExtendedData>
      <MultiGeometry><LineString><coordinates>121.498981966014,25.1130892767922 121.498981966018,25.1130892768127 121.498981966018,25.1130892768127 121.498933340063,25.1130320823851 121.498887156764,25.1129732336114 121.498887156764,25.1129732336114 121.498843680393,25.1129131539331 121.498843680393,25.1129131539331 121.498831940032,25.1128960130997 121.498831940032,25.1128960130997 121.498771276079,25.1128003069059 121.498716852537,25.1127015393429 121.498716852537,25.1127015393429 121.49866085776,25.1125813859033 121.498614099804,25.1124580018294 121.498614099804,25.1124580018294 121.498584637292,25.1123615338849 121.49856082834,25.1122637804765 121.49856082834,25.1122637804765 121.498551824613,25.1122215993838 121.498544946989,25.1121790877937 121.498544946989,25.1121790877937 121.498526722714,25.1120203460855 121.498525192783,25.1119951810497 121.498522819594,25.1118867804869 121.498524105203,25.1118345941711 121.498526502073,25.1117752449367 121.498535401219,25.1115539561354 121.498538810811,25.1114690470591 121.498539761504,25.1114452127771 121.498549137024,25.1112123525615 121.498568879753,25.1107211614802 121.498572715227,25.1106278078033 121.498578426611,25.1104884680705 121.49859151109,25.110169671479 121.4985920002,25.1101582493784 121.498592451039,25.1101471704714 121.498595590448,25.1100707418642 121.498669533461,25.1100736849737 121.498688890184,25.1100692141999 121.498705385635,25.1100609161343 121.498714963301,25.1100527954535 121.498717925252,25.1100502840838 121.498717925252,25.1100502840838 121.49873399353,25.1100272834298 121.498748448587,25.1100034118772 121.498761233702,25.109978763102 121.498772298704,25.1099534338301 121.498781600173,25.1099275234574 121.498788197947,25.1098991803389 121.498799571539,25.1098162286655 121.498811381583,25.1097504287772 121.498815421221,25.109436194638 121.498834514129,25.1092152325898 121.498822814311,25.1090564869624 121.498845778224,25.1084797623535 121.498846865664,25.1084252023078 121.498872485018,25.1078480624548 121.498891934018,25.1077515776537 121.498896935278,25.1077085693439 121.498895135267,25.1075288814635 121.498908366972,25.1072734881034 121.498921418841,25.1069835631165 121.498901834956,25.1069368186545 121.498892217954,25.1068979131044 121.498884707159,25.1068869151438 121.498784077399,25.1068844459136 121.498780084752,25.1068843226825 121.498788930842,25.1066467081413 121.498794484253,25.1066468881318 121.498824363743,25.1058959474898 121.498960018728,25.1059011797726 121.498969670724,25.1058363350469 121.498978050904,25.1055142949482 121.499003988277,25.1053338211884 121.499011065039,25.1048440960855 121.499016295482,25.1046931526581 121.499039360226,25.104027532471 121.499037716992,25.1040086423217 121.499004297307,25.1039729224946 121.498996601135,25.1039577361485 121.499008199834,25.1036689805378 121.499050999061,25.1036314243501 121.499064957384,25.1036187291035 121.499069889795,25.1036101087878 121.499066852565,25.103555562586 121.499013772695,25.1034907844666 121.499025555865,25.1032206259722 121.499035290208,25.1032054441741 121.499071565692,25.1031728843785 121.499074770054,25.1031635656903 121.499087365381,25.1029103320175 121.499069474956,25.1028727182199 121.499089757142,25.1028376031318 121.49909462738,25.1026646546936 121.499093083514,25.1025774129371 121.49908038397,25.1025533327551 121.499095309039,25.102483270103 121.499084356741,25.1023937759101 121.499108603888,25.1023633239997 121.499097775075,25.1022505099696 121.499097397263,25.10168104066 121.499112564801,25.1014508829766 121.499142436493,25.1012892708421 121.499183669661,25.1010957153729 121.499255091209,25.1009041347284 121.499235815283,25.1008646477692 121.499238829318,25.1007278628293 121.499216983819,25.1007341949644 121.499221458665,25.1005959584418 121.499224135654,25.1005178027212 121.499237105973,25.1004913971906 121.49936240883,25.1006124943227 121.499371088478,25.1006208702058 121.499418862,25.1006670668242 121.499422146983,25.1006702421641 121.499422146983,25.1006702421641 121.499505509759,25.1005022059461 121.499600487195,25.1003393602829 121.499600487195,25.1003393602829 121.499699315403,25.1001925745175 121.499699315403,25.1001925745175 121.499767135807,25.1001020720516 121.499838684109,25.1000139817151 121.499838684109,25.1000139817151 121.499965643185,25.0998731531619 121.500102109047,25.0997399007772 121.500247537665,25.09961475575 121.500247537665,25.09961475575 121.500482702063,25.0994293480839 121.500489660188,25.099423998063 121.500489660188,25.099423998063 121.500870841042,25.0991521049593 121.501048355742,25.0990361812646 121.501093747129,25.0990075625226 121.501139347764,25.0989792048731 121.501148772731,25.0989734041135 121.501158197698,25.0989676033532 121.501158197698,25.0989676033532 121.501213433786,25.0989340129757 121.501213433786,25.0989340129757 121.501570084603,25.0987306154634 121.501570084603,25.0987306154634 121.501746919832,25.0986380126655 121.501746919832,25.0986380126655 121.501916166525,25.0985542376747 121.501916166525,25.0985542376747 121.502234464624,25.0984088651664 121.502234464624,25.0984088651664 121.502456541003,25.0983167764215 121.502456541003,25.0983167764215 121.502488194871,25.0983038493816 121.502488194871,25.0983038493816 121.502659089844,25.0982378983452 121.502659089844,25.0982378983452 121.502779329865,25.098193415959 121.502779329865,25.0981934159589 121.50287194456,25.0981602309269 121.50287194456,25.0981602309269 121.502961404675,25.0981290517303 121.502961404675,25.0981290517303 121.503001641008,25.0981152919858 121.503001641008,25.0981152919858 121.503052155312,25.0980982833934 121.503052155312,25.0980982833934 121.503060214687,25.0980955837621 121.503060214687,25.098095583762 121.503097373498,25.0980832698868 121.503097373498,25.0980832698869 121.503139226064,25.0980695587919 121.503139226064,25.0980695587919 121.50318361419,25.0980552251777 121.50318361419,25.0980552251777 121.503292176978,25.0980210288138 121.503292176978,25.0980210288138 121.503562317595,25.0979411076439 121.503572804969,25.0979381559855 121.503583292342,25.0979352043264 121.503583292342,25.0979352043264 121.503997029987,25.0978276565272 121.503997029987,25.0978276565272 121.504124408377,25.0977978915922 121.504124408377,25.0977978915922 121.504416669009,25.0977353448989 121.504416669009,25.0977353448989 121.504682281426,25.0976854192154 121.504682281426,25.0976854192154 121.504853287443,25.0976566878935 121.504853287443,25.0976566878935 121.505063760592,25.0976249781713 121.505063760592,25.0976249781713 121.505232412389,25.0976024386357 121.505232412389,25.0976024386357 121.505409349341,25.0975815137836 121.505409349341,25.0975815137836 121.505854214168,25.0975411317105 121.505859596164,25.0975407522357 121.505864988036,25.097540363699 121.505864988036,25.097540363699 121.505898459704,25.0975380557376 121.506041067853,25.0975328566817 121.50615338185,25.0975287449154 121.506216686129,25.0975264343952 121.506331498188,25.0975222327171 121.506331498188,25.0975222327171 121.506419983919,25.0975196104546 121.506419983919,25.0975196104546 121.506533855117,25.0975180660748 121.506533855117,25.0975180660748 121.506770840609,25.097521527121 121.507007465121,25.0975339263659 121.507007465121,25.0975339263659 121.507265379144,25.0975577453282 121.507265379144,25.0975577453282 121.507285812602,25.0975600859376 121.507285812602,25.0975600859376 121.507643921132,25.0976124332226 121.507643921132,25.0976124332226 121.50800201038,25.0976864469895 121.50800201038,25.0976864469895 121.508173094932,25.0977297191883 121.508182901379,25.0977323669198 121.508182901379,25.0977323669198 121.508198911377,25.0977367087245 121.511324172652,25.0960771052923 121.511324172652,25.0960771052923 121.511324172652,25.0960771052923 121.511333470977,25.0960697519034 121.511342379115,25.0960615966025 121.511515954084,25.095908781466 121.511660161924,25.0957823380629 121.511699536665,25.0957477693688 121.511706436874,25.0957525033597 121.511901309387,25.0955730217973 121.512211876136,25.0952899681875 121.512632283392,25.0949074427108 121.512833927929,25.0947002114414 121.512999286556,25.0945335870876 121.513124558274,25.094389933109 121.513441534854,25.0940240135353 121.513641884539,25.0937495267999 121.514016253689,25.0932348058341 121.514162882366,25.09300445299 121.514202757113,25.0929428428997 121.51423118789,25.0928899845194 121.514514426529,25.0923763184356 121.514538027107,25.0923253997183 121.514770958068,25.0918279594487 121.514789335693,25.0917822409047 121.514831709846,25.0916760415288 121.514960871539,25.0913520826211 121.514989230365,25.0912821974656 121.515065569176,25.0910314947311 121.515101872489,25.0909127312651 121.515105520249,25.0909007564518 121.515107857742,25.0908931286733 121.51518692853,25.0906344175434 121.515303479405,25.0902540317309 121.515326552582,25.0901057653844 121.515326669846,25.0901053587144 121.515343495516,25.0899969186817 121.515406755666,25.089568508129 121.515426423523,25.0894380659054 121.515429430324,25.0894174625046 121.515432323342,25.0893980963402 121.515440303354,25.0893435212099 121.515441779337,25.0893337748288 121.515453533997,25.0892549372729 121.515485607708,25.0890378459627 121.515514795198,25.0888464945798 121.515918130271,25.0861139209044 121.515924245081,25.0860709171362 121.515949434252,25.0859074942172 121.515957316029,25.0858532353624 121.515987540096,25.0856517236716 121.516043440281,25.0852729653983 121.516051279039,25.0852202865919 121.516122776031,25.0847430412746 121.516138945538,25.084643929342 121.516160865855,25.084533250536 121.516171027729,25.0844884902613 121.516191066696,25.0844114384284 121.516312831975,25.0839527603374 121.516339029365,25.0838644651953 121.516357959251,25.08380429061 121.516392879296,25.0837015744036 121.516429214506,25.0836030151921 121.516498535367,25.083415658687 121.516537296789,25.0833165312643 121.516552324967,25.0832786424193 121.516589907137,25.0831867234667 121.516627637662,25.0830970971111 121.516667710438,25.0830081306662 121.51672744082,25.08288129534 121.516785180626,25.0827644067988 121.516853740454,25.0826344891942 121.516910646936,25.0825293128804 121.51703107233,25.0823238213213 121.517032064868,25.0823217504409 121.517359181853,25.0818052895882 121.517449154279,25.0816709545687 121.517479620228,25.0816291658526 121.517613493357,25.0814536993505 121.517741651193,25.081293555205 121.517783727926,25.0812406214242 121.517808709638,25.0812148404444 121.518046164882,25.0809476934287 121.51819982939,25.080705449081 121.518321052359,25.0805325629944 121.518365118843,25.0804696731933 121.518412053521,25.080428765682 121.51851895023,25.080333227611 121.518533318391,25.080320086744 121.518599970058,25.0802603590318 121.518967866718,25.0799789237311 121.519070366506,25.0799010956136 121.51916387938,25.0798289955604 121.519263778312,25.0797668129854 121.519559854434,25.0795821824541 121.519724244453,25.0794794906522 121.51976408019,25.0794549212561 121.519794096846,25.0794385114823 121.519816506411,25.0794258930402 121.519817315832,25.0794274249732 121.520069394854,25.0792916809206 121.520173700413,25.0792356484543 121.52048351309,25.0790697372646 121.520918242023,25.0788368323043 121.521131077254,25.0787230991545 121.521165615168,25.078704659976 121.521230308163,25.0786698192693 121.521337822764,25.0786110482539 121.52136921858,25.0785903540257 121.521445298227,25.0785407213999 121.521451961847,25.0785365450874 121.521510810051,25.0784979691272 121.521515523986,25.0784945399622 121.521532329686,25.0784836201709 121.521580806735,25.0784515447067 121.521595240129,25.0784422312091 121.521724235499,25.0783576996348 121.521797167998,25.0783093508478 121.521925887024,25.0782251721656 121.522294388731,25.0779821048099 121.52253664562,25.077822376573 121.522596659811,25.0777830828666 121.522626880112,25.0777634578238 121.522787519219,25.0776937192134 121.522855105269,25.0776494242803 121.523084892732,25.0774879063907 121.523094289662,25.0774808043137 121.523118931521,25.0774641329466 121.523140852487,25.0774486718956 121.523154581192,25.0774392072551 121.523326569275,25.077332042928 121.523541735481,25.0771988156179 121.523753464493,25.0770383354301 121.523905426582,25.0769006360288 121.524017722536,25.0767757880062 121.524146479946,25.0766338368196 121.524266165357,25.076500837275 121.524361499094,25.0763874422995 121.524430861819,25.076332351866 121.524454909184,25.0763111864133 121.524496778045,25.0762756846429 121.524552805272,25.0762059887563 121.524605203149,25.0761406571942 121.524657241733,25.0760677884653 121.524780593281,25.0758835143053 121.524822154442,25.0758061143697 121.524835090387,25.0757828304398 121.52495489974,25.0755653454489 121.525262486889,25.0750069198916 121.525279651452,25.0749757485022 121.525310990345,25.074918851184 121.525395632776,25.0747651831542 121.525498108452,25.0745791586195 121.525501029909,25.0745738668694 121.525487925704,25.0745646504099 121.525428990141,25.0745448348588 121.525464258132,25.0744771311802 121.525555046502,25.0743028451005 121.525560317813,25.0742924509048 121.525562251591,25.0742890683757 121.525567005639,25.0742914171027 121.525576884814,25.0742725660162 121.525606393231,25.0743344195446 121.525877774505,25.0742437526297 121.526180846376,25.074243595229 121.526357639864,25.0743062718095 121.526508456067,25.0744015244687 121.52659359553,25.074493766326 121.52684491766,25.0748410736408 121.527004901809,25.0750899054739 121.527012263379,25.0751122418048 121.527032369336,25.0751731819463 121.527047849635,25.0752511563731 121.527070456194,25.0755280474832 121.527069897754,25.0755481097809 121.527055996165,25.0760519781741 121.52707303819,25.0761381354777 121.527115235902,25.0762676193076 121.527173239598,25.0763820604336 121.527199736744,25.0764353942826 121.527320362377,25.0765852285391 121.527679985093,25.0768460526123 121.527773495355,25.0769022537431 121.52839541722,25.0773650573901 121.528549775857,25.0774750019858 121.528688104322,25.0775546151316 121.528728406567,25.0775723019502 121.529008355843,25.0776740074196 121.529139329519,25.0777144195164 121.529332112221,25.077766898239 121.529370821258,25.0777759687846 121.529393453416,25.0777808534061 121.529461614113,25.0777921753311 121.529472025213,25.0777929506585 121.529717107065,25.0778312939818 121.529957123594,25.0778673347774 121.530519837463,25.0779502693172 121.53068514069,25.0779747040928 121.530965202255,25.0780168294104 121.531208954322,25.0780408475178 121.531347191561,25.0780390707187 121.531485014292,25.0780308312004 121.531578136235,25.078021749545 121.532117467313,25.0779716614013 121.532734492828,25.0779165075967 121.532954514736,25.0778835417922 121.532979999915,25.0778787827841 121.533173088429,25.077843520941 121.533359961619,25.0778792234877 121.533486889947,25.0778938983049 121.533611587241,25.0779084185294 121.533881188597,25.0778881561047 121.534296459759,25.0778611575923 121.534769371986,25.0778337064944 121.535624864774,25.0777821863005 121.536614211861,25.077728850186 121.5367002169,25.0777245849397 121.537032584005,25.0777085587043 121.537678882638,25.077679369479 121.538302596689,25.0776427390038 121.538550166178,25.0776283440129 121.539056485984,25.077601669887 121.540666032441,25.0775183099035 121.540892271148,25.0775066700365 121.541851764088,25.0774574704671 121.542861299568,25.0774045788092 121.543386004941,25.0773777685221 121.543542864896,25.0773821957025 121.543542864896,25.0773821957025 121.543629319244,25.0773847923952 121.543715546521,25.0773910587126 121.54390586073,25.0773813927335 121.544190172467,25.0773629002105 121.544189595628,25.077334983726 121.544188853938,25.0772935929003 121.544201634783,25.0772935099737 121.544302751119,25.0773374216653 121.544426447858,25.0772959175638 121.544476151998,25.0772917448535 121.544528526257,25.077281658002 121.544550345416,25.0772796640114 121.544586324085,25.0772760651275 121.544586406954,25.0772861041661 121.544587001975,25.0773250638342 121.5450041666,25.0773750953433 121.545668263926,25.0773608460985 121.547138981898,25.0773245884724 121.547198642617,25.0773231173472 121.547634530296,25.0773121924077 121.547694068614,25.0773107001748 121.549622311834,25.0772632893759 121.550345978999,25.0772476400448 121.550345978999,25.0772476400448 121.55047672568,25.0772568219337 121.550606541443,25.0772737188115 121.550734878039,25.0772982593177 121.550861193468,25.0773303398108 121.550984954265,25.0773698248056 121.551281678389,25.0773783706085 121.551289935098,25.0773786083973 121.55123521348,25.0773530947148 121.552225073994,25.0773284791141 121.55336227168,25.0773002925366 121.55440415809,25.0772745025472 121.555357156011,25.0772509066635 121.555807532519,25.0772397414178 121.556203969962,25.077229909039 121.556798838156,25.0772151532235 121.556961102052,25.077211131837 121.556961102052,25.077211131837 121.557308354835,25.0771916918778 121.557653392964,25.0771510770538 121.557994661468,25.0770894704058 121.560213326901,25.0766167843371 121.561801516251,25.0762783882877 121.562004647799,25.0762350793228 121.562004647799,25.0762350793228 121.562102522318,25.076215340576 121.562201556632,25.0762011918566 121.562301366225,25.0761926880993 121.562401563568,25.076189862321 121.562685588482,25.076188226406 121.563676622804,25.0761855312297 121.564390731718,25.0761831336081 121.564390731718,25.0761831336081 121.564495413284,25.0761856122726 121.564599752665,25.0761937037072 121.564703387368,25.0762073798005 121.564805957347,25.0762265930393 121.564907106258,25.0762512766731 121.56500648269,25.0762813449466 121.565234888867,25.0763564550345 121.566455571301,25.0767578270367 121.567099327302,25.0769694769755 121.567810541943,25.0770113562511 121.567810541943,25.0770113562511 121.567933548849,25.0770477519355 121.568058901737,25.0770767583091 121.568186066061,25.077098251679 121.568314499546,25.0771121403901 121.568443654506,25.0771183652166 121.568572980179,25.0771168996138 121.568701925072,25.0771077498322 121.56882993932,25.0770909548901 121.568956477023,25.0770665864075 121.569080998582,25.0770347483005 121.569874929125,25.0768537157462 121.569874929125,25.0768537157462 121.570020485179,25.0768068292873 121.570162198771,25.0767510269221 121.570299412358,25.0766865675737 121.570431489279,25.0766137503327 121.570557816709,25.0765329130698 121.570677808506,25.0764444308674 121.570790907927,25.0763487142795 121.570896590214,25.0762462074262 121.570994365027,25.0761373859328 121.57108377872,25.0760227547229 121.571600016893,25.0753109771597 121.571600016893,25.0753109771597 121.571667722082,25.0752132139902 121.572203221332,25.0744028466274 121.572203221332,25.0744028466274 121.572379842277,25.0741140286262 121.572534769139,25.0738150603887 121.572667302644,25.0735072916367 121.572776844635,25.0731921118121 121.572862900758,25.0728709438039 121.5729250827,25.0725452375237 121.572963109934,25.0722164633596 121.572976810983,25.0718861055377 121.572980411706,25.0712390274794 121.572980471677,25.0712284825383 121.572980997368,25.0711731659227 121.572983582189,25.0709042477888 121.572985458645,25.0705640382186 121.572984614632,25.0705211133094 121.572989393471,25.0697075360907 121.572989393471,25.0697075360907 121.572984774632,25.0695886257551 121.572971998151,25.069470211442 121.572951114094,25.069352756951 121.57292220428,25.0692367223211 121.572885381965,25.0691225620287 121.572219974602,25.0672759386445 121.572219974602,25.0672759386445 121.57217468439,25.0671377172153 121.572137678346,25.0669974647914 121.572109065036,25.0668555929427 121.572088928397,25.0667125179896 121.572088928397,25.0667125179896 121.572076682666,25.0665552049482 121.572074683343,25.0663975075062 121.572082937401,25.0662399788427 121.572179359243,25.0651067361906 121.572203241305,25.0648260625357 121.572227133185,25.0645453888301 121.572294504281,25.0637540765288 121.572323311447,25.0634156857858 121.572323311447,25.0634156857858 121.572340102281,25.0632835231514 121.572494458984,25.0623712520213 121.572679006995,25.0612805247779 121.572839339789,25.060332921484 121.573213085732,25.0581187027843 121.573377257956,25.0571458866037 121.573817659586,25.0545363420455 121.573890863278,25.0541024975863 121.573890863278,25.0541024975863 121.573907526245,25.0540218135406 121.573930121442,25.0539423360592 121.57395854609,25.053864426627 121.573992670894,25.0537884395963 121.574032340636,25.0537147205754 121.574077374879,25.0536436048562 121.574127568787,25.0535754158897 121.574182694058,25.0535104638148 121.574242499963,25.0534490440479 121.574242499963,25.0534490440479 121.574254991974,25.0534372141781 121.574254991974,25.0534372141781 121.574320726358,25.0533798227832 121.574390590083,25.0533266330512 121.574464260163,25.0532778908789 121.574605107521,25.053353262718 121.574605107521,25.053353262718 121.574658996289,25.0533258701854 121.574658996289,25.0533258701854 121.574661467853,25.0533271974349 121.574703853579,25.0533074426243 121.574747595168,25.053289424834 121.574773468597,25.0532795224668 121.57481348817,25.0532653540834 121.5748456671,25.0532549423136 121.574875599435,25.053246019359 121.574909042987,25.053237420096 121.574934064931,25.0532309865267 121.574958895722,25.0532261659439 121.57499313207,25.0532195193843 121.575013894626,25.0532161068017 121.575016244526,25.0532164316727 121.575109790579,25.0532665450755 121.575109790579,25.0532665450755 121.575107199017,25.0532650368419 121.575104728959,25.0532633679818 121.575102392382,25.053261546587 121.575100200616,25.0532595814887 121.575098164287,25.0532574822152 121.575096293269,25.0532552589451 121.575094596634,25.0532529224583 121.575093082609,25.0532504840838 121.575091758534,25.0532479556444 121.575090630829,25.0532453493997 121.575089704963,25.0532426779866 121.575088985424,25.0532399543578 121.575088475702,25.0532371917193 121.575088178267,25.0532344034664 121.575088094562,25.0532316031183 121.575088224993,25.053228804253 121.575088568927,25.0532260204413 121.575089124697,25.053223265181 121.575089889608,25.0532205518314 121.57509085995,25.0532178935488 121.575092031021,25.0532153032222 121.57509339714,25.0532127934113 121.575094951684,25.0532103762854 121.575096687116,25.0532080635642 121.575098595021,25.0532058664615 121.575100666149,25.0532037956303 121.575102890456,25.0532018611114 121.575105257159,25.0532000722845 121.575107754781,25.0531984378232 121.575110371213,25.0531969656523 121.575113093769,25.0531956629101 121.575115909247,25.0531945359129 121.575118803997,25.0531935901254 121.575121763982,25.0531928301332 121.575778324275,25.0530459826125 121.575778324123,25.053045982494 121.575778324123,25.053045982494 121.575831357437,25.05303578057 121.575885032492,25.0530289062807 121.575939097965,25.0530253918134 121.575993300708,25.0530252536236 121.575993300708,25.0530252536236 121.575996989447,25.05302578124 121.57600062966,25.053026538525 121.576004204138,25.0530275218979 121.576007695978,25.0530287267092 121.57601108867,25.0530301472622 121.576014366174,25.0530317768403 121.576017512992,25.0530336077383 121.576020514245,25.0530356312995 121.576023355742,25.0530378379558 121.57602602405,25.0530402172739 121.57602850655,25.0530427580036 121.576030791505,25.0530454481318 121.576032868112,25.0530482749391 121.576034726552,25.0530512250595 121.576036358037,25.0530542845443 121.576037754854,25.0530574389274 121.576038910397,25.0530606732943 121.576039819204,25.0530639723521 121.576040476977,25.0530673205021 121.576040880607,25.0530707019134 121.576041028184,25.0530741005979 121.576040919011,25.0530775004859 121.576040553603,25.0530808855019 121.57603993369,25.0530842396408 121.576039062201,25.0530875470433 121.576037943258,25.0530907920714 121.576036582151,25.0530939593817 121.576034985315,25.0530970339985 121.576134895629,25.0529202970932 121.576134895629,25.0529202970932 121.576138061348,25.0529165475897 121.57614149097,25.0529129958999 121.576145169639,25.0529096574087 121.57614908142,25.0529065465774 121.576153209369,25.0529036768814 121.576157535605,25.0529010607513 121.576162041387,25.0528987095194 121.576166707197,25.0528966333706 121.576171512826,25.0528948412981 121.576176437455,25.0528933410648 121.576181459753,25.0528921391691 121.576186557966,25.0528912408174 121.576191710008,25.052890649901 121.576196893563,25.0528903689796 121.576202086177,25.0528903992701 121.576207265358,25.0528907406413 121.576212408669,25.0528913916145 121.576257947334,25.0529016784236 121.576322325314,25.0529159637589 121.576485833659,25.0529519739777 121.576516182774,25.0529588077597 121.576689515125,25.0529974248314 121.576733564822,25.0530071936492 121.576785559233,25.0530182767778 121.576824451191,25.053027162795 121.576900433863,25.0530433528627 121.576988981967,25.0530634573813 121.577139076891,25.0530979107648 121.577743942751,25.0532335989014 121.577949400354,25.0532750778022 121.578887065919,25.0534696635143 121.580715886617,25.0538467659292 121.580764705101,25.0538567586527 121.580962873974,25.0538969166776 121.580995007859,25.0539038238076 121.581046970588,25.0539143367911 121.581097186572,25.0539328474167 121.58117623865,25.0539859016894 121.581210578376,25.0540255176749 121.581266058066,25.0541050630918 121.58133967066,25.0542173543544 121.581436481161,25.0543561783809 121.581497318497,25.0544011705718 121.581607080438,25.054438667491 121.581956657463,25.0545581201022 121.582361566077,25.0546960609804 121.582386174938,25.0547044508207 121.582605937578,25.0547814916674 121.582660290741,25.054804877678 121.582761105049,25.0548489270603 121.582915525489,25.0549176381701 121.582996400365,25.0549535682091 121.583211994633,25.0550501611288 121.5832120217,25.0550501731576 121.583540083844,25.0551959658508 121.583620145454,25.0552317001228 121.583759320865,25.0552935456174 121.583979205442,25.0553917186381 121.584733963939,25.0557273536191 121.585032062175,25.0558598393766 121.585208768231,25.0559354660049 121.585358345758,25.0560064506111 121.585650699551,25.0561457468071 121.585817402889,25.0562248608405 121.585982783956,25.0563030680712 121.586248133445,25.056428196329 121.586531161743,25.0565630857862 121.587059552061,25.0568128975432 121.587159376826,25.0568649285524 121.587271484748,25.0569238715153 121.587276770912,25.0569266944342 121.587965529342,25.0572892965353 121.588114460359,25.0573902809297 121.588149281308,25.0574137693235 121.588184421533,25.0574376988167 121.588186966539,25.0574393228061 121.588196890088,25.0574460725633 121.588208553314,25.0574539168461 121.588233513529,25.0574713503709 121.588533154116,25.0576760920277 121.58856105756,25.0576954999929 121.588880669765,25.0579146517224 121.588954892035,25.057965943408 121.589181561126,25.0581317915456 121.589777961339,25.0585652600985 121.59016255934,25.058849224718 121.590530962271,25.0591204058607 121.590561804579,25.0591428171029 121.590833458868,25.0593362448305 121.591008772233,25.0594668956031 121.591201180159,25.0596072825147 121.591316098403,25.0596912187103 121.591526491096,25.0598450123744 121.591762580976,25.0600187184039 121.591764182417,25.0600158873929 121.592030374331,25.0602102272583 121.592091937514,25.0602584260465 121.592091937514,25.0602584260465 121.592277401005,25.0603810668131 121.592277401005,25.0603810668131 121.592441704081,25.0604780443181 121.592611013141,25.0605675934487 121.59278492373,25.0606495002799 121.59278492373,25.0606495002799 121.593000322709,25.0607378545717 121.593221055268,25.0608145133705 121.593221055268,25.0608145133705 121.593422522263,25.0608731559237 121.593422522263,25.0608731559237 121.593516154377,25.0608967415714 121.593516154377,25.0608967415714 121.593759737275,25.0609480510551 121.594043445031,25.0609897993578 121.594043445031,25.0609897993578 121.594112986817,25.060997078471 121.594112986817,25.060997078471 121.594353160695,25.0610139806243 121.594594017597,25.0610175989055 121.59483467276,25.0610079200246 121.595123252966,25.0609789846283 121.595123252966,25.0609789846283 121.595307003171,25.0609503058376 121.595489108744,25.0609139510111 121.595489108744,25.0609139510111 121.595582811822,25.0608920388113 121.595582811822,25.0608920388113 121.595766075252,25.0608427716284 121.595766075252,25.0608427716284 121.595900339988,25.0608010903372 121.595900339988,25.0608010903372 121.596050106695,25.0607487519363 121.596050106695,25.0607487519363 121.596189059385,25.0606944803249 121.596459973778,25.0605831154664 121.596459973865,25.0605831156209 121.596699224305,25.0604867827279 121.596787807978,25.0604511092424 121.596891852956,25.0604092164671 121.597040481386,25.0603493592315 121.597526331906,25.060154160885 121.597526331906,25.060154160885 121.597724967561,25.0600901978031 121.597926425678,25.0600340345341 121.597926425678,25.0600340345341 121.598190630732,25.0599731405369 121.59845813746,25.0599256909398 121.598728121992,25.0598918318769 121.598728121992,25.0598918318769 121.598859122377,25.059880375498 121.598859122377,25.059880375498 121.599029319625,25.0598702681574 121.599029319625,25.0598702681574 121.599142308605,25.0598665993838 121.599472319267,25.0598692308379 121.599493166917,25.0598700765609 121.599514005052,25.0598710035712 121.599741898431,25.0598816121069 121.599871766401,25.0598876689628 121.600133990552,25.0598998715856 121.600586664668,25.059920945513 121.600788277376,25.0599303496675 121.600822062823,25.0599319102395 121.601120214133,25.059945816492 121.601687529458,25.0599722550325 121.601720789633,25.0599738175279 121.601720789633,25.0599738175279 121.601921479243,25.0599866817234 121.602121486353,25.060006490692 121.602764127913,25.0600814701057 121.602934689465,25.0600991225619 121.604396224979,25.0602705179784 121.604732218581,25.060310597566 121.60483301502,25.0603242977968 121.605662422759,25.0604644351616 121.60618755717,25.0605530868449 121.60618755717,25.0605530868449 121.606273403482,25.0605706110456 121.606357823784,25.0605931620639 121.60784125435,25.0610318788962 121.60846010796,25.0612174333585 121.60846010796,25.0612174333585 121.608526628763,25.0612369123242 121.608591795772,25.0612598763056 121.608655389133,25.0612862478301 121.608655389133,25.0612862478301 121.608735900994,25.0613239016803 121.608735900994,25.0613239016803 121.608812623068,25.0613696463334 121.608886936801,25.0614185786026 121.609045441402,25.0615310040145 121.609616474526,25.0619385129538 121.609616474526,25.0619385129538 121.60973681602,25.0620347933147 121.609850267864,25.0621377802606 121.609956380391,25.0622470656194 121.610185967869,25.0625086468839 121.610679234532,25.0630683758189 121.610783961528,25.0631885768714 121.611011461548,25.0634502464406 121.611117610827,25.0635713080747 121.611124799952,25.0635799453411 121.611182346233,25.0636457392544 121.611352047552,25.0638363614566 121.611375250449,25.0638642706943 121.611373158049,25.0638680708858 121.611415362492,25.0639181018379 121.61149559349,25.0640131971173 121.61147391073,25.0640605482151 121.611453941735,25.0641084601137 121.611590278136,25.0642724516435 121.611592643782,25.064275297713 121.611592520948,25.0642753758735 121.611520924755,25.0643238818681 121.611448970655,25.0643726302692 121.611495620919,25.0644307883619 121.61153634745,25.0644815613793 121.611590064309,25.0645485291175 121.611656896912,25.0645040538622 121.611675467246,25.0644906764486 121.611719582603,25.0645287464394 121.611745133159,25.0645038960946 121.611799312133,25.0645488167156 121.611814268676,25.0645351530738 121.611814268676,25.0645351530738 121.611919298907,25.0646406928073 121.612031048397,25.0647403432673 121.612149119853,25.0648337501623 121.612273093501,25.0649205813979 121.612273093501,25.0649205813979 121.612391756305,25.064994274863 121.612391756305,25.064994274863 121.612402869753,25.0650007381925 121.612402869753,25.0650007381925 121.612509374507,25.0650591883242 121.612509374507,25.0650591883242 121.612614478389,25.0651109724874 121.612614478389,25.0651109724874 121.61272820819,25.0651608801209 121.612844446293,25.0652057380068 121.612844446293,25.0652057380068 121.612894419089,25.0652232175272 121.612989713386,25.0652536456237 121.613400564324,25.0653012054498 121.613982180042,25.0653681179265 121.613982182582,25.0653681182178 121.613982182582,25.0653681182178 121.614079838153,25.0653605729744 121.61417711451,25.0653496984371 121.61417711451,25.0653496984371 121.614298630389,25.0653313564678 121.614298630389,25.0653313564678 121.614465188341,25.0652973863754 121.614628968064,25.0652536217972 121.615323376431,25.0650455128425 121.615842240936,25.0648899313499 121.615996612458,25.0648436455826 121.615996612458,25.0648436455826 121.616066935264,25.0648243416849 121.616138275374,25.0648084332569 121.616210435323,25.0647959643325</coordinates></LineString></MultiGeometry>
  </Placemark>
  <Placemark>
	<name>基隆河</name>
	<Style><LineStyle><color>ff0000ff</color></LineStyle><PolyStyle><fill>0</fill></PolyStyle></Style>
	<ExtendedData><SchemaData schemaUrl="#riverlineok">
		<SimpleData name="RIVER">基隆河</SimpleData>
		<SimpleData name="RIVERCODE">114030</SimpleData>
	</SchemaData></ExtendedData>
      <MultiGeometry><LineString><coordinates>121.466868340685,25.1098426205986 121.466883271805,25.1098421944102 121.466911349935,25.1098389100716 121.467118765223,25.1098031467297 121.467118765647,25.1098031466566 121.467140654564,25.1097994665524 121.467269473075,25.1097776551672 121.467303610018,25.1097718870032 121.467355988767,25.1097628022119 121.467403809835,25.1097546255457 121.467425966565,25.109750863231 121.467481367629,25.1097412813538 121.467560629166,25.1097274893748 121.467615307794,25.1097182798759 121.467775567762,25.1096911597139 121.467845485812,25.109679175583 121.467945596543,25.1096619952944 121.467949223229,25.109661369942 121.468143499544,25.1096281203215 121.468209314864,25.1096167538527 121.468393870019,25.1095850964536 121.46890920609,25.1094964734452 121.468951112163,25.1094895428023 121.468982395423,25.1094843339883 121.469074510556,25.1094896490556 121.469182028987,25.1094961612022 121.46923293694,25.1094992682777 121.469335624818,25.1095053261392 121.469397819306,25.109509146764 121.469506000474,25.1095152322589 121.469538649871,25.1095172414467 121.469576119093,25.1095194881502 121.469576119532,25.1095194881762 121.469594317931,25.1095205229146 121.469628017995,25.1095146472641 121.469647856381,25.1095114065608 121.469749770572,25.1094940297562 121.469858170403,25.1094769031746 121.469927293215,25.109467078291 121.469997875056,25.1094576369573 121.470055368625,25.1094508281301 121.47010168179,25.1094451290634 121.470167075352,25.1094376361016 121.470250948513,25.109429407404 121.470355807082,25.1094197127499 121.470425105427,25.1094143198526 121.470490451278,25.1094100318868 121.470568826117,25.1094055309568 121.470648163327,25.1094012978016 121.470727029226,25.1093982758593 121.470895139647,25.1093940767268 121.470936654436,25.1093937553008 121.471101777479,25.1093939981956 121.471245326668,25.1093973970613 121.471329021385,25.1093995505839 121.471480658113,25.1094072118406 121.471543517336,25.1094109843481 121.472092906438,25.1094429831545 121.472579439196,25.1094716051784 121.472701238368,25.1094838833248 121.472797355075,25.1094932098325 121.472880479917,25.1095018554643 121.472970544392,25.1094895699473 121.473034613864,25.1094807347661 121.473204228461,25.1094577318134 121.473311150722,25.1094432797314 121.47343115449,25.1094270433949 121.47345194553,25.1094240338708 121.473492190879,25.1094184975697 121.473523595524,25.1094216925278 121.473580492353,25.1094273429531 121.473647485785,25.1094336833495 121.473666817523,25.1094353730429 121.473689019594,25.1094382994369 121.473976990619,25.1094656460988 121.474142739258,25.1094815382448 121.474340533282,25.1094996298576 121.475004462974,25.1095304840812 121.475185888508,25.1095387683633 121.47530877119,25.1095439809581 121.475415649542,25.1095489919747 121.475522180584,25.1095539318045 121.47559997103,25.1095574289708 121.47569480917,25.1095617019903 121.475858431181,25.1095686071015 121.47610305018,25.1095799917239 121.476246582099,25.109586536588 121.476318733622,25.1095892610695 121.476408535307,25.1095926519817 121.476538053299,25.1095983207245 121.476660928159,25.1096040468212 121.476915066818,25.1096156071468 121.477133997694,25.1096251316522 121.477164642213,25.1096266039261 121.477169907823,25.1096267314309 121.477385202958,25.109687776298 121.477595432945,25.1097473846287 121.477789871181,25.1098023981191 121.478056144663,25.109877131767 121.478229308462,25.1099254783381 121.478249703817,25.1099329148676 121.478558443973,25.1100198790602 121.478613680654,25.1100353211879 121.478679146918,25.1100533807563 121.478749932131,25.1100733479763 121.479056312713,25.1101590520668 121.479089861131,25.1101684365471 121.47912520686,25.1101783237787 121.479611003619,25.110314566432 121.479884180253,25.1104247997927 121.479969127339,25.1104605377282 121.480009002502,25.1104770022007 121.480082289219,25.1105077221108 121.480684047578,25.1107598217921 121.480801101479,25.1108081756729 121.480848642741,25.1108274679206 121.481201602232,25.1109731459887 121.481277073196,25.1110044360057 121.481312399581,25.1110189106598 121.481561264091,25.1111108748172 121.481569972823,25.1111141327427 121.481921311687,25.1112430944033 121.482138929211,25.1113239733859 121.482451033886,25.1114379574275 121.48274963054,25.1115510458656 121.483026361072,25.1116533532215 121.483275963131,25.1117456370699 121.483395603824,25.1117896627215 121.483517471451,25.1118346516511 121.483749446222,25.1119198871032 121.483762673274,25.1119248183997 121.483871814454,25.1119650252625 121.484215492762,25.1120913341155 121.484655856026,25.1122544855727 121.484889800294,25.1123408954547 121.485366510692,25.1125177026931 121.485383499472,25.1125235333611 121.48594006844,25.112729436469 121.486034862366,25.1127644705322 121.486072334741,25.1127772307046 121.486230345173,25.1128307544587 121.486329587381,25.1128622618352 121.486393629796,25.1128814891265 121.486469750267,25.1129033942034 121.486563465345,25.112928834663 121.486658139128,25.1129534774491 121.486727815143,25.1129705464617 121.486825239807,25.1129937356231 121.486902751986,25.1130114830102 121.486961778472,25.113023522154 121.487043519071,25.113039847206 121.4871498151,25.1130596937244 121.48724317763,25.1130761790984 121.487333924073,25.1130905785076 121.487434038499,25.1131043692706 121.487547331086,25.1131206896241 121.487618906619,25.113129121167 121.487695002894,25.1131373391892 121.487764330815,25.1131440898119 121.487827754689,25.1131497854919 121.487961327596,25.1131592497201 121.488055340589,25.1131647001819 121.488129953444,25.1131689053877 121.48817588177,25.1131710473001 121.488272669447,25.1131735634055 121.4882803349,25.113173709695 121.488401114677,25.113175216818 121.488421194805,25.1131754034589 121.488526021768,25.113174823385 121.488597550296,25.1131739015663 121.488611628892,25.1131734579394 121.488682548257,25.1131714547231 121.48874407764,25.113169509509 121.488778568213,25.1131679242468 121.488837574539,25.113164858806 121.488970403083,25.1131566838018 121.489081005402,25.1131472458453 121.489178390227,25.1131378604419 121.48927278695,25.1131276091167 121.489314997988,25.1131225585711 121.48933253112,25.113120595794 121.489354234518,25.1131175629717 121.489399041209,25.1131119440986 121.489577960132,25.113084386705 121.489617092411,25.1130781184279 121.489656263234,25.1130715701441 121.489731412796,25.1130586736775 121.489770998298,25.1130516816203 121.489814892982,25.1130436461227 121.489873339325,25.1130319603492 121.489939361843,25.1130179293157 121.489993423738,25.113005824638 121.490046815369,25.112993800604 121.490206410739,25.1129578588856 121.490357979387,25.112917300327 121.490491943321,25.112878172114 121.49060423864,25.1128433405992 121.490679474623,25.1128198625143 121.49076645849,25.1127908654921 121.490918438647,25.1127367539269 121.491027751429,25.1126950616346 121.491141659762,25.1126495712948 121.491257538347,25.112600878418 121.491439670683,25.1125192392589 121.491567459202,25.1124585084122 121.491696907638,25.1123938537774 121.49178415111,25.1123480286301 121.491787129214,25.1123464643613 121.491877580122,25.1122969344778 121.491963156124,25.1122483235182 121.492052865116,25.1121967917665 121.492129367103,25.1121503956063 121.492219650421,25.1120937519833 121.492308237161,25.1120368792101 121.492373566522,25.1119935805141 121.492436472333,25.1119517433685 121.492485704325,25.1119173004225 121.4927458268,25.1117380964943 121.492806589172,25.1116959051864 121.492933156747,25.1116080299414 121.493081380802,25.1115055654988 121.493138137536,25.1114659693929 121.493274362791,25.1113719027512 121.493433349587,25.1112621184079 121.493520366873,25.1112023701975 121.493549022354,25.1111824763482 121.493556517096,25.111177179031 121.493888941621,25.1109488366219 121.49406775581,25.1108247284298 121.494202880304,25.1107298539603 121.494278336738,25.1106729244734 121.494341082815,25.1106237472623 121.494349109796,25.1106176717208 121.494406177925,25.1105694162147 121.494468356977,25.1105198074954 121.494529588389,25.1104614086077 121.494538615933,25.1104526483937 121.494578146287,25.1104149779959 121.494607091243,25.1103857931336 121.49463689236,25.1103599277254 121.4946687503,25.1103277448557 121.494669275304,25.1103251520592 121.49469753235,25.110295048615 121.494732118827,25.1102559231006 121.494772125597,25.1102085459278 121.49481799491,25.1101519405889 121.494861646195,25.1100961009927 121.494898607715,25.1100459894268 121.494934896772,25.1099938668452 121.494970869771,25.1099395966379 121.495005023841,25.1098867047548 121.495037048484,25.1098344158226 121.495037048484,25.1098344158226 121.495111767438,25.1097008886909 121.495179198852,25.109564183604 121.495202676886,25.1095120585957 121.495221666943,25.1094682453333 121.495241524028,25.109420601287 121.495258860626,25.109374933767 121.495258860626,25.109374933767 121.495307475969,25.1092316428191 121.495346469015,25.1090859336922 121.495374789792,25.1089610265343 121.495387198756,25.1088933199745 121.495399095014,25.1088140321597 121.49540722913,25.1087509261191 121.495414126214,25.1086908756854 121.495414297796,25.1086867041609 121.49542015119,25.1086260162229 121.49542077193,25.1086151985477 121.495569733811,25.1080822364513 121.495600503937,25.1076869404623 121.495713341,25.1062411839561 121.49573619986,25.1059496283762 121.495778705362,25.1053838707746 121.495783624562,25.1053202608384 121.49579835847,25.1051309387876 121.49581725963,25.1049226800331 121.495831827166,25.1047314626384 121.495834753365,25.104692433677 121.495837048136,25.1046615591444 121.495841075292,25.1046078739967 121.495847675145,25.1045184743579 121.495853510339,25.1044435311629 121.495862956458,25.1043223342838 121.495871832242,25.1042072332349 121.495879986373,25.1041000431593 121.495890648785,25.1039620716186 121.495895817438,25.1038951891759 121.495912102036,25.1036798792015 121.495917467415,25.1036113835872 121.495924478928,25.103538034411 121.495930998452,25.1034557852325 121.495940536786,25.1033304441559 121.495941781215,25.1033120318229 121.495956301096,25.1031213742772 121.495958025917,25.1030942392511 121.495959276899,25.1030848278509 121.4959643773,25.1030170192471 121.495977662978,25.1028448642739 121.495982529439,25.1027805141882 121.496006854936,25.1024570935898 121.496011833146,25.1023884999485 121.49602841152,25.1021625358535 121.496045614193,25.1019414177195 121.496062488271,25.1017224222663 121.496073760482,25.1015992962535 121.496077959149,25.1015439312905 121.496079581767,25.101523423182 121.496088290985,25.1014064448064 121.496098159481,25.101276994826 121.496107430287,25.1011542275929 121.49611708852,25.101029193023 121.496126065087,25.1009096858934 121.496133056107,25.1007969112932 121.49613890954,25.100724107638 121.496143249233,25.1006643906792 121.496153425998,25.1005351924393 121.496162388668,25.1004220862266 121.496185121684,25.1001366698671 121.496184729584,25.1001009201293 121.496184838784,25.0998527478917 121.496184067199,25.099595144285 121.496184933349,25.099485441631 121.496185130887,25.0993304294606 121.496185387262,25.0991629674176 121.496185505933,25.0990523012571 121.496185490269,25.0989353700815 121.496185629752,25.098893759359 121.496186013006,25.0988658794762 121.496187803464,25.0988353767532 121.496189583645,25.0987924966166 121.496191333883,25.0987667698625 121.496195477081,25.0987148898877 121.496205251911,25.0986335596495 121.496209318464,25.0985995464292 121.49621693752,25.0985515549407 121.496231997948,25.0984705139712 121.496240675521,25.0984268614293 121.496251067343,25.0983805127934 121.496256431865,25.0983585837814 121.49626233571,25.0983351723667 121.496263322743,25.0983316210423 121.496288704926,25.0982040872129 121.496303662779,25.0981197603681 121.496311005391,25.0980794436349 121.496334814292,25.0979551651556 121.49634989918,25.0978753067596 121.49636685442,25.0977847619271 121.496372210413,25.0977582737747 121.496378986648,25.0977446819484 121.496399740053,25.0977084190655 121.496420978263,25.0976719108019 121.496443401011,25.0976341165866 121.496465809344,25.0975976675968 121.496473267025,25.0975858790928 121.496487953367,25.0975620590948 121.496517691588,25.0975165575174 121.496534797377,25.0974928196968 121.496568767966,25.0974445955285 121.496574367199,25.0974366230767 121.496585639618,25.0974218064306 121.496606406722,25.0973938763599 121.496637781126,25.0973533798464 121.496672338842,25.0973106246843 121.49671397769,25.0972610567145 121.496767075218,25.0972010771347 121.496785477438,25.0971816864609 121.4968134546,25.0971518814658 121.496835789468,25.0971292004301 121.496855655695,25.0971089923262 121.49689199994,25.0970741126137 121.496955267082,25.0970159857638 121.496983984214,25.0969902137944 121.497043099358,25.0969400003576 121.497084860205,25.0969059691425 121.497128297421,25.0968721489691 121.497196162383,25.0968208227837 121.497202324677,25.0968172631356 121.497229452142,25.0967980417804 121.497240386829,25.0967904576818 121.497248495263,25.0967851671516 121.497261236596,25.0967756811058 121.497286600875,25.096759309484 121.497306395726,25.0967459989828 121.497318725871,25.0967378053212 121.497378793003,25.0966999660115 121.497426682006,25.0966711413916 121.497447562804,25.0966591453239 121.497507909045,25.0966241488618 121.497538469476,25.0966080396403 121.497559789621,25.0965968184953 121.497583118049,25.0965845253016 121.49763945391,25.0965556722806 121.497693187625,25.0965281460642 121.497886008735,25.0964291926349 121.498063212417,25.0963370985406 121.498150854482,25.0962927744814 121.498250546794,25.0962421805447 121.498474930569,25.0961276191902 121.498589236423,25.0960696993187 121.498694911502,25.0960153925084 121.498836967898,25.0959429252554 121.499157782146,25.0957782218303 121.499368796385,25.0956701682023 121.499636115824,25.0955333599178 121.499767928245,25.0954629937047 121.499785162455,25.095454006907 121.499906536787,25.0953914127731 121.500040449561,25.095320759374 121.500346857639,25.0951639924727 121.500424322012,25.0951260029833 121.500441705095,25.0951170788043 121.500652886471,25.0950092394766 121.50108910137,25.0947845753759 121.501440358919,25.0946035227774 121.501781700955,25.0944272697009 121.502090173267,25.0942696797268 121.502417973344,25.0941013705705 121.50243100302,25.0940946818028 121.502647431977,25.0939835808243 121.502465270244,25.094008221528 121.502153233678,25.0940501389726 121.502012283516,25.0940695478064 121.501869063467,25.0940890815501 121.501591835388,25.0941261764487 121.501311089994,25.0941638605114 121.50103078897,25.094201154338 121.500582765299,25.094261872682 121.500296653422,25.094301441745 121.500277955655,25.0943039875115 121.500185598078,25.094316974308 121.499686447431,25.0943853917161 121.499097038108,25.094463834336 121.498472261726,25.0945490742186 121.498373052962,25.0945620557838 121.498367162494,25.0945628260926 121.49831665101,25.0945694315749 121.49831665101,25.0945694315749 121.49831377299,25.0945696787807 121.498310884404,25.0945697816771 121.498307993971,25.0945697399533 121.498307993971,25.0945697399533 121.498305864027,25.0945697894626 121.498292651585,25.0945698642997 121.498292651585,25.0945698642997 121.498268288084,25.0945689447152 121.49824403061,25.0945666818983 121.49824403061,25.0945666818983 121.498233432219,25.0945652569765 121.498233432219,25.0945652569765 121.498213268344,25.0945618231881 121.49819333542,25.0945574107341 121.49819333542,25.0945574107341 121.498182982724,25.0945547322989 121.498182982724,25.0945547322989 121.498165186409,25.0945494795415 121.498147684136,25.0945434630524 121.498130515408,25.0945366964101 121.498130515408,25.0945366964101 121.498124626073,25.0945341733178 121.498120307648,25.0945322544151 121.498120307648,25.0945322544151 121.498097317861,25.0945210443749 121.498075188925,25.0945084796528 121.498054016967,25.0944946148288 121.498033893955,25.0944795101304 121.498014907302,25.094463231171 121.497997139482,25.0944458486647 121.497980667677,25.0944274381195 121.497980667677,25.0944274381195 121.497968435375,25.0944120295269 121.497957113326,25.0943960544355 121.497957113326,25.0943960544355 121.497946805292,25.0943796844243 121.497937457792,25.0943628430236 121.497937457792,25.0943628430236 121.497928031699,25.094343270843 121.497919897975,25.0943232236888 121.497919897975,25.0943232236888 121.497915353765,25.0943101121583 121.497915182595,25.0943094627134 121.497915182595,25.0943094627134 121.49790947984,25.0942896699889 121.49790501523,25.0942696152948 121.497901803051,25.0942493628026 121.497901803051,25.0942493628026 121.49796512122,25.094172865091 121.498031882779,25.094098834871 121.498069092848,25.0940601692119 121.498124332662,25.0940767939719 121.498206948492,25.0941014791065 121.498510876777,25.0941916594777 121.4998800401,25.0940042073588 121.500318454086,25.0939429276996 121.500340262348,25.093939766559 121.500600901373,25.093904463362 121.500629795443,25.0939006101936 121.500955665152,25.0938569158561 121.501281187993,25.0938133122579 121.501492719773,25.0937848632027 121.501661611329,25.0937614512405 121.501979806325,25.0937176632484 121.502578013526,25.0936367147708 121.502667944919,25.0936246014057 121.502727417132,25.0936166357688 121.503028175809,25.0935761186045 121.503717699877,25.0934828485949 121.504426638986,25.0933857807985 121.504687333461,25.0933500910811 121.504726897851,25.0933445486865 121.504993644846,25.0933076822518 121.505186515105,25.0932813227786 121.505344556422,25.0932596589136 121.505661501321,25.0932163096852 121.5062505457,25.0931360638128 121.506601446958,25.0930881910241 121.506618335157,25.0930868694291 121.507259588682,25.0930000855289 121.507973585495,25.0928807835974 121.508096700233,25.0928475541086 121.508212042563,25.0928167977422 121.508411499992,25.0927630385079 121.508500796505,25.0927271529644 121.508570783534,25.0926992330964 121.508570742397,25.092700311741 121.508774494803,25.09261935873 121.50894356741,25.0925517907709 121.508974656395,25.0925394420957 121.508986801393,25.0925347148769 121.509625998909,25.0921848778421 121.510113874529,25.0918109389762 121.510197091446,25.0917365326203 121.510499117746,25.0914656726613 121.510502468371,25.0914608221027 121.510581927361,25.0913672890178 121.510930267775,25.090947911008 121.511312006984,25.090309351676 121.511513738611,25.0897975969754 121.511539480528,25.0897321722912 121.511567376788,25.0896174109547 121.511575854141,25.0895818924938 121.511618163853,25.089407243588 121.5116494532,25.0892788291614 121.511654554665,25.0892587602882 121.511689695555,25.0891148765615 121.511693504588,25.08909870323 121.51170294684,25.0890592181222 121.511705494994,25.0890473735709 121.511707822869,25.0890350061528 121.511740381346,25.0888613839175 121.511836335648,25.0883582541648 121.511836361283,25.0883581361764 121.511835184283,25.0883579240989 121.511852824619,25.0882706613795 121.512301129517,25.0859457199864 121.51236060742,25.0856472912011 121.512366094809,25.0856199714437 121.51256965399,25.0845905857752 121.512640090485,25.0842268462066 121.512756492903,25.083693698964 121.512889554307,25.0832356435045 121.51292058169,25.0831282920819 121.512965592775,25.0830009764418 121.512972961335,25.0829802857685 121.51305014859,25.0827620637922 121.513306725435,25.0821539138741 121.513510505603,25.0817461702705 121.513735931696,25.081347189914 121.513945396839,25.081014837326 121.513998268959,25.0809377894033 121.514126755667,25.0807509422056 121.514315637677,25.0804846554438 121.514407883016,25.0803646508824 121.514487774508,25.0802655168024 121.514527217803,25.080217892519 121.514592906507,25.0801407728674 121.514657703622,25.0800661841329 121.514754097651,25.0799593910652 121.514825578716,25.0798830908302 121.514961374783,25.0797450231995 121.515025786179,25.0796825964281 121.515108004761,25.0796044170749 121.515164452749,25.0795507209231 121.515151191117,25.0795512273985 121.515239732693,25.0794609012926 121.515284131842,25.0794156069598 121.515341718381,25.079356869136 121.51542128718,25.0792757014989 121.515513115746,25.0791821047527 121.515568355887,25.0791430651704 121.515583784974,25.0791323043047 121.515595095123,25.0791227043089 121.515697495456,25.0790373494445 121.515733586536,25.0790084696973 121.515966095614,25.0788241032567 121.516142697006,25.0786922213592 121.516639727182,25.0783462615327 121.516983170188,25.0781079168189 121.517122639102,25.0780145774575 121.517211627938,25.0779581580509 121.517297696599,25.077905098174 121.517416815909,25.0778358169942 121.517518468952,25.0777784053097 121.517518465916,25.0777776830762 121.517664564246,25.0777004893365 121.51799676523,25.0775358774883 121.518105606363,25.0774859606856 121.518166803072,25.0774588254091 121.518197061403,25.0774457284072 121.518304329309,25.0774012518409 121.51843834286,25.0773499287977 121.519052911027,25.077122458832 121.519797932065,25.0768476647865 121.519657300425,25.0767501847673 121.520032228781,25.0766123423905 121.52038195624,25.0764770063645 121.520746652332,25.0763286458288 121.520814173337,25.0763022102334 121.520928797769,25.0762548457754 121.521019847865,25.076217736983 121.521341912117,25.0760865119293 121.521390471404,25.0760670573835 121.521509189714,25.0760164082541 121.521536865575,25.076004601634 121.521785126757,25.075898678749 121.521925326398,25.0758388715578 121.521620008731,25.075331972584 121.521612172969,25.0753197160636 121.521612172969,25.0753197160636 121.521602488457,25.0752939629297 121.521594706409,25.075267680099 121.521588861299,25.0752409840065 121.52158497902,25.0752139929179 121.52158307677,25.0751868264057 121.521583162973,25.0751596048193 121.521585237248,25.0751324487522 121.521589290403,25.0751054785075 121.521595304481,25.0750788135649 121.521634854118,25.0750339315707 121.521672499433,25.0749958002787 121.521691409864,25.0749764047624 121.521829339452,25.0748349559603 121.522162372691,25.0744934182957 121.522521058606,25.0745608415164 121.522284838376,25.0748023602302 121.522346692462,25.0748031421209 121.522508557871,25.0748269125554 121.522812905853,25.0749215113066 121.523028269921,25.0749190655618 121.523417052338,25.0747221734204 121.52339873487,25.0746210094458 121.523649310402,25.0742712430762 121.523904366595,25.0742235191913 121.524089106829,25.0742291213708 121.524245897502,25.0742961429721 121.524275854837,25.0742336443245 121.524353878057,25.0740966299083 121.524346902032,25.0740715926871 121.524437152798,25.073908400282 121.524518956046,25.073742570507 121.524503999716,25.0736674929217 121.524849787489,25.0731789366261 121.524888783426,25.0731231769321 121.5250562613,25.0728852552869 121.525078945094,25.0728536671582 121.5250888518,25.072840694921 121.525099023865,25.0728271890897 121.525111014941,25.0728125392888 121.525125317641,25.0727960395876 121.525144250188,25.07277506365 121.525160512626,25.0727578799098 121.525176907926,25.0727416346131 121.525191197252,25.0727266516652 121.525208464363,25.072710294945 121.525221182732,25.0726988384917 121.525232437814,25.0726882629355 121.525251641547,25.0726727750789 121.525273705822,25.0726539908889 121.525296160753,25.0726361622846 121.525311961521,25.0726246226918 121.525325263797,25.072615276727 121.525351858545,25.0725966119127 121.525380914114,25.0725785432637 121.525400301381,25.072566584706 121.525418703155,25.0725559748132 121.525436274682,25.0725459275969 121.525480590389,25.0725220450172 121.525507731404,25.0725082895006 121.525531887879,25.0724966480814 121.52583208854,25.072355677327 121.526187194674,25.0721871834615 121.526927193918,25.0718926457019 121.527028051179,25.0718830971176 121.527638788508,25.0720070765324 121.527644548502,25.0719841519011 121.528039018014,25.0721615544453 121.528314064062,25.0722852484934 121.52841452933,25.0723298325302 121.5288882548,25.0725493777807 121.528908279797,25.072559047696 121.52918193065,25.072685521365 121.529418286729,25.0727947666016 121.52942416659,25.072797481093 121.529424166692,25.0727974811401 121.529927042789,25.0730295944124 121.529925373507,25.0730699154387 121.529978957274,25.0730710548086 121.530017848246,25.0730819398334 121.530084857216,25.0731602961063 121.530057847718,25.0731814446521 121.530168459488,25.0734252350696 121.530189953911,25.0734712871315 121.530191757629,25.0734736437898 121.530272469526,25.0735330802789 121.530345903082,25.0735616577232 121.530527185641,25.0735221606827 121.530689823728,25.0734538446622 121.530795296183,25.0734158082457 121.530953520616,25.0733448718141 121.531113635845,25.0733111799883 121.531236184097,25.0732853929661 121.531238356607,25.073284935818 121.531268134662,25.0734045179811 121.53133899001,25.0736890565847 121.531251702,25.0737884151413 121.531248621717,25.0738262939493 121.531270701975,25.0738835356651 121.531311985926,25.0740022476076 121.531346215036,25.0740647135642 121.53150047934,25.0741969751162 121.531553014749,25.0742044291331 121.531615935007,25.0742097172681 121.531668397338,25.0742144538484 121.531723466141,25.0742149518224 121.531757150966,25.0742143066091 121.531819538743,25.0742109903826 121.531846536916,25.0742084499305 121.531904071446,25.0741992854925 121.531956923135,25.0741877795296 121.531990518651,25.0741834984547 121.532082236219,25.0741694924966 121.532114220888,25.0741609602029 121.532200642033,25.07413584044 121.532249495056,25.074117730259 121.532309152609,25.0740991108553 121.532354585692,25.0740803483021 121.532392359179,25.0740712396365 121.532455213137,25.0740458889168 121.5325170739,25.074127717082 121.53262771066,25.0740553278482 121.532811690637,25.0740606170623 121.533083109477,25.0740613849948 121.533106616519,25.0740601088724 121.533222981138,25.0740558088588 121.533231288047,25.074055869217 121.533291179757,25.0740536238468 121.533513390274,25.0740446629158 121.533599707188,25.074041190289 121.533599838329,25.0740493899142 121.533760938285,25.0740451001947 121.533772911633,25.0740448675516 121.533802050428,25.0740439231616 121.533828693609,25.074043520395 121.53430576404,25.0740296702782 121.534357967039,25.0740282003846 121.534439853804,25.0740257388554 121.534522840252,25.0740231379005 121.534753238465,25.0740156649615 121.534753294277,25.074015663238 121.535006476237,25.0740078444891 121.535028846339,25.0740072673194 121.535301624021,25.0739991427086 121.535378475402,25.0739967349334 121.5357020939,25.0739862053134 121.535783940121,25.0739835536008 121.536175042191,25.0739728154727 121.536216620922,25.0739672213531 121.536264975534,25.0739607180396 121.536386521295,25.0739398303817 121.536404501097,25.0739349263829 121.536415533931,25.0739326927012 121.536436368063,25.0739276790756 121.536438923766,25.0739272816341 121.536487431999,25.073910503765 121.536498869702,25.073905641455 121.536534614633,25.0738897944471 121.536543746801,25.0738858703548 121.53655710097,25.073879502459 121.536583683,25.0738673539427 121.536673938674,25.0738200728371 121.536752766864,25.0737777352228 121.536760512033,25.0737739876652 121.537111932794,25.0735881112169 121.537496172018,25.0733861716026 121.537587976453,25.0733964960682 121.537611366615,25.0732229408083 121.538090061579,25.0732824094522 121.538449244566,25.0733241797837 121.538798865966,25.0733600073886 121.538803294303,25.0733604950031 121.538800830505,25.0733790555378 121.538814778561,25.0733909766133 121.539257475649,25.0734208089247 121.539590136775,25.0734405112255 121.540288797157,25.073456554114 121.54059564698,25.0734532257734 121.540932199941,25.0734477933193 121.541218244729,25.0734386798891 121.541511568205,25.0734328066027 121.541882374706,25.0734268579857 121.542606708226,25.0734171883545 121.542962065872,25.0734102196004 121.543347971496,25.0734028670387 121.54361724422,25.0733981709103 121.544024495561,25.0733872711533 121.544126054837,25.0733865467578 121.544808738769,25.0733735710285 121.545041345599,25.0733671288093 121.545363912305,25.0733609060951 121.545747338008,25.073353782149 121.546765829657,25.0733353366092 121.547164353349,25.0733274400956 121.547798972805,25.0733179764566 121.548250285561,25.0733082034519 121.548607787483,25.0733002198799 121.548975352384,25.0732929382431 121.549214808694,25.0732898493723 121.549262222027,25.0732892377174 121.549381466712,25.0732876993363 121.549384515817,25.0732876599984 121.549676701757,25.0732795271482 121.549920278728,25.0732776327773 121.550013862366,25.0732769048431 121.550015867823,25.0732426838292 121.550020322055,25.0732429003578 121.550091478313,25.0732417068025 121.550483674062,25.073230430422 121.550742056941,25.0732225926629 121.551034837779,25.0732173622618 121.551346171369,25.0732113852746 121.551701590114,25.0732041965449 121.552143781876,25.0731968738218 121.552428512215,25.0731909191073 121.552722727204,25.0731854384688 121.553011162435,25.073179380746 121.553342139432,25.0731727756846 121.553802194253,25.0731634945792 121.55416983335,25.0731560105949 121.55457071445,25.0731475709378 121.555009783649,25.073133733116 121.555455418522,25.0731097399904 121.556014299264,25.0730660808093 121.556475473,25.0730066675951 121.557023503273,25.072896066261 121.557220182232,25.0728514880555 121.557379399053,25.0728128281897 121.557563612462,25.072764874718 121.557745555713,25.0727147176843 121.557965956516,25.0726487071316 121.558104518322,25.0726063233328 121.558304082278,25.0725401829754 121.558489435197,25.0724770118675 121.558750491424,25.0723860111221 121.558859092331,25.072346872116 121.559142330542,25.0722468404121 121.559460302044,25.0721317178517 121.559781304387,25.0720162130387 121.559997568742,25.0719369890479 121.560281402788,25.0718354362356 121.560490904378,25.0717630452316 121.560494645363,25.07176198578 121.560508689154,25.0718041538157 121.56068260699,25.0717512691874 121.560716678473,25.0717392840018 121.56079476718,25.0717159875425 121.560980915156,25.0716621877365 121.561054823152,25.071642312731 121.561249221978,25.0715933198091 121.561399989742,25.0715541896235 121.561539056946,25.0715230657124 121.561744830678,25.0714767080251 121.561827959591,25.0714618220775 121.561946531948,25.0714392374562 121.562093655533,25.0714124400031 121.562176696537,25.0713981687141 121.562348191095,25.0713726290132 121.562467425918,25.071352096147 121.562471724526,25.0713540762978 121.562495929933,25.0713751533276 121.562654590973,25.0713558791928 121.562811922504,25.071339624744 121.563427964036,25.0712972068534 121.56381759679,25.0713003754639 121.564083399014,25.0712971683537 121.56418285998,25.0712959681576 121.564705694355,25.0713041888811 121.565292375027,25.0712817686104 121.56580149282,25.0713207272333 121.565948044661,25.0713228943664 121.566187193181,25.0713292032796 121.566468285777,25.0713311091557 121.566812923017,25.0713349649645 121.567221363163,25.0713456191104 121.567684079039,25.0713438503874 121.567907585137,25.0713429955229 121.568246738024,25.0713416976905 121.568398691887,25.0713411159592 121.568610207344,25.0713403059467 121.568675647263,25.0713400552791 121.568676735853,25.0713234302166 121.568675224822,25.071245046719 121.568686012289,25.0708643264318 121.568681813991,25.0708643218622 121.568694954482,25.0707712657309 121.568696090873,25.0707543424598 121.568659001456,25.0707555193232 121.568660214697,25.0707392010612 121.568669801252,25.0706107138159 121.568719981045,25.0699225962327 121.568724340702,25.0698621279715 121.568710292948,25.0697564728071 121.568696089275,25.0696556843347 121.568679591665,25.0695346548173 121.568601742018,25.0689786740112 121.568545514752,25.0685758879094 121.568501058084,25.0682621451203 121.56849072898,25.068191116154 121.56848260689,25.0681322394691 121.568374175822,25.0673561190505 121.568363279063,25.0672780323306 121.568360281382,25.0672556272468 121.568205449855,25.0661476337966 121.568159115057,25.0658131064457 121.568141625032,25.065687268657 121.56812012181,25.0655294238446 121.568163554912,25.0652800392477 121.568284236443,25.0645936737965 121.568369568124,25.0641063397888 121.568405235566,25.0638926364574 121.568435296702,25.0637184250723 121.568436223295,25.06371302277 121.568481979318,25.0634431987371 121.568483862817,25.0634434344631 121.568512678594,25.063276297582 121.568546003731,25.063083484976 121.568599986143,25.0627707553283 121.568599986001,25.0627707555448 121.568757818848,25.0625904932768 121.568775878732,25.0625692353392 121.568935379154,25.062387495146 121.568954106585,25.0623670020109 121.56895767628,25.0623458717955 121.568984966638,25.0621835969097 121.568988873715,25.0621604070118 121.569044136161,25.0618332906461 121.569096872084,25.0615214503133 121.569112542524,25.0614271196671 121.569142186824,25.0612359550774 121.569145635146,25.0612143107231 121.569183269979,25.0609828144106 121.569192140598,25.0609270052955 121.569221144228,25.0607473899764 121.569232615918,25.0606774962019 121.56924636567,25.0605943947262 121.569281446319,25.0603764863113 121.569293992922,25.0602989958417 121.569309246805,25.0602046667597 121.56937569473,25.0597911452657 121.569441121979,25.059392767634 121.569510337459,25.0589713449419 121.569515456052,25.0589401244643 121.569518395111,25.0589219758955 121.569584142428,25.0585136931963 121.56958633361,25.058501000419 121.569596028493,25.0584391844692 121.569660914218,25.0580375857602 121.569709853288,25.057734778657 121.569714571528,25.0577048777963 121.569724377942,25.057643630171 121.56975320978,25.0574657577593 121.569838454939,25.0569619106665 121.569914017724,25.0564990878925 121.569938200779,25.0563533640075 121.570051347531,25.055663856637 121.570129819448,25.0551896291593 121.570156475465,25.0550279793146 121.570162796013,25.0549888456369 121.570187958254,25.0548363830234 121.570188642832,25.0548322545859 121.570189102176,25.0548287138357 121.570214450531,25.0546736683595 121.570224644773,25.05461278044 121.570249052338,25.0544643201235 121.570260060001,25.0543971905853 121.570261661615,25.0543877682029 121.570267659632,25.0543517684823 121.570270922876,25.0543309012084 121.570276589311,25.054296067376 121.570287510715,25.0542295791559 121.57029371986,25.0541920889984 121.570300102132,25.0541534606442 121.570310902903,25.0540887514062 121.570368155532,25.0537391107493 121.570586448443,25.0527256705318 121.570592852661,25.0526939575452 121.570605780969,25.0526328784 121.570679945067,25.0522971931707 121.570719591,25.0521308708687 121.570754836775,25.0519988630229 121.570772030686,25.0519493775147 121.570772030686,25.0519493775147 121.570833468555,25.0518041331937 121.570833468555,25.0518041331937 121.570860488012,25.051746684834 121.570889997135,25.051690262065 121.570920829384,25.0516346392287 121.570934016362,25.051612343475 121.570934016362,25.051612343475 121.570957664214,25.0515741270703 121.570983926148,25.0515373543943 121.570983926148,25.0515373543943 121.571006692525,25.0515046175246 121.571031373799,25.0514730531746 121.571057897367,25.0514427541915 121.571090131904,25.0514053264386 121.571105572493,25.0513881589545 121.571131591764,25.0514018175046 121.57119805909,25.0513325967953 121.571302313013,25.0512478198795 121.571325584594,25.0512288617874 121.571384384561,25.051183955889 121.571436915326,25.0511485264338 121.57144995883,25.051140206578 121.57146706713,25.0511300564487 121.57151514984,25.0511035818292 121.571623612725,25.0510438773934 121.571652143788,25.0510306859782 121.571652143788,25.0510306859782 121.571689350087,25.0510139582932 121.57171584858,25.0510027157153 121.57172020094,25.0510009204413 121.571782764785,25.0509791026301 121.57186396347,25.0509514892801 121.571939013232,25.0509336317789 121.572007037851,25.0509182388613 121.572034829093,25.0509122184783 121.572110086965,25.050898639376 121.572152943089,25.0508906379764 121.572231654222,25.0508822727408 121.572590630451,25.0508444883768 121.572625152848,25.0508410058969 121.572723536102,25.0508304158926 121.572789062916,25.0508235185972 121.572850686882,25.050819173201 121.572868067435,25.0508185915734 121.572922611123,25.0508155012654 121.572971420892,25.0508133448863 121.573018427963,25.0508114121181 121.573051543508,25.0508101648898 121.573065138809,25.0508097152066 121.573065138809,25.0508097152066 121.573111139711,25.0508087974302 121.573111139711,25.0508087974302 121.573158498596,25.0508079285678 121.573158498596,25.0508079285678 121.573168577783,25.0508079438439 121.573168577783,25.0508079438439 121.573286049454,25.0508081405295 121.573286049454,25.0508081405295 121.573313493586,25.050808450605 121.573313493586,25.050808450605 121.573534816926,25.05081679506 121.573534816926,25.05081679506 121.573596826791,25.0508208439313 121.573596826791,25.0508208439313 121.573650541439,25.0508248887003 121.5736588404,25.0508256962567 121.5736588404,25.0508256962567 121.573709610129,25.0508297324216 121.573760163315,25.050835605895 121.573827767746,25.0508428470377 121.573827767746,25.0508428470377 121.573923004288,25.0508546127666 121.573923004288,25.0508546127666 121.574032329929,25.0508698088062 121.574032329929,25.0508698088062 121.574071108127,25.0508757348055 121.574071108127,25.0508757348055 121.574123070494,25.0508844356097 121.574123070494,25.0508844356097 121.574179668287,25.0508946712982 121.574179668287,25.0508946712982 121.574194299593,25.0508974856531 121.574194299593,25.0508974856531 121.574204036819,25.0508990707558 121.574213691412,25.05090103093 121.574213691412,25.05090103093 121.574236664442,25.0509053207143 121.574262120431,25.0509107474553 121.574295284635,25.0509178145751 121.574313815932,25.050921724287 121.574370048559,25.0509344079099 121.57439708369,25.0509405507636 121.574432927437,25.0509484019571 121.574458970096,25.0509542416846 121.574493882014,25.0509620422988 121.574538675199,25.050972043636 121.574575988111,25.0509804037097 121.574622170332,25.0509907336854 121.574669830103,25.0510012475189 121.574717967311,25.0510121296388 121.574766500904,25.0510230011811 121.574848518222,25.0510414350077 121.574868327626,25.0510452584514 121.574917923771,25.0510565772329 121.574968719302,25.0510679364953 121.575016955497,25.0510787820222 121.575065697639,25.0510897339108 121.575107753515,25.051099294271 121.57516333086,25.0511116912312 121.575246836717,25.0511305163053 121.575549092495,25.0511985452699 121.575599332941,25.0512098613255 121.57565871103,25.0512232996495 121.575816423479,25.0512581052977 121.575878024895,25.0512722481285 121.575922937054,25.0512822124712 121.575945645705,25.05128716206 121.575970170594,25.0512926643403 121.576016155631,25.051303166176 121.576064430591,25.0513137855088 121.576111108871,25.05132417629 121.576153611676,25.0513339061505 121.576197284053,25.0513436585459 121.576307805621,25.0513686075558 121.576365019824,25.0513812956365 121.576460303688,25.0514030445405 121.57652292628,25.0514172373065 121.576576006115,25.051429571203 121.576603027026,25.0514347477082 121.576651114882,25.0514456023036 121.576702128626,25.0514569330369 121.576761138905,25.0514700834476 121.576818532305,25.0514829241327 121.576869476536,25.0514942189658 121.576926115787,25.0515068548933 121.576973904565,25.05151732234 121.577022517065,25.0515280303278 121.57708561502,25.0515421216996 121.577125518754,25.0515512926118 121.577172622852,25.0515615730657 121.577225650594,25.0515733381649 121.577287775334,25.0515869998869 121.577345108742,25.0515997051796 121.577368354787,25.0516051038615 121.577485562249,25.0516312538102 121.577530752406,25.0516412707499 121.577721473128,25.0516834031609 121.577742607206,25.0516885842974 121.577784007564,25.0516977582379 121.577819882309,25.051705789047 121.577898397348,25.0517232236606 121.577930680603,25.0517304378377 121.577993143892,25.0517444048977 121.578038780991,25.0517546095309 121.578202896815,25.0517914731773 121.578258533756,25.0518037694292 121.578303336592,25.0518135890232 121.578438254986,25.0518439846522 121.578532079223,25.0518649976019 121.57885067111,25.0519371903036 121.578976918665,25.0519656420928 121.579014042881,25.051973794133 121.57911062545,25.0519954369511 121.579224799344,25.0520212452499 121.579323643286,25.0520432402307 121.579396275163,25.05205928862 121.579445186363,25.0520702022875 121.579512381092,25.0520849537391 121.579563792105,25.0520963541553 121.579614151335,25.0521074878171 121.579691029755,25.0521245306284 121.579782462223,25.05214475765 121.579840909168,25.0521581076419 121.579897191674,25.052170626455 121.579906328428,25.052172531808 121.580028145495,25.0522008013769 121.58002850362,25.0522008866549 121.580063537442,25.0522093469451 121.580108633021,25.0522202391811 121.580153609511,25.0522310957564 121.580199148522,25.0522435480801 121.580220189178,25.0522477903117 121.580315879321,25.0522671427082 121.580376056305,25.0522795468144 121.58052422249,25.0523112249144 121.581044134939,25.0524215095776 121.581126765667,25.052441436159 121.581147084574,25.0524460331748 121.581152788688,25.0524471844993 121.58121046202,25.0524561493573 121.581234621519,25.052461832751 121.581270071817,25.0524701352211 121.58130443055,25.05247814403 121.581338611664,25.0524863160305 121.581373615743,25.052494566054 121.581408688434,25.0525026532962 121.581445320242,25.0525114025002 121.581479331829,25.0525193494312 121.581524783482,25.0525300412229 121.581608018049,25.0525497846097 121.581712286344,25.0525743748722 121.581832598209,25.0526027391233 121.581875609956,25.0526130250755 121.58267099051,25.0527999467949 121.582681735556,25.0528024144317 121.582970563779,25.0528711850224 121.583054194429,25.0528907648486 121.583162889946,25.0529230014904 121.583182453831,25.0529292804007 121.583278054287,25.0529567022715 121.583329016337,25.0529715157261 121.583333619561,25.0529724907303 121.584411518386,25.0532819409178 121.585028089271,25.053461265616 121.585275484529,25.0535324338181 121.58564142802,25.0536378830387 121.585835819854,25.0536942727754 121.585983019914,25.0537368189173 121.586140093128,25.0537818357363 121.586284187614,25.0538236083948 121.586432626208,25.0538660228048 121.586482407216,25.0538803342593 121.586525126743,25.0539040175755 121.586806031249,25.0540582078791 121.586904784781,25.0541126357662 121.587020371507,25.0541763139647 121.587095058032,25.0542154350552 121.587127550942,25.0542331279056 121.5871941399,25.0542700781204 121.587434635529,25.0544026875082 121.58762489013,25.0545076258129 121.587876942065,25.0546463097341 121.588256498886,25.0548556109135 121.588610186335,25.0550518237047 121.588871158264,25.0551962936109 121.588972113905,25.0552756196315 121.589125260663,25.055396357679 121.589447535364,25.0556510500559 121.589460584714,25.0556627617562 121.59000638042,25.0560926207133 121.590016854024,25.0561004063847 121.590035764538,25.0561149475979 121.590068875003,25.0561475786824 121.590091362224,25.0561701496304 121.590238556895,25.0563161885476 121.590760155432,25.0568349673108 121.591076210939,25.0571491301396 121.59122994583,25.0573027074585 121.591323683108,25.0573951782349 121.591423866324,25.0574945838705 121.59165641073,25.057727636336 121.591708676557,25.0577801155197 121.591904917993,25.0579864809931 121.591922180842,25.0579735924266 121.592006207383,25.058043621732 121.592088381935,25.0581077360031 121.592198459536,25.0581889553589 121.592395521887,25.0583245644394 121.592391005907,25.0583335381664 121.592631673199,25.0584990632141 121.592648204842,25.0584701348768 121.592648204842,25.0584701348768 121.592759882013,25.0585308783672 121.592759882013,25.0585308783672 121.592991422471,25.0586450706677 121.593229645292,25.0587472244134 121.59347379683,25.0588370164234 121.593723104673,25.0589141626249 121.593723104673,25.0589141626249 121.593974133934,25.0589778290445 121.594228665116,25.0590286672072 121.594228665116,25.0590286672072 121.594310121392,25.0590421204681 121.594310121392,25.0590421204681 121.59439172801,25.0590542252519 121.59439172801,25.0590542252519 121.594482345256,25.0590659029373 121.594482345256,25.0590659029373 121.594622863824,25.0590801289126 121.594622863824,25.0590801289126 121.594802478719,25.0590914421987 121.594982478002,25.0590950892009 121.59516246751,25.0590910619334 121.59516246751,25.0590910619334 121.595252603718,25.0590861678539 121.595252603718,25.0590861678539 121.595361265141,25.0590776888734 121.595361265141,25.0590776888734 121.59550775724,25.0590617116615 121.595764828068,25.0590211560068 121.595764828068,25.0590211560068 121.595966705359,25.0589776722079 121.59616569518,25.0589242756667 121.596361211338,25.0588611236834 121.596552677873,25.058788402296 121.597494493613,25.0584857442281 121.597494493613,25.0584857442281 121.597798245737,25.0584221557895 121.598105323118,25.0583735952567 121.598350481259,25.0583458938557 121.598350481259,25.0583458938557 121.598643751607,25.058325471774 121.598937780959,25.058318602758 121.599231814952,25.0583253044291 121.599925984037,25.0583574401363 121.599987122031,25.0583602712802 121.600131547853,25.0583669591695 121.600133832602,25.0583636602522 121.600246411016,25.058369136636 121.600822585001,25.0583966893443 121.60116509854,25.058413314063 121.601589556564,25.0584336867131 121.601821405944,25.0584451066448 121.601879827726,25.0584481741237 121.602005694839,25.0584572245865 121.60208868136,25.0584632890026 121.602181433349,25.0584719770313 121.602339420523,25.0584886790896 121.602633008677,25.0585227242514 121.603276342002,25.0585967959655 121.603308492303,25.0586004932246 121.603949955757,25.0586750932271 121.604275298155,25.0587127345432 121.604687095731,25.0587603240706 121.604730949513,25.0587656796548 121.604858332656,25.058780607765 121.604958954293,25.0587912571838 121.605083672189,25.0588083717017 121.605094868895,25.058809779586 121.605212265845,25.058827591896 121.605273806075,25.0588379489673 121.605644540755,25.0589013938238 121.605709612717,25.0589124134087 121.606263472567,25.0590069694378 121.606533920049,25.0590530814549 121.606577798136,25.0590613253464 121.606616391899,25.0590692387193 121.606669480619,25.0590801172424 121.606744198408,25.0590975790579 121.606820333414,25.0591170302288 121.607004144648,25.0591687135481 121.607103814532,25.0591993262674 121.607285724032,25.0592552330768 121.60741134153,25.0592938375759 121.607447877351,25.059304467543 121.607626942744,25.0593583903785 121.607649038074,25.0593650438726 121.607682349806,25.0593750730709 121.60776992716,25.0594014465286 121.608316136125,25.0595636457354 121.608759075704,25.0596967808967 121.608805888755,25.059711214315 121.608856878722,25.0597265063072 121.608917941373,25.059744366066 121.609043141891,25.0597826278137 121.60914679157,25.0598161298317 121.609228986231,25.0598462169417 121.60928438568,25.0598672866583 121.609347396846,25.0598943287276 121.609386042827,25.0599107094044 121.60943310319,25.0599330320621 121.609482861541,25.0599557769743 121.609545694626,25.0599868732517 121.609627049766,25.0600315347429 121.609749798242,25.0600989392421 121.609785064976,25.0601214095186 121.609823796306,25.0601469982676 121.609868699953,25.0601780958087 121.609888989028,25.0601922225218 121.610066000975,25.0603193767462 121.610255595952,25.0604515708222 121.610543130716,25.060652787154 121.610712186312,25.0607781767253 121.61079361939,25.0608363701765 121.610918652002,25.060924384186 121.610946119174,25.0608789686203 121.610958753845,25.0608584279041 121.611042896346,25.0609333792747 121.611042896346,25.0609333792747 121.611209393306,25.0610930623642 121.611365533696,25.0612612023069 121.612105008318,25.0621055578305 121.612396993281,25.0624389667598 121.612522464546,25.0626046634367 121.613068262471,25.0632438394122 121.613068262471,25.0632438394122 121.613113497801,25.0632946402688 121.613162447849,25.0633424989992 121.613214882596,25.0633871907111 121.613270555651,25.0634285053938 121.613329205403,25.0634662489057 121.613390556254,25.063500243886 121.61345431991,25.0635303305889 121.613520196742,25.0635563676335 121.613587877186,25.0635782326691 121.613657043207,25.0635958229493 121.613727369783,25.0636090558154 121.613798526443,25.0636178690847 121.613870178813,25.0636222213429 121.613941990189,25.0636220921381 121.614013623121,25.0636174820777 121.614084740996,25.0636084128251 121.614155009624,25.063594926998 121.614224098803,25.063577087968 121.615892127794,25.0630881121122 121.616325602619,25.0629617365644 121.616325602619,25.0629617365644 121.616811092214,25.0628029082008 121.617283730124,25.06261464809 121.617741368562,25.0623978117656 121.618181927933,25.0621533846172 121.618603406293,25.0618824774103 121.619003888445,25.0615863212365 121.619381554643,25.0612662619168 121.619881170001,25.0608132572475 121.619881170001,25.0608132572475 121.620315796927,25.0603918485886 121.620717926823,25.0599444727358 121.621085695068,25.0594732045213 121.622020687275,25.0581856946657 121.622020687275,25.0581856946657 121.622044270754,25.0581510833334 121.622065613633,25.0581152857762 121.622084644243,25.0580784222068</coordinates></LineString></MultiGeometry>
  </Placemark>
  <Placemark>
	<name>淡水河</name>
	<Style><LineStyle><color>ff0000ff</color></LineStyle><PolyStyle><fill>0</fill></PolyStyle></Style>
	<ExtendedData><SchemaData schemaUrl="#riverlineok">
		<SimpleData name="RIVER">淡水河</SimpleData>
		<SimpleData name="RIVERCODE">114000</SimpleData>
	</SchemaData></ExtendedData>
      <MultiGeometry><LineString><coordinates>121.466868334514,25.1098426212191 121.466855275107,25.1098426021899 121.466842226234,25.1098421245463 121.466829207302,25.1098411890036 121.466816237681,25.1098397969453 121.466803956716,25.109837768831 121.466791786137,25.1098352487636 121.46677974969,25.1098322416607 121.466767870887,25.1098287533798 121.466756172918,25.1098247907544 121.466744678617,25.1098203614948 121.466733410426,25.1098154742697 121.466723446954,25.1098107247048 121.466713694276,25.1098056253337 121.466694880145,25.1097944086405 121.466685847274,25.1097883083547 121.466677082281,25.1097818922906 121.46666859846,25.1097751701927 121.466660408712,25.1097681522585 121.466652525451,25.109760849165 121.466644960658,25.1097532719793 121.466637725818,25.1097454322121 121.466630831923,25.1097373417639 121.466624289421,25.1097290129252 121.466579177447,25.1096646223267 121.466501431935,25.1095527384641 121.466493166061,25.1095406307593 121.466466350185,25.1094976512846 121.466456594827,25.1094799147104 121.466452014299,25.1094709154617 121.466447634397,25.1094618337876 121.466443456898,25.109452673402 121.466439483513,25.1094434380463 121.466432155487,25.1094247574992 121.466428803829,25.1094153199452 121.466425662272,25.1094058226597 121.46642273209,25.1093962695298 121.466417510559,25.1093770113315 121.466415221342,25.1093673141289 121.466413147763,25.1093575767954 121.466411076327,25.1093472385566 121.466407670094,25.1093264521385 121.466405251147,25.1093055513443 121.466403823965,25.1092845750346 121.466403483199,25.1092740707432 121.466403391224,25.1092635622114 121.466403177143,25.1092463373517 121.466404354273,25.1092273025048 121.466406164683,25.1092079225999 121.46640891739,25.1091886300117 121.466412994622,25.109165631754 121.46641784554,25.1091453214237 121.466423227448,25.1091264539123 121.466430277729,25.1090978127949 121.466433805742,25.1090883683621 121.466437544068,25.1090789912489 121.466441491166,25.1090696853242 121.466445645383,25.1090604544482 121.46645000502,25.109051302436 121.466454568266,25.109042233085 121.466464297928,25.1090243573326 121.466469460317,25.1090155583376 121.46647481826,25.1090068567991 121.46648036954,25.1089982563171 121.466488996895,25.1089854364204 121.46649718241,25.1089737644763 121.466510594176,25.1089570835748 121.46652231933,25.1089427552732 121.466537367012,25.1089260421385 121.466548673784,25.1089138186884 121.466562603963,25.1089004945886 121.466567326381,25.1088959747299 121.466584977754,25.1088808062244 121.466598382196,25.1088700387157 121.466622499275,25.1088524845102 121.466636107945,25.1088432782095 121.466651390002,25.1088334617617 121.466682497041,25.1088158042975 121.466693848946,25.1088102524289 121.466715061815,25.1088008055159 121.466737133986,25.1087904801738 121.466758409082,25.1087817553035 121.466818877515,25.1087489285352 121.466869649194,25.1087214678531 121.466946014735,25.1086815400706 121.46702355019,25.1086442086453 121.467100808862,25.1086071127811 121.467115811954,25.1085995722351 121.467186039438,25.1085700098184 121.46722066797,25.1085554016594 121.467267799102,25.1085353914315 121.467420770687,25.1084719928115 121.467544587542,25.1084233565507 121.46757126005,25.108412962413 121.467624634283,25.1083920386102 121.467664613071,25.1083763933065 121.467725996008,25.1083521038295 121.467953242735,25.108262541798 121.467998774923,25.1082445225578 121.468042179547,25.1082276204696 121.468093089293,25.1082079050094 121.468178829245,25.1081745284602 121.468265072901,25.1081406447001 121.468345395521,25.10810896438 121.468434890249,25.1080747994125 121.468480523648,25.1080573575014 121.468527414446,25.1080394331166 121.46861112663,25.1080073988784 121.468717383213,25.1079667618251 121.468777610365,25.107943712413 121.46886346104,25.1079108677763 121.469008974427,25.1078552010712 121.469079260824,25.1078283189113 121.469153904543,25.1078000235847 121.469249063146,25.1077639623753 121.469468946971,25.1076786735513 121.469562806598,25.1076426433385 121.469648155448,25.1076057281864 121.470043389267,25.107437268564 121.470207011251,25.1073591615244 121.470262072484,25.1073334775717 121.470506624786,25.1072194029287 121.470639695621,25.1071573300272 121.470903712274,25.1070363284853 121.470958878677,25.1070124727107 121.471017946472,25.1069872593441 121.471063778315,25.1069674687193 121.471158234841,25.1069270479734 121.471203929284,25.1069024638444 121.471304716812,25.1068452848741 121.471442289202,25.1067672604859 121.471484704807,25.1067435172756 121.471566564965,25.1066969611281 121.471674662347,25.106635307833 121.471777727888,25.1065930988436 121.47182189864,25.1065745952547 121.471864962802,25.1065571153441 121.471933952959,25.1065287011968 121.47206087541,25.1064764400896 121.472105957537,25.1064577439266 121.472131706424,25.1064471713541 121.472163304416,25.1064337904858 121.472197547409,25.1064197963092 121.472242422629,25.106401452858 121.472266281039,25.1063917529757 121.472276330398,25.106387956274 121.472284026654,25.1063833274562 121.472386851968,25.1063406403248 121.472474997007,25.1063042111956 121.472528266498,25.1062822928892 121.472541057434,25.1062797965025 121.472641235281,25.1062551827711 121.472699541894,25.1062410666464 121.472754745594,25.1062270958111 121.473068424568,25.1061476507707 121.473147301438,25.1061274290838 121.473768776872,25.1059707583296 121.473779405779,25.1059681423506 121.473970593816,25.105920197356 121.474130015612,25.1058805150383 121.474351686386,25.1058232725106 121.474409030618,25.1058091046274 121.474470821952,25.1057936946791 121.474622309693,25.1057561678392 121.47477277595,25.1057186080034 121.474798499254,25.1057117816957 121.47493071506,25.1056776837048 121.474955992971,25.1056710664415 121.475259957641,25.1055930765899 121.47546842089,25.1055384815794 121.475779382755,25.1054573061619 121.47580637332,25.1054500242123 121.475932882249,25.1054176575676 121.476032006681,25.1053922970155 121.476056790364,25.1053861054705 121.476080661934,25.1053799349056 121.476107783142,25.1053731129128 121.47616954163,25.1053570162341 121.47623590334,25.1053390359411 121.476301034539,25.1053182337897 121.476346982744,25.1053044321951 121.476359396447,25.1053007034523 121.476362871779,25.1052996934607 121.476496071207,25.1052609833304 121.476758048831,25.105184359909 121.477014289441,25.1051092745462 121.47723049212,25.1050459209552 121.477366281245,25.1050080807213 121.477734619955,25.1048990545813 121.477766508958,25.1048893821201 121.478741819173,25.1045870383293 121.479474153733,25.1043620630289 121.479913010651,25.1042198379199 121.479941127406,25.1042090938344 121.480074160219,25.1041641098395 121.480341838432,25.104073305691 121.480574452826,25.1039941796179 121.480752694897,25.1039332855427 121.480830732061,25.103906941497 121.480861551185,25.1038965315431 121.480979646828,25.103856641619 121.481022975995,25.1038415246732 121.481128989936,25.1038042190758 121.481274550868,25.1037532619402 121.481434971335,25.103696496532 121.481470915271,25.1036843725431 121.481554972907,25.1036535758015 121.481619423166,25.1036289907878 121.481812688405,25.1035562199154 121.481916928345,25.1035167085317 121.482009099999,25.1034818225467 121.482109590545,25.1034444809179 121.482126531313,25.1034366606431 121.482235585542,25.1033927919773 121.482292306945,25.1033695047583 121.482345168553,25.1033480176247 121.482465919872,25.1032994241442 121.482481484446,25.1032938844572 121.482624708566,25.1032516005371 121.482806209521,25.1031980241847 121.482972034736,25.103149072188 121.483010428608,25.1031376199236 121.483076835064,25.1031178119348 121.483093489125,25.1031132181468 121.483151428299,25.1030895564851 121.483196903968,25.1030709853439 121.483219553576,25.1030617357956 121.483258539461,25.1030441665795 121.483302840218,25.103024196629 121.483316607477,25.103017985608 121.483537081728,25.1029186084533 121.483758307828,25.1028188944837 121.484014124814,25.1027035932302 121.48411568144,25.1026578145749 121.484233854143,25.1026016715994 121.484469021695,25.1024899488951 121.484674282017,25.1023924253688 121.484821737548,25.1023223732898 121.484861597225,25.1023027333763 121.48496269005,25.1022526492824 121.485057955903,25.1022058523307 121.485245931135,25.1021127089835 121.48540867489,25.1020326573973 121.48549550388,25.1019895441384 121.485512013095,25.1019813467972 121.485582809557,25.1019473230454 121.485743492393,25.1018677292448 121.48576120406,25.1018586431893 121.485869542723,25.1018057541128 121.485926040455,25.101776408427 121.486147566476,25.1016607825187 121.486290633116,25.1015870057651 121.48644317849,25.1015083045855 121.486601403115,25.1014266595307 121.486648404205,25.1014028518377 121.486841933017,25.1012981323615 121.487084330917,25.1011682444641 121.487310697313,25.1010461639401 121.487418440889,25.100988572084 121.48753766329,25.1009203796028 121.487616211481,25.1008762450784 121.487692889691,25.1008331097467 121.487769063991,25.1007904274353 121.487919057768,25.1007063343695 121.48793231523,25.1006992037398 121.48806221284,25.1006229136755 121.488176689157,25.1005556752195 121.488279057987,25.1004955545237 121.488607974839,25.1003023635392 121.488877422394,25.1001441077826 121.488934516717,25.1001105790086 121.488986566329,25.100077527274 121.489095145559,25.1000085922271 121.489132219966,25.099985051533 121.489302344671,25.0998770292452 121.489420753842,25.0998018412097 121.489523082302,25.0997368717347 121.489625005164,25.099672156314 121.489632046587,25.0996676822426 121.489734137485,25.0996028668844 121.489982149715,25.0994453931268 121.49014255923,25.0993435413677 121.490281755788,25.0992527918292 121.490430987873,25.09915512058 121.490579616521,25.0990578484121 121.490744927268,25.098949651136 121.490893782837,25.0988522244289 121.490901069289,25.0988470633553 121.491031947833,25.0987541919719 121.491106779276,25.0987010940401 121.491187740338,25.0986436513383 121.491251360299,25.0985985080579 121.491276272158,25.0985753047202 121.491360934821,25.0984964351333 121.49143970036,25.0984230650616 121.491491800267,25.0983745382142 121.491548504095,25.0983217077692 121.491612610809,25.0982619914513 121.491677690028,25.0982013740425 121.491691188263,25.0981912490329 121.49178273752,25.0981214295697 121.491898704816,25.0980339243849 121.491938047461,25.0980046333181 121.491994409935,25.0979621048404 121.49208140414,25.0978962545879 121.492119177535,25.0978687742891 121.492182648088,25.0978211664515 121.49227854327,25.0977498516657 121.492474407894,25.0976046805302 121.4925960971,25.0975177336045 121.492884252925,25.0973127244754 121.492923791036,25.0972853193626 121.492943925269,25.0972699679699 121.492973926604,25.0972477495508 121.492996520047,25.0972226126012 121.493090864047,25.0971207244485 121.493115276718,25.0970943445911 121.493176959167,25.0970287493745 121.49333850414,25.0968554875789 121.493352879996,25.0968381691107 121.493397985451,25.0967899176474 121.493436985211,25.0967470130293 121.493482580193,25.0966972341719 121.49351854267,25.0966584203146 121.493549878066,25.0966228177729 121.493607886685,25.0965534969891 121.493744845843,25.0963884147207 121.493761390003,25.0963679201509 121.49381945142,25.0962920537733 121.49383506329,25.0962714810463 121.493847589322,25.0962552339983 121.494080527811,25.0959516846575 121.494121843606,25.0958980558517 121.494176942216,25.0958251604037 121.494190622679,25.0958075552737 121.494205447238,25.0957884657308 121.49422524842,25.095764349039 121.494227190637,25.0957616341535 121.49427776209,25.0957020249837 121.494321652438,25.0956550502452 121.494327712073,25.0956481416513 121.494364645306,25.0956117258168 121.494418773977,25.0955615119729 121.494452644704,25.0955327621097 121.494467759807,25.0955193772999 121.494487049257,25.0955036312814 121.494501625968,25.0954919635922 121.494613221309,25.0954031527849 121.494697414797,25.0953335366269 121.494737954805,25.095300015705 121.494770803644,25.0952735893867 121.494793489082,25.0952551520361 121.495079750028,25.0950224957096 121.495119246953,25.0949900886156 121.495235939195,25.0948943538755 121.495264438031,25.0948710295635 121.49539725685,25.0947620689341 121.495688924114,25.0945233590334 121.495741235848,25.0944776648077 121.495743430157,25.09447601437 121.495795068729,25.094433039818 121.495829179381,25.0944049388615 121.495916100931,25.0943320357191 121.495978775559,25.0942796350401 121.496042314041,25.0942275745123 121.496108511127,25.0941734647277 121.496182693633,25.0941131078799 121.496257021576,25.0940617875868 121.496415793487,25.0939527031255 121.496587189457,25.0938346836111 121.496649684542,25.0937919703503 121.496660278753,25.0937836019936 121.496769765132,25.0937085192771 121.496977739123,25.0935452004681 121.497110146741,25.0934407085834 121.497254451513,25.0933265076645 121.497393716086,25.0932163319591 121.49747439824,25.0931528289756 121.497543942632,25.0930981114817 121.497551611895,25.0930921543326 121.497553122882,25.093089192891 121.497585472136,25.093063846071 121.497611413599,25.0930435199762 121.497662933005,25.0930031525855 121.497715624579,25.0929618667108 121.497735394956,25.0929463758487 121.497760625727,25.0929266176609 121.497832541827,25.092870300189 121.49785937452,25.0928492874944 121.497873214533,25.092819872803 121.497893930455,25.0927795562347 121.497924515243,25.0927256193264 121.497950516084,25.0926830370283 121.497968150931,25.0926555235377 121.497981030991,25.0926363408392 121.498003019748,25.0926043348173 121.498013389001,25.092586975182 121.498033906328,25.0925588471284 121.498041992561,25.092548148828 121.498048353548,25.0925402505275 121.498054762918,25.0925323847369 121.498061220493,25.0925245517004 121.498067726066,25.0925167516715 121.498074279419,25.0925089848857 121.498080880356,25.0925012515874 121.49808752868,25.0924935520211 121.498094224172,25.0924858864221 121.498100966616,25.092478255026 121.498107755825,25.0924706580861 121.498114591561,25.0924630958379 121.498121473628,25.0924555685078 121.498128401798,25.0924480763314 121.498135375863,25.092440619553 121.498142395607,25.092433198399 121.498149460803,25.092425813096 121.498156571233,25.0924184638884 121.498163726681,25.0924111509936 121.498170926909,25.0924038746471 121.498178171709,25.0923966350753 121.498185460836,25.0923894325047 121.498221477229,25.0923548153802 121.498246430552,25.0923326941102 121.498340044954,25.0922484820222 121.49845446374,25.0921458910945 121.498486577674,25.0921171101098 121.498763580832,25.0918688827902 121.498848798297,25.0917922370348 121.498952404015,25.0917028449811 121.499065537003,25.0916085817736 121.499114814417,25.091568232155 121.499211583657,25.0914921792952 121.499327840243,25.0914030694245 121.499397486878,25.0913526223456 121.499491643127,25.0912844221252 121.499617487853,25.0911957401807 121.499782942694,25.0910787662177 121.499985427916,25.0909354769135 121.500018863782,25.0909121302663 121.500035784018,25.0909007007603 121.500052836566,25.0908894355142 121.500078659289,25.090872848409 121.500096034207,25.0908619993389 121.500113534653,25.090851318903 121.50013115865,25.0908408082905 121.500157821968,25.0908253634018 121.500175746133,25.0908152825185 121.500193786837,25.0908053755358 121.500202850258,25.0908004876 121.500221061961,25.0907908435482 121.500248587792,25.0907767090189 121.500267074193,25.0907675085945 121.500276120379,25.0907630746157 121.500285191722,25.0907586834709 121.500294287994,25.0907543352872 121.500303408929,25.0907500301829 121.500312554297,25.0907457682671 121.500321723852,25.0907415496671 121.500330917328,25.0907373744829 121.500340134505,25.0907332428328 121.500349375108,25.0907291548259 121.500358638897,25.0907251105715 121.500367925638,25.0907211101877 121.50037723506,25.0907171537836 121.500386566919,25.0907132414505 121.500395920955,25.0907093732975 121.500405296932,25.0907055494428 121.500414694592,25.0907017699775 121.500433553933,25.0906943446249 121.500443015099,25.090690698938 121.500461999185,25.0906835420526 121.50047152158,25.0906800310364 121.500490625788,25.0906731443398 121.500500207096,25.0906697688508 121.500509807513,25.0906664387168 121.500519426803,25.0906631540199 121.500529064688,25.0906599148693 121.50053872092,25.0906567213382 121.500548395222,25.0906535735177 121.500558087357,25.0906504714899 121.500616733921,25.0906323890529 121.500644848398,25.0906247377104 121.50065949747,25.0906213930407 121.500674332295,25.0906174067512 121.50078078307,25.09058942166 121.500801853289,25.0905696596436 121.501057504019,25.0903298698814 121.501079173877,25.0903099259606 121.501115883763,25.0902755405281 121.501227257282,25.0901711160478 121.501250709519,25.0901482319646 121.501420838085,25.0899892509425 121.501558854118,25.0898591777647 121.501620278279,25.0898003058423 121.501632919799,25.0897884814974 121.501657996632,25.0897653210163 121.501766340523,25.0896645356549 121.501794498119,25.0896383583916 121.501818960272,25.0896152814591 121.501973062955,25.0894699048704 121.502098279912,25.0893521797294 121.502397291462,25.089070783414 121.502494063853,25.0889802740192 121.502579267775,25.0889005842335 121.50271302729,25.088775101632 121.502783196257,25.0887083110065 121.502856091503,25.0886389252497 121.502867043349,25.088628523931 121.502961483816,25.0885392865616 121.503081496118,25.0884268867352 121.503192992664,25.0883218464693 121.503416023805,25.0881115127743 121.50362024958,25.0879188097706 121.503630865343,25.0879071244989 121.503806907183,25.0877157686095 121.503898061069,25.0876159248209 121.504292500292,25.0871887226109 121.504622159297,25.086773115021 121.504992821836,25.0863027293967 121.5050088494,25.086281851901 121.50501163406,25.0862824967065 121.50501179458,25.0862822505959 121.505085036493,25.0861699551968 121.505126493442,25.0861063927893 121.505195607657,25.0860018112808 121.505252110857,25.0859153194742 121.505316368791,25.0858169569975 121.505360636223,25.0857502243627 121.505571025461,25.0854014221345 121.505859290866,25.0849289316487 121.506088250481,25.0845549041951 121.506162336751,25.0844337477301 121.506255217781,25.0842814888636 121.506557511928,25.083682926559 121.506738964245,25.0833285789014 121.506773318413,25.0832550364286 121.506820866647,25.0831621107966 121.50685218203,25.083096929633 121.507039770019,25.0827019253733 121.507206670364,25.0823508227807 121.507259033913,25.0821804740082 121.507373172766,25.0818048056522 121.507657008908,25.0808821608437 121.507823604045,25.0802730547764 121.507856895588,25.0801441375786 121.507887736279,25.0800074646303 121.507951142874,25.0797294452996 121.508069118918,25.0792085017633 121.508166107102,25.0787785244569 121.508256024436,25.0783984151941 121.508246453121,25.0783971208452 121.508360246649,25.0778961433478 121.508447696255,25.0775068608552 121.508568657361,25.0765888615458 121.508587602568,25.0764069444142 121.508633010423,25.0759360386553 121.508701258879,25.0752185162768 121.50875644876,25.0746514190011 121.508787026167,25.0743412273343 121.508821049883,25.0740182852402 121.508913598033,25.0731103586966 121.508926085659,25.0729899266497 121.508943386591,25.0728205279329 121.508962013077,25.0726360929386 121.508970761614,25.0725535464325 121.509001755029,25.0722531035315 121.509003563058,25.072254063335 121.509014247329,25.0721242482647 121.509043658864,25.0718344367974 121.509059511702,25.0716864756383 121.509086086284,25.071436984191 121.509094273608,25.0713697782752 121.509135122349,25.0709669683763 121.509135748627,25.07088109126 121.509141697564,25.0704403116079 121.50914320962,25.0702463038871 121.509144899523,25.0700920131449 121.509146836455,25.0700099065422 121.509148936962,25.069920865951 121.509147047386,25.0698114612782 121.509149125204,25.0695923700271 121.509112675915,25.069335210497 121.509065533403,25.0689947457626 121.509049953781,25.0688825893138 121.509025123571,25.0687098501216 121.508986259659,25.0684344105736 121.508888755679,25.0677294810052 121.508872631903,25.0675435941261 121.508841295997,25.0671822717291 121.508629276634,25.0648055635546 121.508666867376,25.0637170190918 121.508686535346,25.0635064077346 121.508578331611,25.0628349001365 121.508395515697,25.0617000016554 121.508316874352,25.0609714069914 121.508319701696,25.0608254854951 121.508325857771,25.0604725929021 121.508330118195,25.0602199816684 121.508336017412,25.0600883140091 121.508338867534,25.060019988769 121.508350251845,25.0597619904541 121.508352340057,25.0597179984966 121.508354617297,25.0596693744863 121.508356303766,25.059624101916 121.508360424501,25.0595466449321 121.508362188094,25.0595032499379 121.508361913107,25.0594798410653 121.508357257688,25.0593964736451 121.508354626399,25.059318443919 121.508352204961,25.0592936791531 121.50834936818,25.0592715429805 121.508342479533,25.05922103639 121.508336734696,25.0591787053253 121.508332517891,25.0591463901999 121.508331464593,25.0591385303465 121.50832993784,25.0591240184175 121.508318887069,25.059023212573 121.508317304928,25.0590000790154 121.508315638145,25.0589708427641 121.50831476137,25.058952915995 121.508314955035,25.0588989544878 121.508314486366,25.0588838521112 121.508314662058,25.0588783895203 121.508314962427,25.0588502931017 121.508314467809,25.058783252259 121.508312891988,25.0587111955028 121.508312685778,25.0586780270354 121.508311983583,25.0586135237926 121.508310969325,25.0585550614044 121.508310546849,25.0585271299642 121.508309319468,25.0584482377545 121.508307575713,25.0583450798259 121.50830799216,25.0583114849058 121.508307986872,25.0581972796799 121.508308011905,25.058107242526 121.508308559143,25.0580693136774 121.508309981771,25.0580105359892 121.508312497083,25.0579139088371 121.508314859613,25.0578811558938 121.508316581844,25.057803707103 121.508311959357,25.057706671031 121.508300378041,25.0576309831079 121.508285133574,25.0575418468479 121.508278874941,25.0575070830626 121.508263604934,25.0574381788212 121.508262112212,25.0574319094117 121.508255958196,25.0574056858338 121.508244222755,25.0573478830638 121.508225558486,25.0572586230754 121.50822061681,25.0572307612633 121.508207644219,25.0571781809547 121.508186755777,25.0570927293931 121.508178947138,25.057064227367 121.508153622924,25.0569510025338 121.50811539187,25.056793900222 121.508114297477,25.0567952942913 121.50810327927,25.0567551660395 121.508087975214,25.0566971858696 121.508083930601,25.0566825561534 121.508075488787,25.0566543181002 121.50806365688,25.0566091369007 121.508051553502,25.0565654191782 121.50803852265,25.0565179038033 121.508036098772,25.0565093444422 121.50802565165,25.0564706948349 121.508021542897,25.0564549277971 121.508013198709,25.0564239177831 121.508000530527,25.0563778185724 121.507987295057,25.0563287420326 121.507972324415,25.0562746788947 121.507942782787,25.0561649171625 121.50793708635,25.0561438741215 121.507929799456,25.0561168870111 121.507902470741,25.0560197931317 121.507783877522,25.0555852254672 121.507775305468,25.0555542071858 121.507744415176,25.0554417686686 121.507699384334,25.05527700655 121.507671931713,25.0551834249621 121.507644557029,25.0550774746219 121.507614952705,25.0549619711508 121.507607474266,25.0549341631173 121.507553323212,25.0547230819076 121.507516282171,25.0545802216326 121.5075089723,25.0545524220444 121.507488938723,25.0544745690721 121.507437764473,25.0542786809314 121.507431465559,25.0542532883834 121.50741583094,25.0541894861296 121.507407333655,25.0541452865545 121.507383284373,25.0540067875545 121.507360311721,25.0538697925605 121.507355043099,25.0538394671516 121.507355043099,25.0538394671516 121.507341841347,25.0537575191445 121.507331100992,25.0536932668101 121.507291371369,25.053458103424 121.507262903527,25.0532910546047 121.507245814502,25.0531892761165 121.507239115976,25.0531510469767 121.507232034483,25.0531088648409 121.507225469626,25.0530693983952 121.507210917193,25.0529795012313 121.507206226268,25.0529522614465 121.507200773872,25.0529206095258 121.507183068505,25.0528135336398 121.507139006412,25.0525513819535 121.507128059937,25.0524875636435 121.507090139317,25.0522606998234 121.507029564705,25.0518982305322 121.506994835357,25.0516904306512 121.506977078956,25.0515841865567 121.506954834487,25.051477017775 121.506926687182,25.0513587555516 121.506898226854,25.0512559414545 121.506843715267,25.0510890265064 121.506751762885,25.0508443906726 121.50670873157,25.0507299071238 121.50656971682,25.0503591641259 121.506541307604,25.0503010057792 121.506084501611,25.0494745876602 121.505637803406,25.0487834697181 121.505305670434,25.0482190855541 121.505299105462,25.0481967812647 121.505264363741,25.048159120443 121.504645953246,25.0476106078362 121.504479666621,25.0474630756901 121.504178656464,25.0471915663483 121.503945341889,25.0469846895483 121.503695156914,25.0467646425648 121.503518388523,25.0466192391906 121.503428365211,25.0465451890089 121.503296179127,25.0464331196678 121.502480070675,25.0457934966654 121.502371414662,25.0457012177378 121.5021763634,25.0455513391767 121.501129084088,25.0447465926971 121.501088943456,25.0447109245854 121.501019457396,25.0446490887452 121.500981906957,25.0446074252495 121.500902421052,25.0445132153385 121.500884085915,25.0444910297212 121.500837951632,25.0444245939424 121.500796248341,25.0443559854949 121.500755209658,25.0442784228344 121.500737709203,25.0442462656148 121.500673589679,25.0440923538773 121.500674778638,25.0440898490851 121.5006362258,25.0439526073319 121.500538819874,25.0436037644628 121.500480303845,25.0433921621932 121.500456904346,25.0433087219916 121.5004118871,25.0431486337375 121.500392400829,25.0430770703598 121.5003669176,25.0429856292251 121.500306932617,25.0427684343825 121.500287256332,25.0426988578098 121.500244595248,25.0425502723914 121.500223913009,25.0424916502902 121.500190226277,25.0423933121745 121.500173909678,25.0423481814185 121.500131817261,25.042259107339 121.500128446591,25.0422539094661 121.500063849744,25.0421504571126 121.499987893924,25.0420489027437 121.499941779579,25.0419968122471 121.49991120422,25.0419618499464 121.499892025644,25.0419440659007 121.499811556616,25.0418669021411 121.499786132053,25.041842521863 121.499636041144,25.0417338948605 121.499524816202,25.0416518783034 121.499422465535,25.0415734701603 121.499322479754,25.0414941421576 121.49920636642,25.0414039893979 121.498957009335,25.0412098197758 121.498758049075,25.041058309922 121.498644016907,25.0409704248059 121.498529030533,25.0408817934674 121.498395499707,25.0407801154223 121.498328046012,25.0407293689427 121.498255758025,25.0406741336143 121.498205221226,25.0406357981717 121.498152799698,25.0405945439215 121.49810242782,25.0405553141067 121.497950856583,25.0404215414112 121.496780254387,25.039503627396 121.496475104732,25.0392770903701 121.496230979888,25.039095865718 121.495808938063,25.0388655544463 121.495757810269,25.0388427847389 121.495590416369,25.0387287693742 121.495527355924,25.0386869208687 121.49540698244,25.038617604446 121.495310380787,25.0385646386745 121.49521972147,25.0385155980217 121.495174833234,25.0384923852844 121.49503337195,25.0384210350352 121.494861408716,25.0383395443501 121.494678467988,25.0382541527761 121.494560899264,25.0381992082935 121.494445817294,25.0381465033329 121.494341296008,25.038097807135 121.494165834244,25.0380163439491 121.494072521128,25.0379724487218 121.494019589433,25.037948276941 121.493799591632,25.0378463816337 121.493700515134,25.0378010250619 121.493512821495,25.0377137300729 121.49336260815,25.0376436684768 121.493264890975,25.0375986410531 121.493193893569,25.0375658022822 121.49304508666,25.0374960197982 121.492958516489,25.037454755704 121.492945933576,25.0374487579905 121.492820502726,25.0373852708108 121.492726505658,25.0373362399029 121.492665977804,25.0373050711599 121.492446272146,25.0371802027976 121.492310262531,25.0371007797896 121.492254398392,25.0370661823887 121.492142707523,25.0369957473301 121.492018629175,25.0369177389147 121.491731605395,25.0367150313192 121.49159729367,25.0366136200151 121.491537883838,25.036563130348 121.491367667991,25.0364146851429 121.491188257788,25.036251866485 121.491038549569,25.0361107178844 121.490853517629,25.0359291932897 121.490789055131,25.0358640204303 121.490751610442,25.0358256868907 121.490625824614,25.0356892355346</coordinates></LineString></MultiGeometry>
  </Placemark>
  <Placemark>
	<name>淡水河</name>
	<Style><LineStyle><color>ff0000ff</color></LineStyle><PolyStyle><fill>0</fill></PolyStyle></Style>
	<ExtendedData><SchemaData schemaUrl="#riverlineok">
		<SimpleData name="RIVER">淡水河</SimpleData>
		<SimpleData name="RIVERCODE">114000</SimpleData>
	</SchemaData></ExtendedData>
      <MultiGeometry><LineString><coordinates>121.462304450628,25.1214182172924 121.462475531642,25.1206259239998 121.462525096117,25.12038689855 121.46257190716,25.1201697791596 121.462615080959,25.1199690953949 121.462697987074,25.1195847975426 121.462773308277,25.1192351629506 121.4628625534,25.1188188989533 121.462914169344,25.1185719921922 121.463018393633,25.1180838090018 121.463032031359,25.1180215421453 121.463032031359,25.1180215421453 121.463053447853,25.1179374003801 121.46308052955,25.1178546230011 121.463113173106,25.1177735258564 121.463113173106,25.1177735258564 121.463166817242,25.117660543658 121.463226803601,25.1175502367788 121.463226803601,25.1175502367788 121.463243644307,25.1175227045612 121.463261830511,25.1174958911731 121.463261830511,25.1174958911731 121.463426449125,25.1172542917233 121.463471705416,25.1171909809839 121.463471705416,25.1171909809839 121.46349339582,25.1171624543545 121.463516840132,25.1171351020201 121.463541961831,25.1171090132547 121.463568678923,25.1170842732081 121.463568678923,25.1170842732081 121.463574713269,25.1170792879687 121.463581048803,25.1170746227405 121.463587665083,25.1170702925782 121.463587665083,25.1170702925782 121.463665546249,25.1170241229761 121.463665546249,25.1170241229761 121.463679227429,25.1170168503734 121.46369337748,25.1170103639243 121.463707941974,25.1170046885802 121.463722864886,25.1169998461721 121.463738088812,25.1169958553271 121.463738088812,25.1169958553271 121.463774283232,25.1169869351318 121.463774283232,25.1169869351318 121.463787755287,25.1169838660007 121.463801426233,25.1169816423313 121.463815232137,25.1169802745225 121.463829108437,25.1169797689709 121.463842990241,25.1169801280406 121.463856812633,25.1169813500523 121.463870510971,25.1169834292916 121.463884021198,25.1169863560349 121.463897280133,25.1169901165954 121.463910225771,25.1169946933871 121.463922797574,25.117000065007 121.463934936749,25.1170062063349 121.463946586528,25.1170130886514 121.463957692432,25.1170206797715 121.463968202525,25.1170289441959 121.463978067656,25.1170378432764 121.46452035096,25.117643388081</coordinates></LineString></MultiGeometry>
  </Placemark>
  <Placemark>
	<name>淡水河</name>
	<Style><LineStyle><color>ff0000ff</color></LineStyle><PolyStyle><fill>0</fill></PolyStyle></Style>
	<ExtendedData><SchemaData schemaUrl="#riverlineok">
		<SimpleData name="RIVER">淡水河</SimpleData>
		<SimpleData name="RIVERCODE">114000</SimpleData>
	</SchemaData></ExtendedData>
      <MultiGeometry><LineString><coordinates>121.462304450628,25.1214182172924 121.462097707875,25.1223819196268 121.461955253257,25.1230534091635 121.461826052312,25.1236521783778</coordinates></LineString></MultiGeometry>
  </Placemark>
  <Placemark>
	<name>淡水河</name>
	<Style><LineStyle><color>ff0000ff</color></LineStyle><PolyStyle><fill>0</fill></PolyStyle></Style>
	<ExtendedData><SchemaData schemaUrl="#riverlineok">
		<SimpleData name="RIVER">淡水河</SimpleData>
		<SimpleData name="RIVERCODE">114000</SimpleData>
	</SchemaData></ExtendedData>
      <MultiGeometry><LineString><coordinates>121.461826052312,25.1236521783778 121.461757787887,25.1239829000847 121.461627889518,25.1246121556718 121.461556133773,25.1246885953113 121.461373202011,25.1249330159506 121.461351163871,25.1249793988502 121.460455408988,25.1265363797773 121.460061836424,25.1272554620175 121.460126035504,25.1273308823218 121.460149036304,25.127376254293 121.4600900125,25.127484284954 121.459830258244,25.1279597079853 121.459800506418,25.1280141888316 121.459709509136,25.1281808205841 121.459600873728,25.1283796862957 121.459384193827,25.1287766031086 121.459204939103,25.1291048800711 121.459114227992,25.1292710080174 121.459018578573,25.1294202453268 121.458854831614,25.1296757310592 121.458785620867,25.1298026446709 121.458708616165,25.1299438499245 121.458620937083,25.1301046285883 121.458510817986,25.1303065552381 121.458443215517,25.1304305182926 121.458443215517,25.1304305182926 121.458384237313,25.130538666754 121.458295769815,25.1307008894018 121.458295769815,25.1307008894018 121.458239645362,25.1308038044349 121.458198370375,25.1309077402985 121.458157140795,25.1310189546745 121.458127844559,25.1311261378481 121.458094525886,25.1312323428826 121.45807033817,25.1313378670426 121.45805208775,25.1314443760005 121.458037474648,25.131555208973 121.458030287082,25.1316154398054 121.458023929219,25.1316852567058 121.458019101279,25.1317684602566 121.458017358736,25.1318868694134 121.458020335126,25.1319823635113 121.458026870228,25.132096619817 121.458037261821,25.1321956709352 121.458053635987,25.1323101798805 121.458073226816,25.1324172115778 121.458096386658,25.132521572967 121.45812559896,25.1326293721153 121.458143722092,25.1326899259771 121.458166034465,25.132758059457 121.458188685726,25.1328215213691 121.458215546569,25.1328908617466 121.458242122163,25.1329543433525 121.45826661234,25.1330091039011 121.458357533327,25.1331909917604 121.458326409078,25.1331974348424 121.458280476144,25.1332012522331 121.458261627437,25.1331971038368 121.458194245933,25.1333574618697 121.458179830149,25.1334113770192 121.458234890342,25.1336513333413 121.45827693133,25.1339922003891 121.458262541523,25.1342246628981 121.458257874224,25.1342520865376 121.458242497778,25.134266768841 121.458146571149,25.1342470070882 121.458107241565,25.1342636868855 121.458079861121,25.1343697973145 121.458078515148,25.1343865374014 121.458085400443,25.1345890182818 121.458085916124,25.1346041832556 121.458112624881,25.1347180279138 121.458134710079,25.1348418298372 121.458134710079,25.1348418298372 121.458134710079,25.1348418298372 121.458134710079,25.1348418298372 121.458134710079,25.1348418298372 121.458134710079,25.1348418298372 121.458017113816,25.1360931317328 121.457980818968,25.1364793281404 121.457980818968,25.1364793281404 121.457973943453,25.1365524870198 121.457962685869,25.136672273082 121.457938923458,25.1369251157882 121.457938923458,25.1369251157882 121.457938923458,25.1369251157882 121.457938923458,25.1369251157882 121.457957001538,25.1370646329143 121.457957001538,25.1370646329143 121.457957001538,25.1370646329143 121.457966644303,25.1374754654806 121.457969634077,25.1376028448108 121.457969634077,25.1376028448108 121.457949418047,25.1377454259619 121.457919578028,25.1379612422254 121.457909322348,25.1380351756888 121.457909322348,25.1380351756888 121.457909322348,25.1380351756888 121.457882706803,25.1385148559572 121.457882706803,25.1385148559572 121.457821568543,25.1385558528046 121.457787659321,25.1386113000797 121.457751927703,25.1386832743075 121.457751927703,25.1386832743075 121.457725715364,25.1388604857477 121.457725715364,25.1388604857477 121.457725715364,25.1388604857477 121.457725715364,25.1388604857477 121.457642684828,25.1390671246449 121.457642684828,25.1390671246449 121.45760638973,25.139279757276 121.45760638973,25.139279757276 121.457580876276,25.139722661382 121.457574960362,25.1398376968499 121.457574960362,25.1398376968499 121.45754086394,25.1399491184196 121.457530330333,25.140102266513 121.457530330333,25.140102266513 121.457498471673,25.1404930082854 121.457498471673,25.1404930082854 121.457435329251,25.1411582973164 121.457407164536,25.1414550477388 121.457407164536,25.1414550477388 121.457407164536,25.1414550477388 121.457407164536,25.1414550477388 121.457361011256,25.1420277485568 121.457361011256,25.1420277485568 121.457338657078,25.1424671217274 121.457338657078,25.1424671217274 121.457338657078,25.1424671217274 121.457302135975,25.1432811116162 121.457300772243,25.1435257753026 121.457310307923,25.1436882501021 121.457324196714,25.1437420139689 121.457343579426,25.1438061429898 121.457366784861,25.1438581625774 121.457458357945,25.1439977220711 121.457474341313,25.1441339052603 121.457489917155,25.1442672007443 121.457489917155,25.1442672007443 121.457589213025,25.1451166997963 121.457589213025,25.1451166997963 121.457589213025,25.1451166997963 121.457589213025,25.1451166997963 121.457670473028,25.1458114242023 121.457674253021,25.1458672056157 121.457674253021,25.1458672056157 121.457674253021,25.1458672056157 121.457751957141,25.14659200426 121.457822569395,25.1472504689062 121.457822569395,25.1472504689062 121.457865220755,25.1476471176375 121.457865220755,25.1476471176375 121.457865220755,25.1476471176375 121.45787267267,25.1477219221566 121.457931186529,25.1483092980685 121.457957441721,25.1483543564568 121.458000663838,25.1483746252703 121.458645131361,25.1483628679524 121.458796181277,25.1483600498491 121.458832326724,25.1483447700937 121.458887341459,25.148362203195 121.458887341459,25.148362203195 121.458877530752,25.1484699380237 121.458877530752,25.1484699380237 121.458873505359,25.1485599598995 121.458856646044,25.1486923631865 121.458864995327,25.1487497553372 121.458904684085,25.1487679962556 121.458934844252,25.1487818578306 121.458914142457,25.1488420489742 121.458914801151,25.148885291117 121.458908715198,25.1489021924848 121.45890558181,25.1489109403985 121.458874949798,25.148996459978 121.458843085615,25.149200592487 121.458843085615,25.149200592487 121.458855275732,25.1493297453825 121.458856494611,25.1494427723356 121.458856494611,25.1494427723356 121.458826822579,25.1496496063999 121.458787881307,25.1498709141751 121.458752785109,25.1502178799122 121.458722162987,25.1503831880338 121.458727606373,25.1504590966661 121.458743249342,25.1504778261725 121.458754033213,25.1505759270692 121.458792906655,25.1506264530389 121.458823144465,25.1507280142012 121.458823144465,25.1507280142012 121.458762280431,25.1508170396117 121.458722734723,25.1508514693417 121.458525926529,25.1511629172177 121.458525926529,25.1511629172177 121.458525926529,25.1511629172177 121.458493362033,25.1512602503881 121.45843058227,25.1513938800165 121.458422905398,25.1514097932355 121.458470462367,25.1514219231747 121.458465670374,25.1514664462099 121.458465670374,25.1514664462099 121.458480228006,25.1515657992796 121.458467481602,25.1516315629275 121.458470066205,25.1516594514353 121.45846508063,25.1516788771962 121.458482213186,25.1517244152833 121.458494859855,25.1517903706542 121.458494859855,25.1517903706542 121.458487362157,25.1519066748195 121.458487362157,25.1519066748195 121.458492280216,25.1520539063819 121.458486024795,25.1521312959391 121.458453363793,25.1522821655049 121.458463819294,25.1522929665449 121.458466090253,25.1523956982483 121.458449435743,25.1524245494951 121.458453703847,25.1524517105141 121.458448966816,25.1525108587513 121.458411735706,25.1525806709932 121.458411735706,25.1525806709932 121.458416864874,25.1526257950739 121.458416864874,25.1526257950739 121.458416864874,25.1526257950739 121.458317740157,25.1529068750115 121.458317740157,25.1529068750115 121.458322855729,25.1529483879315 121.458366441052,25.1529329045503 121.458376397263,25.1529428043492 121.45842103218,25.152942665302 121.458360992133,25.1530665360935 121.458375951927,25.1530881567208 121.45837410394,25.1531242745228 121.458393010929,25.1531404660455 121.458397110884,25.1531756625172 121.458388295914,25.1532054824146 121.458404223855,25.1532207804146 121.458396383798,25.1532460832696 121.458421286283,25.1532739925252 121.458408479987,25.1532975052502 121.458391843396,25.1533047794862 121.458397124799,25.1533376249938 121.45838679686,25.1533607688757 121.458399011542,25.1534436982452 121.458375288248,25.1534919817257 121.458391688292,25.153553682231 121.458377849611,25.1535928166275 121.458373308572,25.1536249704916 121.458351724013,25.1536353296603 121.458367636051,25.1536463845473 121.458366115837,25.1536905362551 121.45833886926,25.1537251081279 121.458328948629,25.1537246876286 121.458320557446,25.1537880903997 121.458287191378,25.1538043544621 121.458242657272,25.1539369340728 121.458223506294,25.1540141832015 121.458212000982,25.1540143995902 121.458173936177,25.1540472897986 121.458149548091,25.1540507060998 121.458121419072,25.1541144411535 121.458105843349,25.1541664909862 121.458090587794,25.1542509503769 121.458073122469,25.1542752900971 121.458075573935,25.1542867582951 121.458078271734,25.1542993788538 121.458061726035,25.1543044860481 121.458066918046,25.1543399499648 121.458065358365,25.1543736292978 121.458070280415,25.1543900449532 121.458077200175,25.1544101558734 121.458074280336,25.1544514229689 121.458050076297,25.1544510469173 121.458055920108,25.1545015855812 121.458051905226,25.1545154109348 121.458024204289,25.1545347268266 121.458043035672,25.1545571479511 121.458039139992,25.154576299459 121.458016732883,25.1545789873319 121.458016778411,25.1546438985807 121.45800528783,25.154674449021 121.458020013763,25.1546865909958 121.458023656526,25.1547057190371 121.45804955147,25.1547337155382 121.458032956809,25.1548049981925 121.458015905942,25.1549396588908 121.458045935378,25.1549592464725 121.458084308925,25.1549292442993 121.45816025304,25.1551042415044 121.458128662646,25.1551707860138 121.458011980491,25.1552676586848 121.457975338517,25.1553097529816 121.457949242659,25.1554131146268 121.457935641512,25.1554363589412 121.457903532546,25.1554441326782 121.457903532546,25.1554441326782 121.457905341411,25.1555031702268 121.457936166043,25.1555495685391 121.457933998282,25.1555798191151 121.457945673145,25.1555982901967 121.457934144471,25.1556187293775 121.457962891365,25.155640126566 121.457966926504,25.1556580797436 121.457984532482,25.1556711155557 121.457996385255,25.1557105310588 121.457969455521,25.1557239763343 121.457987359963,25.1557636438417 121.457971857874,25.1557825606317 121.457975314156,25.1558048490545 121.457933819938,25.1558227633805 121.457849891807,25.1560309396009 121.457849891807,25.1560309396009 121.457849891807,25.1560309396009 121.45784462468,25.1561075135004 121.457814286389,25.1561642135135 121.457811091915,25.1562116204955 121.457811091915,25.1562116204955 121.457774720042,25.1562464914944 121.457768531498,25.1562890326664 121.45772641526,25.1563790826539 121.457725371091,25.1564179966163 121.457702044615,25.1564400975217 121.457710371765,25.156465169479 121.457701657579,25.156548344539 121.45767137769,25.1565413968853 121.45767137769,25.1565413968853 121.457586067871,25.1567781057483 121.457586067871,25.1567781057483 121.457557509908,25.1570448819012 121.457520514777,25.1570723518095 121.457491061139,25.1571534246217 121.457485119201,25.1571824230007 121.457463883706,25.1572066840883 121.457431598564,25.1572205070391 121.457424200915,25.1572580865483 121.457391528973,25.1573274329364 121.457393863073,25.1573943232119 121.457371626792,25.1574162401157 121.457346060042,25.1574758141578 121.457333140507,25.1575486200529 121.457315735146,25.1575626675657 121.457309051374,25.1575790290331 121.45732588401,25.1575973938456 121.457307011756,25.1576170432812 121.457283133241,25.1576771537445 121.457283133241,25.1576771537445 121.457266114966,25.1577679381049 121.457237093577,25.1578056750878 121.457238006682,25.1578375411132 121.457213409313,25.1578647015747 121.457210114321,25.1578853859492 121.457182364782,25.1579184244055 121.457198352127,25.1579494310671 121.4571642119,25.1579712043711 121.457150322601,25.1580235196861 121.457108860698,25.158050281131 121.457108860698,25.158050281131 121.45704810223,25.1581422847172 121.457044168709,25.1581514152232 121.456998857847,25.1582363289548 121.456998857847,25.1582363289548 121.456998857847,25.1582363289548 121.45691339983,25.1582754148094 121.456893189812,25.1583087006364 121.456894377059,25.1583343364871 121.456929999869,25.1583904703333 121.456946539045,25.1584099194585 121.456946539045,25.1584099194585 121.456448707638,25.1586284078244 121.456448707638,25.1586284078244 121.456448707638,25.1586284078244 121.455946460268,25.1588336370461 121.455946460268,25.1588336370461 121.455765408711,25.1589075054585 121.455640701229,25.1589552887787 121.455479842632,25.159017809295 121.455479842632,25.159017809295 121.455094633443,25.1591676024079 121.455094633443,25.1591676024079 121.454980454079,25.159139427071 121.454850966546,25.1591823493899 121.45473158389,25.1592218097198 121.454688957491,25.1592291638776 121.454649395822,25.1592071675293 121.454267703211,25.1592629660825 121.454174779212,25.1593220253182 121.454061462121,25.1593388963667 121.454061462121,25.1593388963667 121.453927405418,25.1594069298455 121.45377567045,25.1595491376748 121.453775744411,25.1595689990625 121.453705485322,25.1596145363621 121.453613829028,25.1597211689369 121.453551006675,25.1597659609918 121.453551006675,25.1597659609918 121.453551006675,25.1597659609918 121.453172828838,25.1599672773841 121.453172828838,25.1599672773841 121.452978125512,25.1600253854549 121.452978125512,25.1600253854549 121.452978125512,25.1600253854549 121.452884291365,25.1601334687697 121.452884291365,25.1601334687697 121.452687879263,25.1604259487892 121.452687879263,25.1604259487892 121.452687879263,25.1604259487892 121.452544682808,25.1605976506736 121.45247983844,25.1608193974325 121.45247983844,25.1608193974325 121.452526048343,25.1608419155833 121.452473572497,25.1608816579111 121.452473572497,25.1608816579111 121.452389145677,25.160945617064 121.452389145677,25.160945617064 121.452295681632,25.1612873436748 121.452223930351,25.1614123313207 121.452095510524,25.1616369817351 121.451911784723,25.1617671884545 121.451911784723,25.1617671884545 121.451846321538,25.1619295325428 121.451810686106,25.1620836597815 121.45177658672,25.162090264679 121.451769106725,25.1621061769422 121.451760110667,25.1621145103364 121.451771533525,25.162225610004 121.451771533525,25.162225610004 121.451813256165,25.1623487141312 121.451834517579,25.1623843997251 121.451856577265,25.1624213467841 121.45186267796,25.1624882255624 121.451837428194,25.1625540270032 121.451784171143,25.1626107961784 121.451726570479,25.1626732663171 121.451639819982,25.1627082829044 121.45153342372,25.1627512293521 121.451391924513,25.162953800682 121.451291184643,25.1630463760076 121.451119320337,25.1631391694175 121.451119320337,25.1631391694175 121.451119320337,25.1631391694175 121.451058973842,25.1631567785349 121.450975063883,25.1630259491896 121.450975063883,25.1630259491896 121.451021798955,25.1630026039205 121.450995833303,25.1629555573485 121.450967954629,25.1629544691841 121.450715638112,25.1630197927894 121.450644576691,25.1630101699939 121.450644576691,25.1630101699939 121.450207696956,25.1630070841102 121.449975545343,25.1629280473274 121.449975545343,25.1629280473274 121.449684960575,25.1628291161229 121.449363128462,25.1628198980428 121.449180899251,25.1628191907314 121.449165908911,25.1627353663236 121.449008387755,25.162763653528 121.448576471914,25.162653656058 121.448515150564,25.1626220644722 121.448312060238,25.1626401979552 121.448247298633,25.1626171933507 121.448174726859,25.1626283383857 121.448144059907,25.1626512726856 121.448013404648,25.1626750532511 121.447971779207,25.1626852914027 121.447857269417,25.1627296065151 121.447797770959,25.1627621079382 121.447625635921,25.1628898365358 121.447511845022,25.1629679139457 121.447416985595,25.1632309175647 121.447444996013,25.1634029061826 121.447444996013,25.1634029061826 121.447444996013,25.1634029061826 121.447367990751,25.1636385908611 121.447367990751,25.1636385908611 121.447374640427,25.1637205449414 121.44739605703,25.1637717588779 121.447290565869,25.1638681377265 121.446889691824,25.1642164831838 121.446889691824,25.1642164831838 121.446706360648,25.1644968937984 121.446717039685,25.1645084913068 121.446539140601,25.1648098071788 121.446449159373,25.1649657370112 121.446435354534,25.1649585136646 121.446367409997,25.1650851704619 121.44629695347,25.1652134464475 121.446129130618,25.1655161167663 121.446038147429,25.1656741119975 121.446038147429,25.1656741119975 121.44598465661,25.165911981612 121.445949656251,25.166025118378 121.446043254567,25.1660479217693 121.446036602423,25.1661143073117 121.446036602423,25.1661143073117 121.446015338591,25.1663257392128 121.445837092517,25.1663661068651 121.445558407911,25.1664299509952 121.445486066571,25.1664861216321 121.445249621984,25.1666593727475 121.445004397136,25.1668397126114 121.445089782503,25.1669394164346 121.445052607163,25.1670518266646 121.445024434316,25.1670770316296 121.444995379349,25.1671019805453 121.444947423078,25.167143717328 121.444879210307,25.1672019181155 121.444887801242,25.1672104874379 121.444841448667,25.1672540295108 121.444770502635,25.1673199185883 121.44469368484,25.1673770541394 121.444566670147,25.1674560337198 121.44450924793,25.1674905502003 121.444384907358,25.1675652422988 121.44428820028,25.1676202700757 121.444272168939,25.1676353380758 121.444240524967,25.1676659979093 121.444218373695,25.1676874809408 121.444141271425,25.1677635375725 121.444107728148,25.167795555056 121.443977009717,25.1679232030111 121.44389352944,25.1680086738033 121.443903067065,25.168021388887 121.443655007517,25.1681358084013 121.443655007517,25.1681358084013 121.44353736941,25.1681910228514 121.443463470051,25.1682527267043 121.443439960323,25.1682723927565 121.443362912307,25.1683346081825 121.443329173467,25.1682995156563 121.443230327302,25.1683613911273 121.443186606357,25.1683887595399 121.443155944304,25.1684078298689 121.443089227173,25.1684493238173 121.443043589825,25.1684777085424 121.442985274352,25.1685148588401 121.44296411346,25.1685283403941 121.442919955197,25.1685554319783 121.442875290892,25.1685828339739 121.442834933682,25.1686075932574 121.442797121391,25.1686307913062 121.442764813072,25.168650613818 121.442725096249,25.1686749798107 121.442692165259,25.1686951837411 121.442628049089,25.1687349200669 121.442595369398,25.1687551804816 121.44255199445,25.1687820720758 121.442452526206,25.1688437398291 121.442295252781,25.1689235733859 121.442279929777,25.1689307128135 121.442231212623,25.1689538211692 121.442191972417,25.1689723382956 121.442166579355,25.1689842966744 121.442166579355,25.1689842966744 121.442166579355,25.1689842966744 121.441964356048,25.1690296156072 121.441338293384,25.1691322390288 121.440993527547,25.1692097470768</coordinates></LineString></MultiGeometry>
  </Placemark>
  <Placemark>
	<name>景美溪左岸</name>
	<Style><LineStyle><color>ff0000ff</color></LineStyle><PolyStyle><fill>0</fill></PolyStyle></Style>
	<ExtendedData><SchemaData schemaUrl="#riverlineok">
		<SimpleData name="RIVER">景美溪左岸</SimpleData>
		<SimpleData name="RIVERCODE">114023</SimpleData>
	</SchemaData></ExtendedData>
      <MultiGeometry><LineString><coordinates>121.556008188524,24.9760001108865 121.556008188524,24.9760001108865 121.55601323912,24.9759226125326 121.556026740333,24.9759231048943 121.556040239536,24.9759236413017 121.55605373654,24.9759242217552 121.556076656199,24.9759253024327 121.556099568433,24.9759265069554 121.556111021505,24.9759271556358 121.556122472418,24.9759278352629 121.556133921074,24.975928545819 121.556145367372,24.9759292873133 121.556168535059,24.9759308885603 121.556191691956,24.9759326145497 121.556203266109,24.9759335243068 121.556226405316,24.9759354372934 121.556237970173,24.9759364405057 121.556249531723,24.9759374748584 121.556274892237,24.9759398612155 121.556300235336,24.9759423966698 121.55631290002,24.9759437202645 121.556338511947,24.9759465165958 121.55636410271,24.9759494694955 121.556376889799,24.975951004626 121.55638967116,24.9759525788506 121.55642130087,24.9759566419567 121.556442366472,24.9759594826815 121.556463414611,24.9759624288902 121.556494952734,24.9759670458019 121.556505456028,24.9759686374161 121.556526448037,24.9759718995395 121.556536936572,24.9759735700223 121.556557898359,24.9759769897862 121.556568371442,24.9759787390228 121.556589301581,24.9759823161797 121.556610209837,24.9759859981329 121.556633676443,24.9759902715109 121.556657115858,24.9759946670834 121.556668825139,24.9759969106483 121.556827170355,24.9760276189897 121.557084569561,24.9760775565937 121.557202329872,24.9761003994216 121.557223970613,24.9761045887261 121.557238216097,24.9761073612085 121.557271931289,24.9761138977634 121.557306684236,24.9761209486316 121.557318897533,24.9761237054305 121.55734319763,24.9761296634124 121.557367314651,24.9761362103128 121.557369752824,24.9761365713375 121.557397730621,24.9761454008511 121.557417809043,24.976152051404 121.557457441766,24.9761665933321 121.55747697554,24.9761744771826 121.557515427298,24.9761914502079 121.557543688145,24.97620521724 121.557562235127,24.9762148803742 121.557580536021,24.9762249257853 121.557592962683,24.9762320440035 121.557605263632,24.9762393413763 121.557615865258,24.9762458433789 121.557626380108,24.9762524614105 121.557637582304,24.97625974066 121.557648667213,24.976267167597 121.557659632479,24.9762747406592 121.557670475799,24.9762824582304 121.557681194866,24.9762903186851 121.557690522041,24.9762973446827 121.557735597596,24.9763341137336 121.557761339123,24.9763574405289 121.557789204295,24.9763842510653 121.557834288681,24.9764300733293 121.557869104159,24.9764677245636 121.557902778533,24.9765062284486 121.557943228623,24.9765555135249 121.557981809394,24.9766060285021 121.55801847586,24.9766577144882 121.558053185286,24.9767105112375 121.558073054638,24.976742696916 121.558110602852,24.9768081473125 121.55813398721,24.9768525360866 121.558166548439,24.9769201692357 121.558186555442,24.9769659089312 121.558213977909,24.9770354095855 121.558234428421,24.9770940693239 121.558256051536,24.9771652497691 121.558271614883,24.9772251429703 121.558287316672,24.9772976017722 121.558299749162,24.9773705860013 121.558306210675,24.9774194735883 121.55830889148,24.9774439731436 121.558311098443,24.977465515018 121.558342974399,24.9777753944322 121.558364428838,24.9779839540832 121.558382413622,24.9781589330628 121.558398450088,24.9783148067904 121.558405268619,24.9783684372101 121.558410673099,24.9784004559586 121.558420725673,24.9784485327147 121.558430372381,24.9784866874061 121.558435726919,24.9785056473927 121.558444418394,24.9785339253251 121.558447490635,24.9785433053756 121.558457168598,24.9785711246334 121.5584640487,24.9785895428318 121.558471269011,24.9786078525084 121.558478827478,24.9786260484523 121.558486721957,24.9786441254624 121.558494950187,24.9786620784012 121.558503509827,24.9786799021402 121.558512398428,24.9786975916058 121.558516965315,24.9787063844 121.558526342585,24.9787238629938 121.558531152318,24.9787325475409 121.55853604232,24.9787411947713 121.558546644254,24.9787593401995 121.558552077485,24.9787683477981 121.558563206319,24.9787862291793 121.558574682059,24.9788039274673 121.558580548876,24.9788127061906 121.558592538129,24.9788301193648 121.558598659609,24.9788387524198 121.558604865016,24.978847335559 121.558611153861,24.9788558680982 121.55862354256,24.9788723367734 121.558635984785,24.9788887718966 121.558648480406,24.978905173315 121.558661029326,24.9789215409024 121.558667323737,24.9789297119588 121.558679952402,24.9789460285161 121.558692634076,24.9789623108734 121.55869899477,24.9789704391842 121.558705368669,24.9789785588865 121.558874218577,24.9791980218004 121.558884374774,24.9792097924613 121.558892235411,24.9792174272332 121.558900671178,24.9792245337762 121.558909639468,24.9792310761826 121.558919094967,24.979237021408 121.558928989906,24.9792423394147 121.558939274292,24.9792470033328 121.558949896167,24.9792509896045 121.558960801863,24.9792542780817 121.558971936293,24.979256852152 121.558983243199,24.9792586988183 121.558994665465,24.9792598087434 121.55900614537,24.9792601763298 121.559017624922,24.9792597997099 121.559029046127,24.9792586807898 121.559040351273,24.9792568252211 121.559051483262,24.9792542423819 121.559584708208,24.9791128805464 121.559711823722,24.979079188133 121.559817075559,24.9790512836182 121.560093318161,24.9789780555208 121.56011161982,24.9789732199294 121.560129952592,24.9789684832753 121.560153011906,24.9789626735433 121.560164557733,24.9789598224544 121.560176114151,24.9789570072657 121.560187681033,24.9789542280048 121.56019925825,24.9789514847083 121.560210845653,24.9789487774039 121.560220917691,24.9789464578902 121.560241084659,24.97894190233 121.560261281537,24.9789374582062 121.560261281537,24.9789374582062 121.560281507574,24.9789331256838 121.560301762028,24.9789289049194 121.560322044167,24.978924796069 121.560342353238,24.9789207992799 121.5603626885,24.9789169146994 121.560393238868,24.9789112985328 121.560423843956,24.9789059356187 121.560454501251,24.9789008264088 121.560474967186,24.9788975614271 121.560495454452,24.9788944094937 121.560526223682,24.9788898938533 121.560546760961,24.9788870250814 121.560567316929,24.978884269756 121.560587890833,24.9788816279792 121.560598184277,24.9788803497051 121.560608481921,24.9788790998532 121.560618783665,24.9788778784417 121.56063203689,24.9788763546116 121.560645296169,24.978874875212 121.560658561335,24.9788734402616 121.560668806529,24.9788723646834 121.560679055228,24.978871317241 121.560689307343,24.9788702979347 121.560699562775,24.978869306774 121.560709821434,24.9788683437771 121.560720083242,24.9788674089536 121.560730348079,24.9788665022947 121.560740615867,24.9788656238278 121.560750886517,24.9788647735443 121.560761159928,24.9788639514626 121.560771436004,24.9788631575921 121.560781714663,24.9788623919331 121.560791995798,24.9788616544949 121.560812565157,24.9788602643098 121.560833143328,24.9788589870848 121.560843435482,24.9788583908466 121.560853729568,24.9788578228676 121.560864025475,24.9788572831571 121.560874323125,24.9788567717064 121.560884622409,24.9788562885249 121.560894923247,24.978855833631 121.56090522555,24.978855407007 121.56091552921,24.9788550086713 121.560925834137,24.9788546386242 121.560936140242,24.9788542968662 121.560946447427,24.9788539834066 121.560967245961,24.978853433767 121.560988047782,24.9788529996542 121.561008852128,24.978852681089 121.561029658206,24.9788524780744 121.561050465254,24.9788523906223 121.56107127251,24.9788524187446 121.56109207919,24.9788525624261 121.561112884513,24.9788528216609 121.561133687725,24.9788531964608 121.561154488045,24.9788536867836 121.56118567648,24.9788546340625 121.56120646294,24.9788554095566 121.561216854137,24.9788558404827 121.561237631981,24.9788567886769 121.561258403117,24.978857851975 121.561279166782,24.9788590303258 121.561299922204,24.9788603236869 121.56132066862,24.9788617320163 121.561341405256,24.9788632552625 121.561362131361,24.9788648933563 121.561372490216,24.9788657554595 121.561393199066,24.9788675657262 121.561415108985,24.9788695971813 121.56143700384,24.9788717594353 121.561458882678,24.9788740523835 121.561469815807,24.9788752478442 121.561491668871,24.9788777366507 121.561502588569,24.9788790299793 121.561513503571,24.9788803559074 121.561524413749,24.9788817144174 121.561542015082,24.9788839772746 121.561558388362,24.9788861531813 121.561574750947,24.9788883949236 121.561587337368,24.9788901723117 121.561599916408,24.978891992583 121.561612487897,24.9788938557203 121.561625051647,24.978895761688 121.561635176383,24.978897330087 121.561645295916,24.978898926104 121.561655410166,24.9789005497211 121.561665519035,24.9789022009387 121.561675622433,24.9789038797211 121.561685720282,24.9789055860686 121.561695812471,24.9789073199634 121.561705898931,24.9789090813789 121.561715979554,24.9789108703155 121.561726054261,24.9789126867462 121.561736122951,24.9789145306625 121.561746185546,24.9789164020377 121.561756241947,24.9789183008629 121.561766292075,24.9789202271206 121.561776335819,24.9789221807839 121.561786373112,24.9789241618533 121.561796403853,24.9789261702929 121.561806427944,24.9789282061031 121.561816445315,24.978930269248 121.561826455858,24.9789323597101 121.561836459492,24.9789344774896 121.561846456129,24.9789366225508 121.56185644568,24.9789387948759 121.561866428044,24.9789409944473 121.561876403144,24.9789432212471 121.56188637088,24.9789454752577 121.561896331172,24.9789477564524 121.561906283932,24.9789500648134 121.56191622906,24.9789524003231 121.561926166476,24.9789547629636 121.561936096093,24.9789571526992 121.561946352558,24.978959650919 121.56195660046,24.9789621781417 121.561966839717,24.9789647343315 121.561977070222,24.9789673194617 121.561987291875,24.9789699335237 121.561997504577,24.9789725764816 121.562007708239,24.9789752483088 121.562017902751,24.9789779489876 121.562028088025,24.9789806784823 121.562038263961,24.9789834367661 121.56204843045,24.9789862238214 121.562058587403,24.9789890396214 121.56206873473,24.9789918841305 121.562078872314,24.9789947573218 121.562089000073,24.9789976591778 121.56209911791,24.9790005896535 121.562109225715,24.9790035487405 121.562119323399,24.9790065364029 121.562129410862,24.9790095526051 121.562139488015,24.9790125973201 121.56214955475,24.9790156705305 121.562160077404,24.9790189652298 121.562170595762,24.979022271329 121.562181109794,24.9790255888192 121.562191619491,24.9790289177005 121.562202124843,24.9790322579729 121.562212625819,24.9790356096274 121.56222312243,24.9790389726641 121.562233614646,24.9790423470651 121.562244102447,24.9790457328393 121.562254585823,24.9790491299778 121.562265064765,24.9790525384717 121.562276867547,24.979056635875 121.56228865375,24.9790607727657 121.562300423187,24.9790649490905 121.562312175727,24.9790691647957 121.562347330284,24.979082047604 121.56236698273,24.9790894323773 121.562386584672,24.9790969278522 121.562406135355,24.9791045337334 121.562415891239,24.9791083779916 121.562425634026,24.9791122497531 121.56244507994,24.979120075589 121.562474148273,24.9791320196158 121.562493459046,24.9791401187138 121.562512714472,24.9791483265635 121.562531913807,24.9791566428608 121.562551056317,24.9791650672836 121.562570141267,24.9791735995186 121.562591205663,24.9791831742046 121.562612196608,24.979192881978 121.56263311309,24.9792027223731 121.562643543097,24.9792076921594 121.562921175373,24.9793399698311 121.56329183911,24.9795165841625 121.563529260599,24.9796297107104 121.563986237021,24.9798474265426 121.564217230703,24.9799574767867 121.56425995113,24.9799778296343 121.56429676365,24.9799953673545 121.564381017808,24.9800355065205 121.564460006186,24.9800731369715 121.564547438116,24.9801147898952 121.564685006066,24.9801803276585 121.564698467705,24.9801867408112 121.56472677722,24.980200227516 121.564821069808,24.9802451548001 121.564849213709,24.9802578677451 121.564877807665,24.9802697169896 121.564897104611,24.9802771300912 121.56492637757,24.9802875109434 121.564956014526,24.980296995026 121.564996039483,24.9803082273664 121.565026396567,24.9803155796083 121.565057006071,24.9803220037788 121.56508783387,24.9803274927126 121.565118845575,24.9803320402747 121.565150006592,24.980335641405 121.565181282166,24.9803382920826 121.565202178968,24.9803395296661 121.565244037343,24.9803407313244 121.565275446943,24.980340517157 121.565306831185,24.9803393471096 121.565348576892,24.9803363025093 121.56537976594,24.9803329089566 121.565421124881,24.9803269112982 121.565441684233,24.980323284496 121.565472344408,24.9803170643142 121.565502759608,24.9803099144019 121.565532895893,24.9803018427338 121.565552815183,24.9802959539418 121.565572585688,24.9802896623812 121.565592197617,24.9802829711678 121.565611641238,24.9802758836159 121.5656309069,24.9802684032561 121.565649985081,24.980260533781 121.56566886629,24.9802522790998 121.565687541195,24.9802436432928 121.565706000516,24.9802346306564 121.56572423511,24.9802252456584 121.565742235945,24.9802154929375 121.566067261759,24.9800389130353 121.566100696953,24.9800207386622 121.566119494196,24.9800104796579 121.566128898951,24.9800053595027 121.566138307794,24.9800002455879 121.566157137708,24.9799900364884 121.566175983908,24.9799798523687 121.566185413097,24.9799747696921 121.566194846335,24.979969693265 121.566204283632,24.9799646230964 121.566222305094,24.9799552754669 121.566240440157,24.9799461121907 121.566249549576,24.9799416000398 121.566267850778,24.9799327154132 121.566286259877,24.9799240179692 121.566304774581,24.9799155087728 121.566323392556,24.9799071888981 121.566342111481,24.9798990593922 121.566360929011,24.9798911212752 121.566379842795,24.9798833755218 121.56639885046,24.9798758231162 121.566417949633,24.9798684649972 121.566437137911,24.9798613020949 121.566456412911,24.9798543352939 121.566485482713,24.9798442547009 121.566504963914,24.9798377819312 121.566524523343,24.9798315082112 121.566534331623,24.9798284462427 121.566544158546,24.9798254343267 121.566636236942,24.9798020982335 121.566656468137,24.9797956851359 121.566666646592,24.9797926477595 121.566676864939,24.9797897237591 121.566687121645,24.979786913583 121.566697415204,24.9797842176432 121.566707744064,24.9797816363428 121.566718106702,24.9797791700667 121.566728501575,24.979776819182 121.566738927128,24.9797745840286 121.566749381817,24.9797724649554 121.566759864091,24.9797704622664 121.566770372384,24.9797685762653 121.566780905124,24.979766807229 121.566791460765,24.9797651554162 121.566802037716,24.9797636210856 121.566833175215,24.9797606676833 121.566856110034,24.9797574114723 121.566866708941,24.9797559978769 121.566877316653,24.9797546402126 121.566887932802,24.9797533385168 121.566898557032,24.979752092836 121.566909188998,24.9797509032077 121.566919828332,24.9797497696694 121.566941127701,24.9797476710396 121.566951787022,24.979746706014 121.566962452297,24.9797457972283 121.566973123158,24.9797449447018 121.56698379925,24.979744148472 121.566994480215,24.9797434085674 121.567005165708,24.9797427250074 121.567015855362,24.9797420978113 121.56702654881,24.9797415270077 121.567037245706,24.979741012616 121.567050043289,24.9797404720652 121.567062844691,24.9797400125894 121.567075649288,24.9797396341999 121.567088456455,24.9797393369081 121.567115069358,24.9797389736993 121.567262805781,24.9797442248569 121.567284210187,24.9797454196695 121.567305592775,24.9797469041031 121.567316274399,24.9797477548194 121.567326948808,24.9797486778235 121.567348273589,24.9797507404425 121.567358922783,24.9797518799445 121.567380191863,24.9797543750467 121.56739081057,24.9797557304979 121.567412013385,24.9797586568234 121.567422596334,24.9797602275488 121.567463883886,24.9797667034363 121.567484464783,24.9797702600102 121.567505000259,24.9797740284186 121.567525487696,24.9797780081751 121.567545924458,24.9797821987661 121.567566307947,24.9797865996508 121.567586635556,24.9797912102885 121.567606904686,24.979796030066 121.567627112741,24.9798010583795 121.567651928614,24.9798075384624 121.567676641136,24.9798143387745 121.567688957084,24.9798178585879 121.567687049817,24.9798252869767 121.567669292266,24.9798969296365 121.567722205954,24.9799166619158 121.567762094911,24.9799321374447 121.567865694362,24.9799776742799 121.568082080544,24.9800844036101 121.568588481194,24.9803535573625 121.569117046249,24.9806344965808 121.569244757023,24.9807023962048 121.57008811591,24.9811506916249 121.570156430065,24.9811870028533 121.57052530009,24.9813529273214 121.570718325943,24.9814221193752 121.570875004918,24.9814825500424 121.57104597832,24.9815574105428 121.571682606141,24.9819981389738 121.57213426227,24.9822382600444 121.572619192066,24.9824960683232 121.572676953955,24.9825313536477 121.572751720711,24.9825768294467 121.572807634325,24.9826108217835 121.572872994466,24.9826505737866 121.572922878707,24.9826808967885 121.573171406526,24.9828320184345 121.573202845046,24.9828511362638 121.573350581341,24.9829409656896 121.573468428859,24.9830126282079 121.573869999368,24.9832567984498 121.573946495333,24.983303314225 121.573972828357,24.9833193188215 121.574064999114,24.9833753709638 121.574196098398,24.9834550799896 121.574155648849,24.9835103466243 121.57424465675,24.9838651840758</coordinates></LineString></MultiGeometry>
  </Placemark>
  <Placemark>
	<name>新店溪</name>
	<Style><LineStyle><color>ff0000ff</color></LineStyle><PolyStyle><fill>0</fill></PolyStyle></Style>
	<ExtendedData><SchemaData schemaUrl="#riverlineok">
		<SimpleData name="RIVER">新店溪</SimpleData>
		<SimpleData name="RIVERCODE">114020</SimpleData>
	</SchemaData></ExtendedData>
      <MultiGeometry><LineString><coordinates>121.53575560322,24.9958847009587 121.535603216092,24.9963316511921 121.535603216092,24.9963316511921 121.535603216092,24.9963316511921 121.535603216092,24.9963316511921 121.535575479051,24.9964392128962 121.535545522507,24.9967455278695 121.535421444837,24.9980050104823 121.535347306852,24.9987599296074 121.535284223949,24.9993799827847 121.53530461776,25.0000513312801 121.535335306944,25.0006660001927 121.535346854038,25.0008959682207 121.535349825136,25.0009552000943 121.535352945127,25.0010099263964 121.535361111043,25.0010814449094 121.535365065232,25.001113778455 121.535407818079,25.0015059327694 121.535462392141,25.0020082959595 121.535463283542,25.0020176396138 121.535465874973,25.0020456770225 121.535466711203,25.0020550249109 121.535469918074,25.0020924264676 121.53547361606,25.0021391996437 121.535477597863,25.0021953557931 121.535481082201,25.0022515393907 121.535483605643,25.0022983773994 121.535488548321,25.0024202183346 121.535489005948,25.0024480851 121.535489061054,25.0024607979086 121.535489605202,25.0024811993773 121.535489628547,25.0024865847961 121.535489682162,25.0024989533044 121.535489747805,25.002514096771 121.535489822234,25.0025312668925 121.535489911976,25.0025519698742 121.535489456723,25.0025667726018 121.535488877122,25.0025856184927 121.535488522702,25.0025971425817 121.535488205576,25.0026428260324 121.535486155333,25.0026886421156 121.535484747651,25.0027341399011 121.535481694368,25.0027793908228 121.535475246272,25.0028688105199 121.53547118074,25.0029136588191 121.535467628381,25.0029489083748 121.53546148759,25.0030018082023 121.535447253671,25.0031211660972 121.535434742273,25.0032288083124 121.535418413763,25.0033609124236 121.535415916142,25.0033858029222 121.535411958767,25.0034304702654 121.535408661963,25.0034766880677 121.535406319835,25.0035260261641 121.535405802449,25.0035666545812 121.535405989362,25.0036006357642 121.535405989362,25.0036006357642 121.535401059543,25.0036220862735 121.535379789132,25.0037180144174 121.535379789132,25.0037180144174 121.535331370097,25.0039900455499 121.535331370097,25.0039900455499 121.535331370097,25.0039900455499 121.535310755424,25.0040618861365 121.535241244052,25.004259257209 121.535241244052,25.004259257209 121.53517434266,25.0044046292672 121.535067228046,25.0046148823628 121.53489941973,25.0049044761225 121.534764860153,25.0051120560608 121.534593534898,25.0053722214136 121.53453801653,25.0054865271883 121.534446136976,25.0056756958561 121.53432295667,25.0059293079279 121.534289493815,25.0059987641103 121.534212824469,25.0061342627067 121.534057996885,25.0064024302963 121.534057996885,25.0064024302963 121.534033593381,25.0064546011511 121.534013154736,25.0065026589994 121.533995271669,25.0065725162238 121.533978282172,25.006642557572 121.53397443226,25.0066990717804 121.533971320829,25.0067556236657 121.533971786733,25.0067694350178 121.533973886589,25.0067968278254 121.533982250603,25.0068661247355 121.533987672281,25.006896484896 121.534072462444,25.0072206330383 121.534127359207,25.0074362260224 121.534105988097,25.0083007172017 121.534101423692,25.0084826082381 121.534101536215,25.0085022307386 121.534101536215,25.0085022307386 121.534101958987,25.0085120351926 121.534104690357,25.008541360738 121.534122582154,25.0086180364738 121.534137172408,25.008654950526 121.534160473921,25.0086991493963 121.534182978941,25.0087325985171 121.534208719489,25.008764050377 121.534237483519,25.0087932458617 121.534269034059,25.0088199444539 121.534875242852,25.009300514023 121.534903364123,25.0093952291018 121.534908752732,25.0094187521146 121.534910611536,25.0094306499578 121.534912641015,25.0094546087508 121.53491075835,25.0094966424254 121.534902871714,25.0095342404354 121.534888260722,25.0095739770625 121.534855921222,25.0096328346161 121.534723207168,25.0097698629346 121.534710579032,25.0097618641746 121.534645547927,25.0098561922879 121.533823675297,25.0102451973358 121.533613405097,25.0103545041863 121.53344330269,25.010444514657 121.533356163539,25.0104455918559 121.533355717335,25.0104438123357 121.533348726669,25.0104450748997 121.533074210988,25.0104243155489 121.53298328356,25.0104281223092 121.532897190638,25.0105163189943 121.532873827846,25.0105386911144 121.532841953015,25.0105573201711 121.532801163418,25.0105817827074 121.532757579307,25.010608463927 121.532641335913,25.0105810563914 121.532450882884,25.0105232671343 121.532399021521,25.0105068812803 121.532356606435,25.0104863868419 121.53232842188,25.0104756211017 121.532311562239,25.0104727395846 121.532304742206,25.0104715661545 121.532295178184,25.0104873364391 121.532231885657,25.010457543198 121.532198861983,25.0104229742277 121.532149745591,25.010378154329 121.53201037723,25.0103057794923 121.532060089105,25.0101884485874 121.531998488233,25.0101868407948 121.531942570271,25.0102002073654 121.531844426367,25.0102209066895 121.531748375532,25.0102212501586 121.53152961923,25.0101987007217 121.531348017517,25.0102148000446 121.531187265681,25.0101784655053 121.531169034876,25.0102059061267 121.531147499176,25.0102344795505 121.531100027731,25.0102966031839 121.531061347288,25.0103532473272 121.53101469422,25.0104112370348 121.530966141815,25.0104657239158 121.530903695359,25.0105137417522 121.530834626945,25.010548314305 121.530735080292,25.01060253774 121.530676717143,25.0106219113175 121.530636646757,25.010632801883 121.53058663213,25.0106385049791 121.530493701637,25.010664124163 121.530458074755,25.0106736370255 121.530396491588,25.0106766618303 121.530284127892,25.0106919487315 121.530235651025,25.0107111320059 121.53018370857,25.0107261650669 121.530114309218,25.0107404723937 121.530012632407,25.0107519776878 121.529959674735,25.0107582839935 121.529911877467,25.0107697012289 121.529872452654,25.0107698417059 121.529842002839,25.0107609660587 121.529803322227,25.0107474627755 121.52974776222,25.0107168067827 121.529639615919,25.0106617935889 121.529585881715,25.0106433995077 121.52955218887,25.0106262112227 121.529456930902,25.0106117624481 121.529157234288,25.0106382651516 121.528890389584,25.0107314276269 121.528634483432,25.0109620282976 121.528629008606,25.0109669617278 121.528624053137,25.0109642438223 121.528298181395,25.0114576028896 121.528254110393,25.0115243245788 121.528230140866,25.011561474778 121.528212614593,25.0115871474409 121.528091211765,25.0117688000694 121.527230023546,25.0130671924368 121.526889621017,25.0135790654982 121.52669206046,25.0138760953341 121.526439796569,25.0142563682498 121.526217496461,25.0145911322951 121.525959148918,25.0149790005171 121.525512613501,25.0156516032404 121.52544145306,25.0157581788658 121.524135695695,25.0177635829531 121.523089716419,25.019369960783 121.522959285118,25.0195702691304 121.522866530956,25.0197127147926 121.522793118741,25.0198267723505 121.522676864761,25.0200078422314 121.522624128237,25.0200827357612 121.522610735141,25.0200997827819 121.522588369144,25.0201200069139 121.522580330022,25.0201286261488 121.522569648994,25.0201403370449 121.52255714312,25.0201516390609 121.522527920306,25.0201765690876 121.522510155631,25.0201907966354 121.522490471458,25.020205662895 121.522473014623,25.0202177135807 121.522456721665,25.0202285142944 121.522444202512,25.0202366835917 121.522425485366,25.0202459309568 121.522408525361,25.0202536373657 121.52239008924,25.0202613940999 121.522369123421,25.0202684194145 121.522352022302,25.0202732192597 121.522326432318,25.0202786086699 121.522265572621,25.0202918771282 121.522219598638,25.0203013014674 121.522210334065,25.020305353868 121.52220122918,25.0203084259761 121.522014911357,25.0203478228249 121.522014075285,25.0203442387036 121.521724568763,25.0204057344798 121.520966771693,25.0205666996443 121.520095479499,25.0207502764512 121.519544368432,25.020862501414 121.518867686149,25.0210002938841 121.518595730628,25.0210552963404 121.518380825918,25.0210987599996 121.518318846135,25.0211112951114 121.51764262084,25.0213231847613 121.516547007337,25.0216650054245 121.516476209625,25.0216870932743 121.516476209625,25.0216870932743 121.516441668494,25.0217568716942 121.516442526365,25.0217664681457 121.516442823652,25.0218077969655 121.516441923695,25.0218166124126 121.516435254372,25.0218471596509 121.516432478702,25.0218563147776 121.516423697034,25.0218864179471 121.516401821693,25.0219580237206 121.516368706511,25.0220761091742 121.516294673668,25.0223420651216 121.516226062383,25.0225823507376 121.516154897786,25.0228316382741 121.51610148787,25.0230145891287 121.5160872078,25.0230543985348 121.516076348405,25.0230781621273 121.516037744403,25.0231514780593 121.515989031553,25.0232195385916 121.515961331818,25.0232513956511 121.51590852426,25.0233046552275 121.515900205778,25.0233105072316 121.515875554459,25.0233320796982 121.515841131421,25.0233579292838 121.51577052277,25.0234075400232 121.51566364889,25.0234808489447 121.515485379283,25.023602823173 121.515418040927,25.0236489955822 121.515357357091,25.0236896029355 121.515329799237,25.0237080436038 121.515320164576,25.0237119320087 121.515290144453,25.0237268150986 121.515240553479,25.0237484558506 121.515199709168,25.0237647396838 121.51512668669,25.0237916527699 121.515084381257,25.0238044748375 121.515041504142,25.0238156467282 121.514955005856,25.0238354019804 121.514911353719,25.0238436875207 121.514856967327,25.0238511796386 121.514812634933,25.0238555402747 121.514600806501,25.0238712513502 121.514428953374,25.0238832486604 121.514071869663,25.023907045188 121.513849485871,25.023921147737 121.513839173159,25.0239226377522 121.513794655017,25.0239252382443 121.513626759489,25.0239215932764 121.513304396538,25.0239124056409 121.513270213588,25.0239127674277 121.513259936972,25.0239147981239 121.513181342909,25.0239196738009 121.512959059855,25.0239352019559 121.512870063072,25.0239403842076 121.512558731288,25.0239605434275 121.512548370739,25.0239614548772 121.512514253407,25.0239633059039 121.512459234984,25.0239641997701 121.512425244684,25.0239608501413 121.512414702221,25.0239609045374 121.512338548616,25.0239426413133 121.512306100548,25.0239308911986 121.512287649103,25.0239237041962 121.512248508623,25.023904184855 121.512220522068,25.0238863063016 121.51221100167,25.0238819424106 121.512186151457,25.0238605501333 121.512116848307,25.0237953891894 121.512059077365,25.0237466106407 121.51202582123,25.0237195866581 121.511956802949,25.0236681203146 121.511899314664,25.0236277368805 121.511854408208,25.0235988119292 121.511750119858,25.0235387728422 121.511702071416,25.0235143727204 121.511631568591,25.0234823849893 121.511591395722,25.0234647378451 121.511451556556,25.0234120253246 121.511356423224,25.0233852772558 121.510937470026,25.0232770621993 121.51076601671,25.0232323392302 121.509969416289,25.0230293831264 121.509649612336,25.0229479027821 121.509099861021,25.022806176077 121.509005604935,25.0227756768134 121.508853337193,25.022712080343 121.50884390759,25.022708058991 121.508827007784,25.0226989821526 121.508761024797,25.0226635428441 121.508660879891,25.0226097551524 121.508651833824,25.0226050282818 121.506442184998,25.0211402294287 121.505901519078,25.0207802332583 121.505687320718,25.020637646481 121.505426761295,25.0204645032912 121.505188042493,25.0203045927123 121.50495717804,25.0201499107246 121.504434497976,25.0198006802919 121.504317771484,25.0197236149057 121.504173504126,25.0196280719523 121.504031414416,25.0195465060505 121.504022887276,25.0195401610963 121.50390387453,25.0194854387285 121.5036480117,25.0193777062759 121.503420058577,25.0192816154507 121.50318658851,25.0191834754994 121.503095835929,25.0191461082107 121.502821950596,25.019030842636 121.502812462533,25.0190269474851 121.502498073306,25.0188946648217 121.50248861484,25.0188907334372 121.502358619,25.0188360440525 121.502306188654,25.0188128559888 121.502248209965,25.0187856758239 121.502169554822,25.0187475418097 121.50212829773,25.0187262768004 121.502091195075,25.0187070353897 121.502014594485,25.0186654125271 121.501948556305,25.0186262998999 121.501939816315,25.0186211743404 121.501875492665,25.0185797176046 121.501867028599,25.0185742209557 121.501723139122,25.0184782228877 121.501469713798,25.0182999467212 121.50135851666,25.0182222841675 121.501314265855,25.018191514216 121.501243036313,25.0181426412983 121.501109879538,25.0180493961309 121.501101681701,25.0180435644988 121.501031172053,25.017993813321 121.500894236296,25.0178992863684 121.500746767734,25.0177976781522 121.500543348933,25.0176543823484 121.500535131442,25.0176485778347 121.500401403852,25.0175560200738 121.500393215879,25.0175501612839 121.500296324114,25.0174790025341 121.50026319081,25.0174535315905 121.500152301108,25.0173684174707 121.499928704872,25.0171986922571 121.49981838196,25.0171147626473 121.499778295086,25.0170877096977 121.499707059886,25.0170381576397 121.499667776748,25.0170110750746 121.499527286269,25.0169216900508 121.499418992086,25.0168555976922 121.499351209732,25.0168186604641 121.499295305219,25.0167880943832 121.499043808983,25.0166552375664 121.498998390771,25.0166346619196 121.498812651671,25.0165565157883 121.498716174207,25.0165194175305 121.49850330648,25.0164460669776 121.498336638621,25.0163962990664 121.4981894627,25.016340995402 121.498032947689,25.0162884478058 121.497845682261,25.0162388168322 121.497793530096,25.016225370998 121.497669643532,25.0161992187018 121.497555148199,25.0161801242837 121.497447631224,25.0161670502134 121.497412641671,25.0161628096371 121.497304847076,25.0161544590622 121.497207340065,25.016148763799 121.497083410049,25.0161468644966 121.496874117398,25.0161526861879 121.496725541739,25.0161653169288 121.496503501135,25.0161962967887 121.496296929168,25.0162279243173 121.496211962312,25.0162402186488 121.496093451728,25.0162586529722 121.495948130925,25.016287165263 121.495842391062,25.0163152667356 121.49569474625,25.0163491856596 121.495591883638,25.016369354346 121.495534649553,25.016381085812 121.495491888429,25.016390526942 121.49541193167,25.0164096497559 121.495364541308,25.0164221342054 121.49530843674,25.0164377522027 121.495238775589,25.0164586221522 121.495197244115,25.0164718583622 121.495142195393,25.016490334459 121.49510116442,25.0165048088288 121.495033290446,25.0165301000256 121.495007682885,25.0165400072119 121.494979472755,25.0165513754287 121.494952730961,25.0165623580424 121.494926103684,25.0165735693142 121.494899593277,25.0165850082523 121.494873202105,25.0165966738376 121.494846932481,25.0166085650424 121.494807761034,25.0166268225987 121.494768876103,25.0166455817883 121.494743115825,25.0166583647684 121.494679302193,25.0166912829219 121.494628873744,25.016718595961 121.49457901792,25.0167467683272 121.494505346396,25.0167906162666 121.494456998851,25.0168208927404 121.494409284737,25.0168519923641 121.494362220923,25.0168839041402 121.494292880874,25.0169332698315 121.494237674911,25.0169746897046 121.494196476752,25.0170068888971 121.494155899683,25.0170397364018 121.494123893474,25.0170664745058 121.494076657751,25.0171073363456 121.494030368612,25.017149087936 121.494000045063,25.0171774076699 121.493962753814,25.017213343703 121.493918918543,25.017257239227 121.493890257951,25.0172869621031 121.493855075294,25.0173246221799 121.49382322815,25.0173598764168 121.493800294253,25.0173860218778 121.493767016793,25.0174250932961 121.49374093515,25.0174567266107 121.493709016794,25.0174967284395 121.493677867131,25.0175372302699 121.493647495575,25.017578219829 121.493617911331,25.017619684709 121.493594816823,25.0176531904131 121.493555641109,25.0177125185107 121.493466523284,25.0178462926522 121.493393623353,25.0179770570532 121.493345969046,25.0180762062034 121.493291826243,25.0181904033355 121.493098892896,25.0186183287649 121.492540119365,25.0199021397462 121.491929653062,25.0212598959236 121.491370389446,25.0224998626694 121.491368622386,25.022503770547 121.491101688835,25.023093993528 121.491047838706,25.0232113158209 121.491002457808,25.0233101861706 121.490815331665,25.0237214446892 121.490806761259,25.0237404818799 121.490612241938,25.0241725504531 121.490547640359,25.0243160316235 121.490514942706,25.0243886640993 121.490510718913,25.0243980471335 121.490500781551,25.0244201226922 121.49043747169,25.0245607634901 121.490352528777,25.0247483789455 121.49023597828,25.0250121050387 121.490139888549,25.0252266682685 121.49006997579,25.025377178728 121.489947131104,25.0256487220157 121.489873002742,25.0258123486672 121.489822143429,25.0259246122998 121.489769544002,25.0260407167197 121.48971641526,25.0261579892767 121.48966270668,25.0262765414845 121.489620050394,25.0263706975307 121.489601937338,25.0264106787831 121.489494476589,25.0266069568103 121.489467561361,25.0266561176075 121.489397026203,25.0267849502178 121.489324087958,25.0269181717562 121.489311448562,25.0269412575529 121.489267187407,25.0270221002621 121.48920280519,25.0271396937488 121.4891482605,25.0272393188958 121.489124487569,25.0272871420017 121.489116109815,25.0273056910969 121.489073450646,25.0274001422129 121.489033043881,25.0274896061672 121.488997118598,25.0275691476312 121.488951214745,25.0276707822905 121.488899831334,25.0277845489004 121.488869267083,25.0278522202681 121.48884791653,25.027899491824 121.488823477428,25.0279536015868 121.488808379557,25.0279868941637 121.488791749916,25.0280215847848 121.488764102686,25.0280807646918 121.488753754341,25.0281034264698 121.488735307561,25.0281445546358 121.488714562627,25.0281919888089 121.488693583858,25.0282413204544 121.488673826607,25.0282891282185 121.488639227402,25.0283763199272 121.488607827368,25.028459753854 121.488568705283,25.028570428623 121.488533794008,25.0286767343846 121.488508933889,25.028757678428 121.488481011414,25.0288549059378 121.488457591759,25.0289427018787 121.488423901499,25.0290818907324 121.488403398205,25.0291763982589 121.488394724052,25.0292192655431 121.488380515246,25.0292940746591 121.48836431243,25.0293881477969 121.4883490433,25.0294885960971 121.488332788637,25.0296149785341 121.488326020702,25.0296768893293 121.488314736768,25.0298018888298 121.488307488864,25.0299108161042 121.48830314324,25.0300053368528 121.488300377871,25.0301137115228 121.488300077222,25.0301384548588 121.488300377739,25.0303811146778 121.48830089084,25.0307955696116 121.488304634581,25.0308553689946 121.48831185803,25.0309519887697 121.488317937735,25.0310213226519 121.488326004094,25.0311024418785 121.488337372689,25.0312024875471 121.488353117491,25.0313227036242 121.488370231201,25.0314371414936 121.488391998129,25.0315659854093 121.488417383988,25.0316995701663 121.488445433904,25.0318321073054 121.488481648558,25.0319861005303 121.488510406252,25.0320978820179 121.48856723687,25.032298246589 121.488629137474,25.0324931018825 121.488639554089,25.0325239695298 121.488657080526,25.0325748082821 121.488823328512,25.0329761368517 121.488858044012,25.0330571188775 121.488886301555,25.03312068104 121.488922799542,25.033196895697 121.488979401247,25.033312678448 121.489007145723,25.0333666779671 121.489077467801,25.0334953496213 121.489141424475,25.0336122931872 121.489186334855,25.0336893117238 121.489284721805,25.0338496895122 121.489351648449,25.0339561606317 121.489408027776,25.0340417347269 121.489501857533,25.0341769812094 121.489602684611,25.0343194096645 121.48971163629,25.034473206108 121.489875467819,25.0347044094244 121.490010993145,25.0348921578163 121.490204372257,25.0351693757304 121.490296125536,25.0352954032079 121.490350862125,25.0353705863543 121.490362035412,25.0353859333482 121.490403913494,25.035443428171 121.49054241927,25.0355924675824 121.490633792219,25.0356986725876</coordinates></LineString></MultiGeometry>
  </Placemark>
  <Placemark>
	<name>磺溪右岸(磺溪橋下游</name>
	<Style><LineStyle><color>ff0000ff</color></LineStyle><PolyStyle><fill>0</fill></PolyStyle></Style>
	<ExtendedData><SchemaData schemaUrl="#riverlineok">
		<SimpleData name="RIVER">磺溪右岸(磺溪橋下游</SimpleData>
		<SimpleData name="RIVERCODE">101000</SimpleData>
	</SchemaData></ExtendedData>
      <MultiGeometry><LineString><coordinates>121.523906766707,25.1187565568098 121.523849537899,25.1186294195591 121.523762159744,25.1186533816399 121.523734561565,25.1186018390071 121.523731472857,25.1185960629738 121.523549871426,25.1182569448217 121.523510468594,25.1181833613512 121.523458461335,25.1180862412478 121.523378402596,25.1179311701391 121.52336852224,25.1179092940716 121.523358175488,25.1178850091748 121.523349121354,25.1178638795128 121.523343316508,25.1178489857538 121.523339553124,25.1178384543385 121.523336905286,25.1178290835968 121.523315363328,25.1177579351262 121.523313090719,25.1177488233365 121.523310912679,25.1177396924167 121.523308829399,25.1177305431966 121.52330684106,25.1177213764701 121.523304947834,25.1177121930762 121.523303149895,25.1177029938178 121.523301447403,25.1176937795158 121.523299840522,25.1176845510002 121.523298329373,25.1176753090922 121.523296914099,25.1176660546038 121.523295594832,25.1176567883651 121.523294371674,25.1176475112064 121.52329324476,25.1176382239486 121.523292755949,25.1176339923832 121.52329221417,25.1176289274131 121.523291279998,25.1176196224481 121.523290442336,25.1176103098659 121.523289701248,25.1176009904969 121.523289056807,25.1175916651802 121.523288509066,25.1175823347375 121.523288058077,25.1175729999989 121.523287703884,25.117563661813 121.52328744651,25.1175543209923 121.523287285989,25.1175449783762 121.523287255518,25.1175262910801 121.523287333778,25.1175206690513 121.523287385575,25.1175169480702 121.523287612489,25.1175076065963 121.523287936234,25.117498267489 121.523288356773,25.117488931579 121.52328887409,25.117479599697 121.523289488119,25.1174702726737 121.523290198804,25.1174609513489 121.523291006099,25.1174516365445 121.523291909919,25.1174423290911 121.523292910187,25.1174330298107 121.523294006818,25.1174237395522 121.523295199706,25.1174144591195 121.523297873832,25.1173959310911 121.523299354829,25.1173866851303 121.52330093162,25.1173774523103 121.523302604042,25.117368233453 121.523304371969,25.1173590293714 121.523306377952,25.1173496209404 121.52330847954,25.1173402298216 121.523310676538,25.1173308568192 121.52331296877,25.1173215027464 121.523315356032,25.1173121683893 121.52331717432,25.1173053454395 121.523317838129,25.1173028545611 121.523320414836,25.117293562057 121.523323085939,25.1172842916723 121.523325851202,25.1172750442023 121.523328710391,25.1172658204332 121.523331663272,25.1172566211693 121.52333470958,25.117247447197 121.523337849051,25.1172382992936 121.52334108143,25.1172291782456 121.523344406423,25.1172200848392 121.523347823756,25.1172110198519 121.523351333134,25.1172019840612 121.523354934254,25.1171929782445 121.523358626811,25.1171840031703 121.523362410481,25.117175059607 121.523366319478,25.1171663717526 121.523370320693,25.1171577187727 121.523374413762,25.1171491014721 121.523378598294,25.1171405206646 121.523382873904,25.1171319771462 121.523387240179,25.1171234717397 121.523391696726,25.117115005214 121.523396243113,25.117106578392 121.523400878925,25.1170981920337 121.52340560371,25.1170898469531 121.523410417046,25.1170815439192 121.523415318469,25.1170732837098 121.523420307526,25.117065067103 121.523425383735,25.117056894868 121.523430546634,25.1170487677736 121.523435795738,25.11704068658 121.523441130547,25.1170326520473 121.523446550567,25.1170246649175 121.523452055296,25.1170167259597 121.523457644201,25.117008835907 121.52346331676,25.1170009954927 121.523469072461,25.1169932054677 121.523474910741,25.1169854665474 121.523480831069,25.1169777794648 121.523486832871,25.1169701449441 121.523492915606,25.1169625637006 121.523499078692,25.1169550364403 121.523505321556,25.1169475638696 121.523511643607,25.1169401466947 121.523518044252,25.1169327856038 121.52352452289,25.116925481285 121.523531078918,25.1169182344359 121.523537711725,25.1169110457354 121.52354442068,25.116903915845 121.523551205149,25.1168968454349 121.523558064511,25.1168898351844 121.523564998116,25.1168828857368 121.52357200532,25.1168759977443 121.523579085452,25.1168691718504 121.523586237851,25.1168624087072 121.523593461855,25.1168557089402 121.523638166315,25.1168145458857 121.523671821474,25.1167890041708 121.524005527681,25.1165408642021 121.524018012691,25.1165317469364 121.524129027798,25.1164493802913 121.524159046014,25.1164267312559 121.524374510284,25.1162663994768 121.524422689508,25.1162309747332 121.524607269272,25.1160970369972 121.524634931743,25.1160756013198 121.524651706508,25.1160632819383 121.524680681062,25.1160400948119 121.524688844102,25.1160336470168 121.52469537408,25.1160279182126 121.524704214987,25.1160199874261 121.52471588831,25.1160089048714 121.524724603864,25.1159994849077 121.52473885203,25.1159829854676 121.524745253416,25.1159750091449 121.524757370711,25.1159591086962 121.524763155173,25.1159510298495 121.524768758109,25.1159428456474 121.524774177194,25.1159345594566 121.524779410202,25.1159261747065 121.524784454965,25.1159176948625 121.524789309397,25.115909123426 121.5247939715,25.1159004639338 121.524798439335,25.1158917199681 121.524802711064,25.1158828951374 121.524814332388,25.1158559720716 121.52482106926,25.115837686697 121.524824130187,25.1158284543036 121.5248269844,25.1158191671738 121.524829630706,25.1158098291488 121.524832068032,25.1158004440963 121.524834295361,25.1157910158751 121.52483631178,25.1157815483883 121.524838116442,25.1157720455481 121.524839708609,25.1157625112843 121.524841087626,25.1157529495174 121.524842252923,25.1157433642218 121.524843204012,25.1157337593353 121.524843899225,25.1157247288762 121.52484391971,25.1157132722742 121.52484408971,25.1156996755074 121.524840888816,25.1156374387916 121.524837753921,25.1155929779701 121.524835299091,25.1155591587507 121.524820423639,25.1153242577499 121.52481480948,25.1152472146269 121.524813056983,25.1152246056937 121.52480427818,25.1150821930038 121.524800881083,25.1150343746903 121.524793843919,25.1149352450865 121.524793683079,25.1149324108642 121.524792042997,25.1149059375481 121.524786309936,25.1148172938612 121.524785972567,25.1148079510762 121.524786225022,25.1147950852838 121.524786484825,25.1147676843866 121.524787160713,25.1147470382101 121.524788112336,25.114727389798 121.524789464662,25.1147077608674 121.524790290956,25.1146979558196 121.524791217234,25.1146881581909 121.524794595187,25.1146588182099 121.52479592055,25.1146490586661 121.524797345418,25.1146393107592 121.524798869666,25.1146295753113 121.524800493159,25.1146198531714 121.524802215771,25.1146101451887 121.524804037347,25.1146004521851 121.524805957723,25.1145907750101 121.524808073022,25.1145809837443 121.524810283676,25.1145712099532 121.524812589511,25.1145614544138 121.524814990341,25.1145517178851 121.524820076225,25.114532304941 121.52482276088,25.1145226300528 121.524825539729,25.1145129772386 121.524828412559,25.1145033472575 121.524831379144,25.1144937408597 121.524834439239,25.1144841588223 121.524840839012,25.1144650707847 121.524844178181,25.1144555663028 121.524847609871,25.1144460891823 121.524851133789,25.1144366401553 121.524854749669,25.1144272199721 121.524858457228,25.1144178293741 121.524862413029,25.1144083991671 121.524874619679,25.1143806038844 121.524876250835,25.1143771223302 121.52488439662,25.114359696538 121.524894668145,25.1143385075719 121.524904388592,25.1143183046081 121.524910507091,25.1143044791354 121.524917923928,25.114288184422 121.524975621147,25.1141644861344 121.524983860387,25.1141480530857 121.525085640667,25.1139268007238 121.525151663469,25.1137832783507 121.525183726585,25.113714940187 121.525210641743,25.113657694208 121.525309168695,25.1134476461783 121.525380263213,25.1132942432821 121.525393077998,25.1132649471526 121.525459143754,25.1131251582055 121.525544235346,25.112940784722 121.52554712997,25.1129315955945 121.525549815345,25.1129223539524 121.52555229034,25.112913063736 121.525554553871,25.1129037289305 121.525556604992,25.1128943535206 121.525558442818,25.1128849415088 121.525560066565,25.1128754969243 121.525561475544,25.1128660237872 121.525562669139,25.1128565261713 121.525563646851,25.1128470081047 121.525564408262,25.1128374736786 121.52556528097,25.11281837203 121.525565391896,25.1128088129701 121.525565285767,25.112799253858 121.525564962641,25.1127896987921 121.525564422645,25.1127801518438 121.525563666023,25.1127706171017 121.525562693081,25.1127610986366 121.525561504244,25.1127516005183 121.525560100033,25.1127421267988 121.525558481022,25.1127326815385 121.525556647922,25.1127232687613 121.525554601514,25.1127138925002 121.525552342667,25.1127045567513 121.525549872342,25.1126952655106 121.525547191615,25.1126860227557 121.525544301605,25.1126768324188 121.525541203567,25.1126676984406 121.525388617742,25.1123049885199 121.525330258572,25.1121598264089 121.525327037506,25.1121509000989 121.525324053679,25.1121441216128 121.525241734572,25.1119423394648 121.525169641659,25.1117667744748 121.525165408078,25.1117581229208 121.525156411985,25.1117410434406 121.525141619543,25.1117160277754 121.525130912465,25.1116997870148 121.525125310815,25.1116918060926 121.525119546348,25.1116839218771 121.525107537054,25.1116684545058 121.525088354102,25.111646046377 121.525074812179,25.1116316666802 121.525067822238,25.1116246521271 121.525060689561,25.1116177577362 121.525053416626,25.1116109859002 121.525046005983,25.1116043389844 121.525038460209,25.1115978193179 121.525030781952,25.1115914291664 121.525022973889,25.1115851707773 121.525015038735,25.1115790463169 121.525006979276,25.1115730579328 121.524998798318,25.1115672077188 121.524990498725,25.1115614977229 121.52498208339,25.1115559299211 121.524973555247,25.1115505062801 121.52496491729,25.1115452286762 121.524956172519,25.1115400989585 121.524947323997,25.1115351189216 121.524938374814,25.1115302902972 121.524929328083,25.1115256147803 121.524920186982,25.1115210939939 121.524909565529,25.1115165762717 121.524898861253,25.1115122236209 121.524888077243,25.1115080372947 121.524877216627,25.1115040185096 121.524866282534,25.1115001684193 121.524855278131,25.111496488132 121.524844206607,25.1114929787287 121.524833071137,25.1114896412004 121.52482187497,25.1114864765376 121.524771457748,25.1114756769245 121.524529386685,25.1114403130841 121.524527277358,25.1114409434779 121.524421172901,25.1114251586498 121.523985867193,25.1113594930966 121.523757927062,25.1113243218104 121.523376247213,25.1112660756377 121.52328833128,25.1112533494843 121.522922987091,25.1111961188211 121.522909941115,25.1111944675632 121.522875069297,25.1111878776525 121.522863594382,25.1111850957263 121.522852208805,25.111182024561 121.522840921353,25.1111786665089 121.522829740752,25.1111750241755 121.522820034688,25.1111716322972 121.522810383716,25.111168112514 121.522800789873,25.1111644655497 121.522791255174,25.1111606921919 121.522781781636,25.1111567932279 121.522772371246,25.1111527694722 121.522763026001,25.1111486217845 121.522753747856,25.1111443510336 121.52274453877,25.1111399581245 121.52273540068,25.1111354439712 121.522726335524,25.1111308095328 121.522717345199,25.1111260557779 121.522708431594,25.1111211837197 121.522699596607,25.1111161943809 121.522690842088,25.1111110888113 121.522682169874,25.1111058680786 121.522673581805,25.111100533296 121.52266507968,25.1110950855765 121.5226566653,25.1110895260785 121.522648340433,25.1110838559603 121.522640106831,25.1110780764345 121.522631966234,25.1110721886958 121.522623920351,25.111066194002 121.522615970876,25.1110600936112 121.522608119497,25.1110538888084 121.522600367849,25.111047580906 121.522580849852,25.111029311355 121.522549342061,25.1109998824941 121.52252562534,25.1109745159005 121.522497310684,25.1109404895211 121.522476786421,25.1109127011805 121.522453062431,25.1108786134836 121.522435160803,25.1108473130099 121.522417163792,25.1108122301086 121.522400891044,25.1107638835567 121.522397675615,25.1107543909309 121.522394620494,25.1107448545142 121.522391726382,25.110735276543 121.522388993966,25.11072565929 121.522386423897,25.1107160050008 121.522384016772,25.1107063159666 121.522381773165,25.1106965944423 121.522379693591,25.1106868427282 121.522377778546,25.1106770631247 121.522376028486,25.1106672579234 121.522374443816,25.1106574294339 121.522373024905,25.1106475799662 121.522371772099,25.1106377118483 121.522370685675,25.1106278273903 121.522369765911,25.1106179289206 121.522369013005,25.1106080187767 121.522368427146,25.110598099278 121.522358573046,25.1103978747482 121.522351074629,25.1101499830647 121.522344620182,25.1099144199528 121.52234221387,25.1097984817297 121.522338624545,25.1097728277477 121.522336200609,25.1097624179653 121.522325468577,25.1097242492401 121.522322079638,25.1097130845039 121.522316438395,25.1097015665805 121.522307383079,25.1096832614099 121.522297166938,25.1096654700215 121.522285824985,25.1096482533663 121.522273396092,25.1096316704405 121.522266787201,25.1096236344688 121.522252808855,25.1096081079487 121.522245451375,25.1096006306925 121.52223662181,25.1095925551341 121.522218265678,25.1095770646481 121.522199024422,25.1095624918411 121.522182914876,25.109551630224 121.522176227018,25.1095481509075 121.522156465931,25.1095388945601 121.522121034086,25.1095239335184 121.522096852905,25.1095151892665 121.522086227003,25.1095113265786 121.521835773517,25.109420239833 121.521691409707,25.109372249326 121.521470716231,25.1092983097789 121.521453088667,25.1092941105465 121.521379227441,25.109263386132 121.521379258219,25.1092612915256 121.521363924416,25.1092555314002 121.521220703378,25.1091986889622 121.521211753814,25.1091939976052 121.521202880394,25.1091891878305 121.521194085017,25.1091842606516 121.521185369561,25.1091792171271 121.521176735866,25.109174058325 121.521168185779,25.1091687853493 121.521159721121,25.109163399322 121.521151343701,25.1091579013833 121.521143055289,25.1091522927188 121.521134857664,25.1091465745139 121.521126752577,25.1091407479813 121.52111874173,25.1091348143788 121.521110826851,25.1091287749554 121.521103009624,25.1091226309962 121.521095291698,25.1091163838224 121.521087674736,25.1091100347555 121.52108016035,25.1091035851528 121.521072750141,25.1090970363812 121.521065445693,25.1090903898434 121.521058248558,25.1090836469514 121.521051160259,25.1090768091353 121.52104418233,25.1090698778612 121.521037316234,25.1090628546048 121.521030563445,25.1090557408593 121.521023925397,25.1090485381456 121.521017403515,25.1090412479845 121.521010999173,25.1090338719418 121.521004713737,25.1090264115748 121.520998548552,25.1090188684857 121.520992504934,25.1090112442768 121.520986584158,25.1090035405779 121.520980787501,25.1089957590184 121.520975116179,25.1089879012643 121.52096957142,25.1089799689814 121.520964154389,25.1089719638631 121.520958866246,25.1089638876204 121.520953708126,25.1089557419739 121.52094868111,25.1089475286441 121.520941169205,25.1089320810246 121.52092426424,25.1088971568722 121.520909498708,25.1088640308042 121.520906885665,25.1088580995526 121.520897763475,25.1088346858543 121.520892239906,25.108820477113 121.520888185358,25.1088066333597 121.520884037872,25.1087895759611 121.520881883962,25.1087820180544 121.52087452221,25.108748179847 121.520869624453,25.108713177399 121.52086744393,25.1086900093885 121.520866592676,25.1086784085686 121.520865900954,25.1086667989458 121.520865368859,25.1086551823524 121.520864996488,25.1086435606117 121.520865752717,25.1086137655216 121.520866532703,25.108598938789 121.520867281703,25.1085884997783 121.520870312395,25.1085642940654 121.52087218394,25.1085473328882 121.520875684287,25.1085216449317 121.520882534282,25.1084744856286 121.520888031812,25.1084310686719 121.520901682563,25.1083321549786 121.520922575329,25.1081803297567 121.520922937034,25.1081767714498 121.520938754474,25.1080556863726 121.52095295468,25.1079484017743 121.52095512633,25.1079344097563 121.520972786067,25.1078081993181 121.520985557826,25.1077148138414 121.520992194083,25.1076687115574 121.521016088392,25.10750224136 121.521021734094,25.1074633920471 121.521025973398,25.1074319325885 121.521040594709,25.1073304605348 121.52104387751,25.1073049268116 121.521050040447,25.1072571108638 121.521058337211,25.1072004219105 121.521061501937,25.1071774435288 121.521069220441,25.1071200072813 121.521072063393,25.1071006502625 121.52107347867,25.1070902133587 121.521074573312,25.107079744548 121.521075346471,25.1070692519856 121.521075797548,25.1070587438531 121.52107592619,25.1070482283582 121.521075732293,25.1070377136806 121.521075216011,25.1070272080442 121.521074377737,25.1070167196272 121.521073218139,25.1070062566064 121.521071738114,25.1069958271582 121.52106898015,25.1069814281415 121.521061390546,25.1069509502299 121.521054710688,25.1069310195362 121.521050892909,25.1069211963079 121.521046760821,25.1069114790893 121.52104231799,25.1069018762097 121.521037568219,25.1068923959164 121.521035321223,25.1068886030179 121.521032792513,25.1068838451118 121.521024320231,25.1068686987894 121.521009108391,25.106840169546 121.520999713983,25.1068226791784 121.520874119323,25.106581900891 121.520847428071,25.106530507879 121.520797760485,25.1064339561779 121.52075930189,25.1063596010944 121.520594244734,25.1060526351489 121.520599378605,25.1060501225398 121.520539671597,25.1059358298237 121.520331357146,25.1055381094451 121.520261329357,25.1054051467666 121.520260483777,25.1054068289437 121.520172717469,25.1052409129943 121.520139846508,25.1051793849961 121.520007483663,25.1049269744484 121.519791075378,25.1045089143882 121.519762910467,25.1044558290532 121.519719192059,25.1043729877065 121.519781635671,25.1042226149031 121.519598434022,25.1041563682771 121.519404572553,25.1040850940365 121.519382174024,25.1040779139515 121.519077160045,25.1039770644997 121.518982213129,25.1039462591419 121.518905415776,25.1039213667707 121.518685604863,25.1038494420689 121.518663314322,25.1038418010584 121.51865228618,25.1038377072659 121.518641340921,25.1038334330377 121.518630482089,25.1038289797698 121.518619713241,25.1038243489031 121.518608676823,25.103819493307 121.518597766709,25.1038144065484 121.518586988731,25.1038090913694 121.518576348671,25.1038035506028 121.518565852214,25.103797787217 121.51855411489,25.1037910902482 121.518530855029,25.1037773896604 121.518519334659,25.1037703873158 121.518509563783,25.103763746475 121.518499895828,25.1037569818967 121.518490332685,25.1037500949016 121.518480876223,25.1037430868374 121.518471528292,25.1037359590788 121.518462750957,25.1037292168978 121.518454105992,25.1037223343824 121.518445596111,25.103715313681 121.518437223971,25.1037081569869 121.51842899219,25.1037008665482 121.518420903344,25.103693444649 121.518412959983,25.1036858936096 121.518405164574,25.1036782157867 121.518397519557,25.1036704135914 121.518390027333,25.1036624894618 121.51838269025,25.1036544458816 121.518375510601,25.1036462853615 121.518364226408,25.1036325331032 121.51835265062,25.1036189832782 121.518325983068,25.1035822150782 121.51831374731,25.1035632267758 121.518275586477,25.1034977806035 121.518173314336,25.1032531807114 121.518119719489,25.1031249895127 121.518088680419,25.1030507521995 121.518054696709,25.1029694652525 121.517925793489,25.10266115716 121.517911511065,25.1026270088931 121.517786334439,25.1023276163558 121.517775477396,25.10230164453 121.517747663739,25.1022351058021 121.517731737371,25.102180426414 121.517535424131,25.1017067503082 121.517533317293,25.1017150092714 121.517494312848,25.101618491362 121.517447206883,25.1015075478409 121.517400502339,25.101393018777 121.517380382113,25.1013380631662 121.517371340002,25.1013098189407 121.51736751149,25.1012953423192 121.517363739507,25.1012778050008 121.517357023732,25.1012463386836 121.517349219765,25.1011965944162 121.517348211752,25.1011855927727 121.517342987436,25.1011127097127 121.517343947561,25.1010699045087 121.517348709392,25.1010163517252 121.517351201474,25.1009912541578 121.5173556125,25.1009674409043 121.517364352567,25.1009262516629 121.517372644339,25.1008939836711 121.517388701359,25.1008456999637 121.517486931476,25.1006112516219 121.517495034175,25.1005882560619 121.517502359583,25.100561967985 121.517506885097,25.100537098048 121.517507630658,25.1005140017635 121.517507313083,25.1004903675069 121.51750221358,25.100461297008 121.517496270129,25.1004390094987 121.517489555587,25.1004196136468 121.517477930235,25.1003947820011 121.517291375322,25.1001095242476 121.517287000517,25.1001065873407 121.517238896891,25.1000576336135 121.517234127697,25.1000434311064 121.517222376379,25.10000748638 121.517213981118,25.0999679909647</coordinates></LineString></MultiGeometry>
  </Placemark>
  <Placemark>
	<name>磺溪左岸(磺溪橋下游)</name>
	<Style><LineStyle><color>ff0000ff</color></LineStyle><PolyStyle><fill>0</fill></PolyStyle></Style>
	<ExtendedData><SchemaData schemaUrl="#riverlineok">
		<SimpleData name="RIVER">磺溪左岸(磺溪橋下游)</SimpleData>
		<SimpleData name="RIVERCODE">101000</SimpleData>
	</SchemaData></ExtendedData>
      <MultiGeometry><LineString><coordinates>121.517853032942,25.1000346089604 121.517867167086,25.1000595220985 121.517904999497,25.1001132150824 121.517917696715,25.1001312267946 121.517966419543,25.1002164888442 121.517960062161,25.1002382515711 121.517958221078,25.100260708572 121.517959020034,25.1002719569196 121.517960959443,25.1002830895811 121.517972033185,25.1003040500926 121.517980359207,25.1003270424758 121.517986927878,25.1003470978599 121.517992558739,25.1003681225172 121.517997918069,25.1003882362921 121.518005175977,25.1004259841929 121.518007788357,25.1004506667119 121.518009364889,25.1004695207457 121.518010314409,25.1004878082037 121.518010908745,25.1004990810271 121.518011260495,25.1005103622811 121.51801136953,25.1005216476419 121.518011235794,25.1005329327942 121.518010859346,25.1005442133864 121.518010228906,25.100559310442 121.518009672716,25.1005708501974 121.518006526882,25.1005984147088 121.518003857447,25.1006190350069 121.518001376597,25.1006349961868 121.518000007515,25.100644209551 121.517998374314,25.1006542724718 121.517995510311,25.1006663619678 121.517990464866,25.1006854648275 121.517981504013,25.1007165525181 121.517973478576,25.1007366859503 121.517940541972,25.1008191004184 121.517876569504,25.1009738564504 121.517870676871,25.1009895586991 121.517865243578,25.1010060357538 121.517860701372,25.1010198644865 121.517855979775,25.1010405370863 121.517854216455,25.1010501027717 121.517851470067,25.1010693384183 121.517849769311,25.1010886740288 121.517849312456,25.1010983646055 121.517849118353,25.1011080624984 121.517849187135,25.1011177618028 121.517849518758,25.1011274566053 121.517850113028,25.1011371410024 121.517850969574,25.1011468090909 121.517852087865,25.1011564549956 121.517853467243,25.1011660728325 121.517855106849,25.1011756567452 121.517857005687,25.1011852008962 121.517859162613,25.1011946994755 121.517861576304,25.1012041466916 121.517864245287,25.1012135367988 121.517867167943,25.10122286407 121.517871812162,25.1012356134778 121.51787774897,25.1012492340904 121.51796950183,25.1014662091577 121.517986977126,25.1015075235525 121.518082059087,25.1017332802041 121.518250485247,25.1021340776042 121.518360208946,25.1023966442913 121.518382712631,25.1024523768611 121.518380712773,25.102450722695 121.518420388047,25.1025462088095 121.518455926546,25.10263173341 121.518457416,25.1026322608567 121.518503163705,25.102738198221 121.518521648506,25.1027836980131 121.518538460047,25.1028250507636 121.518599248701,25.1029732859454 121.518632323003,25.1030504411103 121.518660311376,25.1031159317955 121.518657620197,25.1031172773534 121.518679205993,25.1031692393675 121.518679627604,25.1031939746648 121.518681013377,25.1032780477576 121.518681084033,25.1032853963177 121.518681861252,25.1032978284406 121.518683343506,25.1033102073422 121.518685526817,25.1033224998767 121.518688405346,25.1033346731572 121.51869197139,25.1033466946014 121.518696965056,25.1033576281239 121.518701267038,25.103366956166 121.51870607962,25.1033760750397 121.518711390567,25.1033849615946 121.518717186411,25.1033935932626 121.518723452434,25.10340194813 121.518730172711,25.1034100049734 121.518737330184,25.1034177433406 121.518744906694,25.1034251435781 121.518752882975,25.1034321869025 121.518761238797,25.1034388554189 121.518769952938,25.1034451322106 121.518779003262,25.1034510013303 121.5187883668,25.1034564478718 121.51879801977,25.103461458006 121.518808835827,25.1034658890405 121.518826122877,25.1034718502568 121.518854280298,25.1034810145017 121.518894887096,25.1034939811218 121.518959772941,25.1035157192644 121.5189771378,25.1035213190699 121.519051445312,25.1035459853934 121.519198462119,25.1035948450372 121.519587317466,25.1037288764445 121.519760027013,25.1037877478639 121.519881145939,25.1038294390534 121.519897302668,25.1038400625622 121.51991452611,25.1038540508905 121.519931575567,25.1038682148348 121.51994003437,25.1038753621022 121.519956818815,25.1038897860947 121.519965143909,25.1038970623612 121.519972834308,25.1039042942499 121.519988018276,25.1039189292101 121.51999551081,25.1039263313013 121.520002936378,25.1039337891311 121.52001029448,25.1039413022048 121.52001758461,25.1039488700096 121.520024806288,25.1039564920325 121.520039042332,25.1039718966993 121.520052998775,25.1039875120478 121.520059870969,25.1039953974228 121.520066788347,25.1040037190353 121.520073612793,25.1040121040341 121.52008034359,25.1040205515458 121.52008698005,25.1040290607244 121.520093521505,25.1040376306694 121.520099967276,25.1040462605255 121.520112569118,25.1040636963963 121.520124780409,25.1040813611596 121.520130738032,25.1040902771178 121.520141890877,25.104107612223 121.520147278036,25.1041163787091 121.520152537751,25.1041252091268 121.520157669114,25.1041341019268 121.520162671235,25.1041430555772 121.520167543245,25.1041520685194 121.520172284286,25.1041611391764 121.520176893546,25.1041702659712 121.520212105878,25.1042392248455 121.520366946475,25.1045339880465 121.520364646789,25.1045452488778 121.520363992727,25.104556687249 121.520364995653,25.1045681046574 121.520367638152,25.1045793029449 121.520371874378,25.1045900877818 121.520377630792,25.1046002719954 121.520384807516,25.1046096788513 121.520393279991,25.1046181450904 121.520405580712,25.1046281818614 121.520419975526,25.1046355567395 121.520514290681,25.1048167159468 121.520516328852,25.1048180359116 121.520770379001,25.1053066159264 121.520782794485,25.1053304514273 121.520791080501,25.1053461310753 121.520885788113,25.1055283900548 121.521114329242,25.1059630804992 121.521112034126,25.1059666456011 121.521113194442,25.1059690429755 121.521163852813,25.1060654105342 121.521165779418,25.1060684732881 121.521210160887,25.1061529820219 121.521300567031,25.1063259930778 121.521302439285,25.1063232510087 121.521310076901,25.1063403141891 121.521350758393,25.106417378743 121.521354251963,25.1064252027762 121.521367893809,25.1064412337077 121.521399639783,25.1065108093256 121.521428661908,25.1065670149986 121.521500895001,25.1067051694609 121.521513113467,25.1067292403139 121.521540035058,25.1067954206983 121.521545991458,25.1068134941074 121.521556581847,25.1068499782125 121.521561210683,25.1068683711054 121.521565392185,25.1068868526015 121.521569124322,25.1069054136978 121.521570821292,25.1069147212612 121.52157240526,25.1069240453188 121.521573876031,25.1069333847431 121.521575233414,25.1069427383879 121.521576477253,25.1069521051074 121.521577607396,25.1069614837736 121.521578623699,25.1069708732223 121.521579526038,25.1069802723256 121.521580988418,25.1069990948928 121.52158154828,25.1070085160552 121.521581993821,25.1070179422692 121.521582324987,25.1070273723972 121.521582541744,25.107036805275 121.521582644065,25.1070462397559 121.521582631938,25.1070556746936 121.521582505356,25.1070651089323 121.521582264344,25.1070745413255 121.521581908918,25.1070839707176 121.521581439142,25.1070933959617 121.52158085506,25.1071028159021 121.521580156738,25.1071122294011 121.521579344268,25.1071216352936 121.521578417757,25.1071310324509 121.521577377307,25.107140419708 121.521576223053,25.1071497959359 121.52156146283,25.1072581478722 121.521541427357,25.1074061603553 121.521537346012,25.1074070413979 121.521476811777,25.1078554769611 121.521470089638,25.1079046671451 121.521462559285,25.107957454334 121.521462559285,25.107957454334 121.521457624102,25.1079933763301 121.521457624102,25.1079933763301 121.521447753728,25.1080652203214 121.521447753728,25.1080652203214 121.521437883343,25.1081370643115 121.521437883343,25.1081370643115 121.521432948147,25.1081729863061 121.521423077746,25.1082448302945 121.521422364621,25.1082500209384 121.521412047865,25.108324688258 121.521412047865,25.108324688258 121.521412047865,25.108324688258 121.521397480389,25.1084083815549 121.521397480389,25.1084083815549 121.52139490759,25.108448740482 121.521370647256,25.1086243235118 121.5213709881,25.1086555953394 121.521372709218,25.1086709820449 121.521375896446,25.1086860476153 121.521379084247,25.1086965720946 121.521385013969,25.1087106800813 121.521392266588,25.1087257674695 121.521401370021,25.1087400629129 121.521410003994,25.1087512092309 121.521417661528,25.1087589012541 121.521425689181,25.1087673593563 121.521432165924,25.1087725096319 121.521438921174,25.1087778665721 121.52145305419,25.1087880726941 121.521462825772,25.108793915567 121.521473985677,25.1087997986972 121.521496255067,25.1088090282616 121.521527098751,25.1088200061856 121.521545528467,25.1088263241713 121.521646159341,25.1088613419542 121.521970871759,25.1089743856054 121.522087738501,25.1090150516363 121.522242761003,25.1090700280165 121.522339136445,25.1091045457131 121.522351589983,25.1091091693262 121.522386675085,25.1091242218163 121.522399680755,25.1091304414378 121.522414456594,25.109137891659 121.522432950979,25.1091477392563 121.522456180559,25.1091612265115 121.52247236186,25.1091704141806 121.522476806174,25.1091732694284 121.522511342455,25.1091968282057 121.522510791998,25.1091979586463 121.522534107427,25.109215309574 121.522547428569,25.1092257622062 121.522567898039,25.1092407217069 121.522585255048,25.1092559088455 121.522592209869,25.1092615448968 121.522606074772,25.1092739546851 121.522620290665,25.1092872931198 121.522626057463,25.1092933576728 121.522635996062,25.1093034791539 121.522644584038,25.1093130998261 121.522653057882,25.109321529203 121.522661616768,25.1093313034529 121.522671276121,25.1093433759654 121.522682190249,25.1093567260315 121.522692458966,25.1093698616996 121.522698207465,25.1093786166604 121.522715185534,25.1094026164542 121.522718326011,25.1094043116775 121.522724174817,25.1094133371239 121.522733949497,25.1094292100167 121.522743977627,25.1094463910764 121.52275151416,25.1094605745923 121.522758525197,25.1094724307344 121.522764045529,25.1094834886387 121.522778348095,25.1095125354848 121.522782930635,25.1095218787098 121.522787358491,25.1095312835634 121.52279163066,25.1095407479276 121.522795746192,25.1095502696663 121.522799704146,25.1095598466159 121.52280350363,25.109569476631 121.522807143791,25.1095791575297 121.522810623808,25.1095888871304 121.522813942898,25.1095986632328 121.522817100297,25.1096084836368 121.522820095303,25.1096183461151 121.522822927241,25.1096282484581 121.522825595467,25.1096381884111 121.522828099377,25.1096481637464 121.522830438416,25.1096581722089 121.522832739646,25.1096676976708 121.522834929416,25.1096775260632 121.522836967972,25.1096873813866 121.522838854918,25.1096972617105 121.52284058988,25.109707165104 121.522842172522,25.1097170896185 121.522843602528,25.1097270333229 121.522844879623,25.1097369942683 121.52284600355,25.1097469705055 121.522846974102,25.1097569600851 121.522847791083,25.1097669610398 121.522848454336,25.1097769714292 121.522849123236,25.1097966952661 121.522849539424,25.1098129532393 121.522849635624,25.1098215836748 121.522850133401,25.1098383740126 121.522850883812,25.1098586121583 121.52285951559,25.110169921564 121.522860621185,25.1102130534808 121.5228612595,25.1102325788082 121.522867429469,25.1104429818246 121.522870163272,25.1105821750117 121.522870872291,25.1105950103362 121.522872347434,25.1106107951171 121.522881584773,25.1106355173368 121.5228872343,25.1106466289465 121.522896084937,25.1106620265986 121.522904634829,25.1106719904511 121.52291535687,25.1106844383726 121.52292039032,25.1106905777222 121.522927516795,25.1106969173346 121.522935676504,25.1107037317872 121.522946460707,25.1107121439686 121.522957646064,25.1107192908135 121.522971219413,25.1107260500593 121.52298077716,25.1107305213251 121.52299233147,25.1107358251529 121.523014818122,25.1107424085091 121.523022740111,25.1107446195123 121.523033914226,25.1107467919599 121.523744091095,25.1108556727925 121.52420661573,25.1109266235528 121.524385540858,25.1109543749528 121.524579054751,25.1109828148218 121.524684095739,25.1109980977373 121.524852513503,25.1110242065413 121.524861205858,25.1110256924785 121.524873014111,25.111027745178 121.524916825743,25.1110358326583 121.524927782894,25.1110382675425 121.5249427584,25.1110413021044 121.524956056547,25.111043954399 121.524982430227,25.1110505327212 121.525005670222,25.1110570228259 121.525030203655,25.1110645465675 121.525073281787,25.111079651357 121.525109310703,25.1110949255456 121.525156743944,25.1111151789056 121.525189999077,25.1111310497181 121.525221960123,25.1111480536072 121.525224383916,25.1111490832423 121.525253782941,25.1111651933989 121.525274096075,25.111178221075 121.525290949935,25.1111892206741 121.525326235794,25.1112139046205 121.525348678248,25.1112309783156 121.525382170679,25.111258277695 121.525408761843,25.1112809250149 121.525441431016,25.1113104752702 121.525460301797,25.1113293762328 121.525487256935,25.1113559765134 121.525499849491,25.1113698440384 121.525518689818,25.1113932139624 121.52554503657,25.1114282575705 121.525568519821,25.1114614696105 121.525579739176,25.1114788358325 121.525597803446,25.1115085371261 121.525619012901,25.1115456482863 121.525629560467,25.1115682260428 121.525643426751,25.1115970574673 121.525650087379,25.1116126703553 121.525670773469,25.1116618718574 121.525689592802,25.1117081368455 121.525736144289,25.11181889886 121.525741979217,25.1118338736827 121.525795859181,25.1119656720188 121.525796288528,25.1119686858488 121.525817170741,25.1120196651475 121.525958110779,25.1123648203655 121.526007589902,25.1124853221349 121.52601200815,25.112495941446 121.526029559694,25.1125447928883 121.526032771939,25.1125544031112 121.526035863165,25.1125640461739 121.526038832961,25.1125737208229 121.526041680955,25.1125834257866 121.526044406753,25.1125931597845 121.526047010005,25.1126029215628 121.526049490376,25.1126127098229 121.526051847544,25.1126225232838 121.526054081187,25.1126323606738 121.52605619102,25.1126422206938 121.526058176762,25.1126521020629 121.526060038157,25.1126620034638 121.526061774964,25.1126719236246 121.526063386948,25.1126818612279 121.526064873905,25.1126918149834 121.526069612575,25.1127309616372 121.526072244446,25.1127574314248 121.526072494064,25.1127624681634 121.526072998046,25.1127721956167 121.526073401826,25.1127819269373 121.526073705372,25.1127916612768 121.52607390864,25.1128013977867 121.526074011627,25.1128111356003 121.526074014308,25.1128208738691 121.526073916711,25.1128306117263 121.526073718811,25.1128403483324 121.526073420654,25.1128500828115 121.526073022247,25.1128598143149 121.526072523636,25.1128695419939 121.526071924865,25.1128792649906 121.526071225973,25.1128889824472 121.526070427033,25.1128986935058 121.526069528122,25.1129083973176 121.526068529295,25.1129180930336 121.526067430668,25.1129277797868 121.526065845462,25.1129374442247 121.526064154024,25.1129470937281 121.52606235652,25.1129567273212 121.526060453132,25.1129663440375 121.526058444066,25.1129759429192 121.526056329495,25.1129855229906 121.526054109654,25.1129950833031 121.526051784756,25.1130046228988 121.526049355035,25.113014140811 121.526046820736,25.1130236360909 121.526044182111,25.1130331077805 121.526041439434,25.11304255494 121.52603859297,25.1130519766114 121.526035643001,25.1130613718549 121.526032589831,25.1130707397304 121.526029433773,25.1130800792889 121.52602617513,25.1130893895995 121.526022814226,25.113098669731 121.526019351413,25.1131079187434 121.526015787035,25.1131171357235 121.526000821847,25.1131513327101 121.525899993037,25.113370113802 121.525859449972,25.1134564118005 121.525748987685,25.1136856633209 121.525700761535,25.1137886180936 121.525490132639,25.1142412522314 121.525389583476,25.1144585965242 121.525344173973,25.1145548604776 121.525336403743,25.1145735111551 121.525329255416,25.1145923668935 121.525325916528,25.1146018662929 121.525322735522,25.1146114104985 121.525319713113,25.1146209973321 121.525316849986,25.1146306246154 121.525314146815,25.1146402901523 121.525311604187,25.114649991738 121.525309222706,25.1146597271583 121.525302049944,25.1147029605739 121.525295792048,25.1147584056301 121.525295479734,25.1147897338923 121.525297099241,25.114813688463 121.525300641986,25.1148769802378 121.525303427895,25.114930235559 121.525305079349,25.1149454238294 121.525305949468,25.114961084324 121.525309152934,25.1150354727093 121.525323623407,25.1152473356424 121.525339146726,25.1154851142189 121.525348635342,25.1156333654605 121.525351372561,25.1156821791726 121.525351526198,25.1157027104344 121.525351184833,25.1157232398208 121.525350348634,25.1157437574367 121.525349017994,25.1157642533949 121.525347193575,25.1157847178345 121.525343533056,25.1158153338026 121.525336394547,25.1158596323963 121.525334156593,25.1158699438351 121.525331840687,25.1158802410059 121.525329446958,25.1158905234028 121.525326975501,25.1159007905559 121.525324426444,25.1159110419682 121.525321799914,25.1159212771519 121.525319096017,25.1159314956189 121.5253163149,25.1159416968993 121.52531345668,25.1159518804961 121.525306495428,25.1159750168341 121.525293225281,25.116005427205 121.525289147718,25.1160165461743 121.525257672534,25.1160834563769 121.525233639135,25.1161282756168 121.525186729078,25.1162006705852 121.525169046513,25.1162248148969 121.525126819076,25.1162770949086 121.525115382474,25.1162912540739 121.525043333266,25.1163610977331 121.524961420072,25.1164245754219 121.524891460525,25.1164775833047 121.52481447734,25.1165345342177 121.524572937868,25.1167125744558 121.524484921636,25.1167768852399 121.524296480022,25.1169168266793 121.524001818236,25.1171360029054 121.523995089002,25.1171415337677 121.523986804257,25.1171480498908 121.523978656619,25.117154707765 121.523970648993,25.1171615050057 121.523962784275,25.117168439156 121.523955065271,25.1171755077323 121.523947494765,25.1171827082062 121.523940075464,25.1171900379769 121.523932810044,25.1171974944259 121.523925701101,25.1172050748719 121.523918751202,25.1172127765973 121.523911962834,25.1172205968219 121.523905173974,25.1172286948844 121.523898560909,25.1172369126326 121.523892126183,25.1172452469065 121.523885872264,25.1172536945108 121.523879801555,25.1172622521776 121.523873916414,25.1172709166217 121.523868219086,25.1172796845127 121.523862711778,25.1172885524665 121.523857396589,25.117297517072 121.523852275586,25.1173065748824 121.523847350736,25.1173157224149 121.52384262393,25.1173249561419 121.523838096976,25.1173342725091 121.523833771635,25.1173436679352 121.523829649566,25.1173531388121 121.523822181698,25.1173738212554 121.523818935809,25.1173828128184 121.523815874795,25.1173918579684 121.523812999723,25.1174009535417 121.523810311592,25.1174100963931 121.523807811329,25.1174192833234 121.523805499823,25.1174285111336 121.523803377865,25.1174377766069 121.523801446193,25.1174470765268 121.523799705499,25.1174564076408 121.523798156363,25.1174657667057 121.523796799346,25.1174751504695 121.523795634911,25.1174845556534 121.52379466346,25.1174939789788 121.523793885337,25.1175034171764 121.523793300814,25.1175128669409 121.523792910096,25.1175223250036 121.523792713318,25.1175317880507 121.523792710545,25.1175412527866 121.523792901774,25.1175507159343 121.523793286949,25.1175601741807 121.523793865929,25.1175696242311 121.523794638521,25.1175790627999 121.523795604443,25.117588486602 121.523796763364,25.1175978923432 121.523798114883,25.117607276766 121.523799658531,25.1176166365857 121.523801393767,25.1176259685452 121.523803319984,25.1176352693965 121.523805436513,25.1176445359009 121.523807742616,25.117653764838 121.523810237496,25.1176629529787 121.523812920277,25.1176720971301 121.523815790033,25.1176811940994 121.523818845759,25.1176902407306 121.523822086382,25.1176992338675 121.523825510785,25.1177081703814 121.523895012074,25.1178383071186 121.523894530363,25.1178416130675 121.523966512037,25.1179743591205 121.523977496624,25.1179947145404 121.524017976907,25.1180697746687 121.524057896018,25.1181434464569 121.524095726992,25.1182134331648 121.524161336733,25.1183354222105 121.524208459398,25.1184217167053 121.524220469842,25.118443106697 121.524259548881,25.1185173772424 121.524322295327,25.1186406785949</coordinates></LineString></MultiGeometry>
  </Placemark>
  <Placemark>
	<name>磺溪右岸(磺溪橋上游)</name>
	<Style><LineStyle><color>ff0000ff</color></LineStyle><PolyStyle><fill>0</fill></PolyStyle></Style>
	<ExtendedData><SchemaData schemaUrl="#riverlineok">
		<SimpleData name="RIVER">磺溪右岸(磺溪橋上游)</SimpleData>
		<SimpleData name="RIVERCODE">101000</SimpleData>
	</SchemaData></ExtendedData>
      <MultiGeometry><LineString><coordinates>121.534180487539,25.1570736841721 121.534227544405,25.1569623134241 121.534552584051,25.1567266682207 121.534556652173,25.1566881091263 121.534444229948,25.1564841259518 121.534444229948,25.1564841259518 121.534444229948,25.1564841259518 121.534391381828,25.1564388083461 121.534372004431,25.1564005657437 121.534332423955,25.1563307964218 121.534306101217,25.1563022931753 121.534264257987,25.156253341632 121.534250291213,25.1562447796466 121.534140647892,25.1561731038052 121.53406408142,25.1561139041952 121.534025204425,25.1560816681412 121.533995805975,25.1560572914955 121.53389700994,25.1560062901321 121.533814153493,25.1559669559857 121.533742338649,25.155943639677 121.533675174399,25.1559110936961 121.53355186202,25.1558426187938 121.533437916399,25.1557588605605 121.533377232156,25.1556909604373 121.533312869497,25.1556122322693 121.533291117694,25.1555828393357 121.533263356866,25.1554954682184 121.533256683139,25.1554287169369 121.533266955687,25.1553368400178 121.533296863607,25.1552696745747 121.533296649631,25.155237563294 121.533301320235,25.1551767923077 121.533300642744,25.155173127757 121.53328797157,25.1551452195806 121.533283165768,25.1551316864726 121.533266521033,25.1551069840811 121.533245223714,25.1550755265101 121.533222032304,25.1550137459458 121.533212749352,25.1549566160557 121.533200319709,25.1548996545509 121.533194464229,25.1548340977715 121.533201266913,25.154758368469 121.53319714186,25.1547331967289 121.533166192973,25.1546656191198 121.533130454078,25.1545798529724 121.533066825904,25.1545011698537 121.533041133596,25.1544213464555 121.533026588137,25.1543327320948 121.53301890648,25.1542905449937 121.533018559683,25.1542905758932 121.532990136836,25.1542924655332 121.532982388737,25.1542942529211 121.53295902059,25.1543052387957 121.532916118841,25.1543289750939 121.532880846769,25.1543495348105 121.532827623357,25.1543794812241 121.532774489352,25.1544070592623 121.532735062577,25.1544261650879 121.532688815846,25.1544424341043 121.532672328741,25.1544493398367 121.532663734477,25.1544553976071 121.532650481845,25.1544699089305 121.532629459176,25.1545038937262 121.532603687782,25.1545361904255 121.532585135298,25.1545584818594 121.532570678038,25.1545777299864 121.532569583427,25.1545800028819 121.532569690134,25.154589107453 121.532578556546,25.1546350937957 121.532590986021,25.1547141853703 121.532590802466,25.1547727121294 121.53258406557,25.1548207042703 121.532569797024,25.1548841109451 121.532540809283,25.1549423072602 121.532479850256,25.155022613763 121.532414262047,25.1550821812294 121.532365376658,25.1551189043563 121.532311044243,25.1551573873594 121.532269802009,25.1551952227234 121.532240648372,25.1552335206181 121.532194660961,25.1552935618872 121.532151201208,25.155339217345 121.532122304961,25.1553675347827 121.532099336462,25.1553960106071 121.532075362396,25.1554312709818 121.53204109886,25.1554825106566 121.532014379416,25.1555262240587 121.531983957356,25.1555785574998 121.531941240275,25.1556393253959 121.531910021534,25.1556905754334 121.53188883928,25.1557208962575 121.531864192916,25.1557466470253 121.531838902471,25.1557645111401 121.531815207678,25.1557734211062 121.531803508731,25.1557808365436 121.531778220755,25.1558014510713 121.531739917713,25.1558294086694 121.531682085669,25.1558578123413 121.531657951477,25.1558695241072 121.531623275498,25.1558940343308 121.531563288941,25.1559347619344 121.531519157777,25.1559646929276 121.531481050849,25.1559909130818 121.531438798483,25.1560238276428 121.531404401321,25.1560648350929 121.531376289905,25.1561023686765 121.53134520706,25.1561543085365 121.531324882938,25.1561937573603 121.531302451278,25.1562357402524 121.531280339067,25.1562705828433 121.53126729109,25.1562940222449 121.531254894711,25.1563221510055 121.53124111435,25.1563570419195 121.531228398941,25.1563892343204 121.531216447594,25.156423465026 121.531199019712,25.1564643609034 121.531176121388,25.1565207301919 121.531154768166,25.1565676467853 121.531126940904,25.1566129132842 121.531088647989,25.1566520650061 121.53105009548,25.1566853710734 121.531016776562,25.1567171494222 121.530998003655,25.1567382109145 121.530968422157,25.1567768232534 121.530923417407,25.1568235792807 121.530891299125,25.1568616433217 121.5308408354,25.1569279084721 121.53079255422,25.1569852744794 121.530766740988,25.1570181833633 121.530741242182,25.1570532479757 121.530701191301,25.1571023759502 121.530575240359,25.1572385934354 121.530363615989,25.157294591083 121.530305309038,25.1573276437604 121.530298634996,25.1573393562132 121.530296734913,25.1573765988984 121.530290680547,25.1574300030326 121.530261432177,25.1575341849874 121.530210899227,25.1575733208957 121.530166559013,25.1576182926564 121.530116217407,25.1576857185338 121.530082161105,25.1577110843023 121.530057482087,25.1577323735013 121.530032945381,25.1577474710059 121.529999302582,25.1577754143706 121.529947940375,25.1578007858727 121.529917974288,25.1578234732479 121.529884639108,25.1578507990344 121.529840267072,25.1578861493918 121.529676352948,25.1576855127909 121.529797021359,25.1576108464528 121.529865721597,25.1575668342307 121.529914169535,25.1575351914626 121.529981945053,25.1574845580832 121.530027362828,25.1574428817243 121.53006121485,25.1573954637444 121.530056313705,25.1573193508043 121.530088176586,25.1572319481075 121.530196190754,25.1571137798892 121.530335827821,25.157085101755 121.530452998647,25.1570463339764 121.530565751571,25.1569084087285 121.530596914741,25.1568733950129 121.530633751355,25.1567833815521 121.530733351022,25.1566813032691 121.530845780884,25.156532791097 121.530911866575,25.1565139355034 121.530982902842,25.1563511094448 121.531068098218,25.1561574717128 121.531199714203,25.1559528087344 121.531393207292,25.1557929594272 121.531605898375,25.1556586467505 121.531715801511,25.1555587407455 121.531827390452,25.1554254674202 121.531943633052,25.155230390473 121.532345508611,25.1547655160628 121.532348766662,25.1545204906984 121.532470363466,25.1543294417832 121.532614684358,25.1542112121673 121.532767174181,25.1541564456755 121.532909703377,25.1541110929891 121.532958465293,25.1540820796486 121.532984336718,25.154077516926 121.532982733966,25.1540649222626 121.532931558415,25.1539353814273 121.532898966432,25.1538026345846 121.532853838422,25.1537185678511 121.532705669046,25.1535229182854 121.532637856439,25.1533613635685 121.532595130883,25.1532872872109 121.532490355486,25.1531819526698 121.532369247442,25.1530375012615 121.532273654957,25.1529185705949 121.532244498092,25.1528654568735 121.532226257123,25.1527748398072 121.532240635785,25.1527138192667 121.532248021915,25.1526196889248 121.532260688091,25.1525253786387 121.532297739643,25.1524407054794 121.532318641904,25.1523436737772 121.53235921017,25.1522467804042 121.53243201439,25.1520602230362 121.532507853831,25.1519114884993 121.532549765159,25.1518436477898 121.53262411913,25.1517480015811 121.532669392757,25.151699095284 121.532726997615,25.1516415054637 121.532745215771,25.1516219685401 121.532753730166,25.1516071283324 121.53275669495,25.1515953672093 121.532759308661,25.1515585099768 121.532761865424,25.1514922044192 121.532760870846,25.1514238248092 121.532760047038,25.1513637326447 121.532748820689,25.1513093755223 121.53274060297,25.1512976403487 121.532727658996,25.1512865272041 121.532702972547,25.1512711532862 121.532611130354,25.1511964987822 121.532543095161,25.1511372045377 121.532501626972,25.1510589224046 121.532497038235,25.1508703302206 121.532499142903,25.1508229500851 121.532498650888,25.1507528604589 121.532499924204,25.1505451396686 121.532505497229,25.150452888378 121.532491688208,25.1503982136327 121.532482128058,25.1503017374996 121.532475824927,25.1502725704356 121.532422746699,25.1501915704618 121.532333192613,25.1500604239579 121.532211114933,25.1498948350939 121.532121770521,25.1497134228983 121.532083258995,25.1495191525107 121.532104774056,25.1494306941223 121.532136955516,25.1493084697785 121.532192846723,25.1491453816616 121.532224022918,25.1490939394556 121.532224499781,25.1490921487131 121.532221879237,25.1490471297482 121.532217541566,25.1489774535066 121.532210747971,25.1489585056563 121.532138126128,25.1488670110027 121.532086651119,25.1488293189834 121.531946051392,25.1487698279065 121.531876127106,25.1487267639401 121.531815297406,25.1486921831467 121.531767580669,25.148659678906 121.531725869183,25.1486401315091 121.531614674996,25.1486159557067 121.531540703667,25.1486085060178 121.531479565125,25.1485712051911 121.531453338429,25.1485542483532 121.531392935992,25.1485103146008 121.53134709831,25.1484843736087 121.531301505964,25.148453221211 121.531288692866,25.1484447792674 121.531231010033,25.1483966321243 121.53122637582,25.1483930563357 121.531190893834,25.1483723822869 121.531157663234,25.1483507110719 121.531131862685,25.1483268924461 121.531095382434,25.1482733575109 121.531065674167,25.1482236519984 121.531025621562,25.1481584831618 121.530992760115,25.1481139116513 121.530947225537,25.1480852542505 121.530871627047,25.1480063137037 121.530820913333,25.1479313986015 121.530755800445,25.147806766246 121.530685827022,25.1477005173166 121.5306448091,25.1476157533949 121.530621122117,25.1475794937561 121.530573434339,25.1475139610343 121.530520052029,25.1474189583132 121.530486686077,25.1473434716721 121.53047184572,25.147295126994 121.530462649726,25.1472235685358 121.530457866077,25.1471676971558 121.530470413892,25.1470411739174 121.530495597864,25.1469667497127 121.530542166225,25.1468991490981 121.530584768299,25.1468470974428 121.530710413045,25.1467316910821 121.530839334987,25.1466384659342 121.530930975033,25.1466047897763 121.530971426258,25.1465932453033 121.531017502615,25.1465712486339 121.531057973674,25.1465467929104 121.531233131086,25.1464078701202 121.531244913339,25.1463970192335 121.531246677164,25.1463820576708 121.531195515777,25.1462377239794 121.531092499094,25.1462153472675 121.530952547775,25.1462198102514 121.530916817938,25.1462307498284 121.530663451576,25.1463015348188 121.530581437852,25.1463028701536 121.530498540312,25.1463032754573 121.530417904309,25.1462822406243 121.530302743917,25.1462502986179 121.530188436163,25.1461590219765 121.53008283577,25.1459555015902 121.530006497071,25.1457683841104 121.529999434269,25.1455338432513 121.529971743147,25.1454051884841 121.529945894851,25.1453500285419 121.529918676268,25.1452562918625 121.529883238538,25.1451499149642 121.52985904754,25.1450861079274 121.529839526298,25.1450348634014 121.529815591859,25.1449631961915 121.529800283907,25.1448922797277 121.529793201377,25.1448399653764 121.52978610513,25.1448321881897 121.529775041263,25.1448195244538 121.529705616684,25.1447953278729 121.529586441838,25.1447157176093 121.529475377031,25.1445608770783 121.529391897416,25.1444640546791 121.529348292492,25.1444485168971 121.529240675865,25.1444438996006 121.529101217751,25.1444078996912 121.52898659965,25.144318714385 121.528913772969,25.1442677678303 121.528836400901,25.1442010149688 121.528759429679,25.1441357186874 121.528773925049,25.1440077104921 121.528946604289,25.1437784307255 121.528946604289,25.1437784307255 121.528946604289,25.1437784307255</coordinates></LineString></MultiGeometry>
  </Placemark>
  <Placemark>
	<name>磺溪右岸(磺溪橋上游)</name>
	<Style><LineStyle><color>ff0000ff</color></LineStyle><PolyStyle><fill>0</fill></PolyStyle></Style>
	<ExtendedData><SchemaData schemaUrl="#riverlineok">
		<SimpleData name="RIVER">磺溪右岸(磺溪橋上游)</SimpleData>
		<SimpleData name="RIVERCODE">101000</SimpleData>
	</SchemaData></ExtendedData>
      <MultiGeometry><LineString><coordinates>121.528946604289,25.1437784307255 121.528683494599,25.1433169367918 121.528697620646,25.1431630854974 121.528717929183,25.1429298303378 121.528717929183,25.1429298303378 121.528739502897,25.1427207289447 121.528766587414,25.1426606032184 121.528766587414,25.1426606032184 121.528766587414,25.1426606032184 121.528767312121,25.1425527763969</coordinates></LineString></MultiGeometry>
  </Placemark>
  <Placemark>
	<name>磺溪(磺溪橋上游)</name>
	<Style><LineStyle><color>ff0000ff</color></LineStyle><PolyStyle><fill>0</fill></PolyStyle></Style>
	<ExtendedData><SchemaData schemaUrl="#riverlineok">
		<SimpleData name="RIVER">磺溪(磺溪橋上游)</SimpleData>
		<SimpleData name="RIVERCODE">101000</SimpleData>
	</SchemaData></ExtendedData>
      <MultiGeometry><LineString><coordinates>121.528767312121,25.1425527763969 121.528767312121,25.1425527763969 121.528783385685,25.1423845485988 121.52888084161,25.1421187516762 121.528973241703,25.1420035640051 121.529080068694,25.1419144680728 121.529145229155,25.1419001101321 121.529294438808,25.1419055186735 121.529406204303,25.1419322117512 121.52948901001,25.1419513720677 121.529526589101,25.141938443926 121.529556402773,25.1419236532749 121.529599188812,25.1418929129525 121.529622963235,25.1418449608944 121.529683721947,25.1417324740223 121.529750025856,25.1416279522764 121.529751006371,25.1415725187282 121.529798688471,25.1415057133063 121.529868547375,25.1414441150787 121.529928614467,25.1413951278643 121.52994849696,25.1413643748453 121.529968313001,25.1413215606806 121.529989094267,25.1412589044055 121.530022722735,25.1411801127724 121.530061113819,25.1410985346643 121.530107964981,25.1410229348883 121.530105561557,25.1410134942795 121.530104065709,25.1410107366538 121.530081725541,25.1409694998365 121.530061918905,25.1409153616642 121.53005906436,25.1407912906441 121.530054254246,25.1407278313696 121.530046753292,25.1406882775987 121.530019435363,25.1406126207889 121.529999296757,25.1405794138799 121.529991286328,25.1405661316291 121.529968520601,25.1404957556653 121.529963068065,25.1404640985586 121.529959749953,25.140438883363 121.529955608591,25.1404207463039 121.529953983943,25.1404161098223 121.529945788861,25.1403983164695 121.529945450998,25.140397724324 121.529939629757,25.1403911913364 121.529918694071,25.1403799344949 121.529885923692,25.1403579423327 121.529858786805,25.1403408655014 121.529818244734,25.1403097352248 121.52978695271,25.1402818555995 121.529756930955,25.1402517603454 121.529727861833,25.1402247730821 121.529697815643,25.1401902015509 121.529659859285,25.1401337333513 121.529640951973,25.1401049593456 121.529613887727,25.1400498316519 121.529600964521,25.1400036463192 121.529588856663,25.1399626706549 121.529569621669,25.1399157576684 121.529566991248,25.139726832436 121.529610430505,25.1396114250846 121.529684796457,25.1395196930504 121.529766974541,25.1394433956998 121.529782311042,25.1394296023363 121.529801905052,25.1394049982662 121.529830707566,25.1393773868171 121.529864422007,25.1393325804121 121.529914185617,25.1392229404528 121.529927948162,25.1391829053625 121.529932182596,25.1390455314048 121.529854063192,25.1388231904547 121.529719851296,25.1386105338401 121.529683969386,25.1385039356034 121.52968379313,25.1385034561317 121.529619590964,25.1384442989877 121.529585887403,25.1383540408249 121.529566666779,25.1382451891917 121.529565173321,25.1382414445046 121.529539529212,25.1382038016629 121.529466723392,25.1381298944065 121.529344619547,25.1380307732153 121.529218428242,25.1379205579462 121.529182054678,25.1378716926638 121.52916323353,25.1378147734327 121.529160320526,25.1377739353168 121.529162224051,25.1377352430901 121.529173504594,25.1376108774791 121.529250937082,25.1374515543307 121.529328595129,25.1373842886371 121.529561728496,25.1372479829728 121.529721797938,25.1371928306897 121.529872785885,25.137160579487 121.529948079182,25.137149448283 121.52997325405,25.1371397259487 121.53006080751,25.1371117680752 121.530057614808,25.1370938729652 121.530055124474,25.1370857269806 121.530047970238,25.1370703242351 121.530033819829,25.1370444273709 121.529999812609,25.1369943865202 121.529837085577,25.136866179255 121.529723196836,25.1367770408924 121.529652090038,25.1367007750646 121.52960546942,25.1366526776089 121.529591209974,25.1365870745296 121.529587911188,25.1365114888347 121.529628292585,25.1363914089894 121.529728607133,25.1363184581631 121.529813744386,25.1362863386623 121.529997819825,25.1362706630364 121.530215976351,25.1362244300357 121.530277017996,25.1362216754108 121.530330500528,25.1362301127663 121.530354616295,25.1361663627046 121.530399523272,25.1360566668468 121.530454031893,25.1359410369319 121.530466087503,25.1358940204338 121.530462412964,25.1358760104202 121.530418024447,25.1358210499258 121.530367848652,25.1357545877373 121.530357081642,25.1357315575047 121.530344854498,25.1356883914624 121.530338184999,25.1356244513685 121.530333770803,25.1355620956116 121.530343657974,25.1354904361837 121.530358509315,25.1354318820727 121.530365513776,25.1353631643433 121.530392162591,25.1352189056132 121.530399960211,25.1351808987903 121.530408880486,25.1350862787151 121.530369276604,25.1349364560339 121.530323045594,25.1347832848605 121.530274088285,25.1346815031704 121.530263448824,25.1346593838287 121.530258181423,25.1345759071439 121.530197850152,25.1344557657108 121.530221143947,25.1342905511831 121.530294145756,25.134196166663 121.53038227947,25.1341271601022 121.530481120842,25.1340620221632 121.530757964208,25.1338923773332 121.530837912244,25.1338815702372 121.530935772532,25.1338708449523 121.530943462239,25.1338706247309 121.530951338791,25.1338511214514 121.53096023217,25.1338251706487 121.530942437691,25.1337892126956 121.530935368071,25.1337283883028 121.530925345114,25.1336523089319 121.53092125768,25.1336256927657 121.530932162653,25.1335219124692 121.530940524238,25.1334613487145 121.530968715102,25.1333834039552 121.530991724298,25.1333051923727 121.531035714901,25.1331796109754 121.531056667808,25.1330626239347 121.531072978125,25.1329972743899 121.531082320945,25.1329271561468 121.531071446319,25.1328593479957 121.531043601677,25.1327886639478 121.5309988396,25.1327035908475 121.530956847111,25.1326487802387 121.530907414185,25.1325956983005 121.530843895597,25.1324893744415 121.530732610837,25.1323033919534 121.530704790026,25.1322441110945 121.53067387641,25.1321265748689 121.530656765525,25.1319776860024 121.530670588845,25.1318448592287 121.530699567167,25.1316878623563 121.530756799837,25.1314732197388 121.530804640515,25.1313543556071 121.530840592921,25.1312816876789 121.530865583124,25.1311595650797 121.530868915575,25.1311145772697 121.530865651051,25.1309649548119 121.5309114896,25.130769688901 121.530933789565,25.1306081786014 121.530965916459,25.1304753986811 121.531011974119,25.1302510890194 121.531062033994,25.1299044267832 121.531098475489,25.1297463820756 121.531070810037,25.1294201784478 121.531108937305,25.1292413102952 121.531104986394,25.129159898714 121.531118386459,25.1290403145291 121.531173744987,25.1288612664699 121.531201207705,25.1287644267596 121.531262200199,25.1284653526719 121.531311870688,25.1282635664 121.531333358589,25.1281601513773 121.531345383605,25.1280378280124 121.531348084359,25.1279319183396 121.531312966931,25.1277272815027 121.531253130315,25.1276187808445 121.531237927455,25.1274682442403 121.531210653175,25.1273513159427 121.531186695398,25.1272729369731 121.530987712513,25.1269524676076 121.530794086229,25.1267309285192 121.530438053817,25.1265453725573 121.530414638055,25.1265437324505 121.530330117135,25.1266032227599 121.530330117135,25.1266032227599 121.530278406729,25.1265763352644 121.530224778083,25.126552766883 121.53016948786,25.1265326304117 121.530112800673,25.1265160222218 121.530081704315,25.126507394418 121.530037200625,25.1264965574965 121.529979780276,25.1264845569994 121.529933198488,25.1264770407458 121.529925241295,25.1264738281533 121.529925241295,25.1264738281533 121.529922221099,25.1264723504825 121.529919319155,25.1264706879809 121.529916549091,25.126468848455 121.529913923912,25.1264668405427 121.529911455948,25.1264646736727 121.529909156785,25.1264623580199 121.529909156785,25.1264623580199 121.529906789989,25.1264597196275 121.529904606805,25.1264569531303 121.529902615579,25.1264540691024 121.52990082392,25.1264510785674 121.529899238679,25.1264479929556 121.529897865912,25.126444824061 121.529896710869,25.1264415839959 121.529810366834,25.1262327583926 121.529810366834,25.1262327583926 121.52979977381,25.12620962926 121.529787461553,25.1261872167729 121.529773488164,25.1261656266937 121.529757919584,25.1261449609043 121.529740829279,25.1261253169248 121.529722297898,25.1261067874531 121.52970241289,25.1260894599284 121.529681268091,25.1260734161174 121.529655627927,25.1259718406971 121.529638153962,25.1258813985887 121.529629019129,25.1258216199336 121.529624444782,25.1257647662826 121.529612624755,25.1256890000855 121.529637611293,25.1255558217746 121.529639216261,25.1254778707501 121.529635852473,25.1254008429215 121.529599387177,25.1253292855321 121.529565621127,25.1252454730495 121.529539526072,25.1251188446564 121.529548963084,25.1249776368313 121.529546662838,25.1247645655043 121.529501577117,25.1243776094975 121.52940190101,25.1243103208121 121.529224896912,25.1242453490709 121.529224772923,25.1242451983259 121.529224772923,25.1242451983259 121.529224772923,25.1242451983259 121.529224772923,25.1242451983259 121.529224772923,25.1242451983259 121.529224772923,25.1242451983259 121.529224772923,25.1242451983259 121.529220908411,25.1242143691702 121.529220908411,25.1242143691702 121.529209413015,25.1241741957966 121.529183545735,25.1241418780441 121.529183545735,25.1241418780441 121.529178093828,25.1241369379852 121.529172297223,25.1241323346621 121.529166180963,25.1241280879628 121.529159771472,25.1241242162347 121.529153096443,25.124120736205 121.529146184713,25.1241176629089 121.529089415238,25.124095322686 121.528888754429,25.1240150126506 121.528761075845,25.1239637197637 121.528761075845,25.1239637197637 121.528668822411,25.1239294742939 121.528575088645,25.1238987406545 121.528562030338,25.1238946703244 121.528562030338,25.1238946703244 121.528442553717,25.123862025474 121.528321300742,25.1238353559875 121.52819863169,25.1238147411073 121.52819863169,25.1238147411073 121.528124677757,25.1238042124886 121.528050252165,25.1237969429078 121.52800961037,25.1237938646242 121.52800961037,25.1237938646242 121.527877193136,25.1237889284958 121.527528075929,25.1237899548097 121.527190976456,25.1237909374692 121.5271686457,25.1237912516181 121.52712718587,25.1237914080923 121.526977276462,25.1237914355558 121.526946129182,25.1237892351254 121.526852466153,25.1237427399066 121.52681170293,25.1237282555295 121.526793928751,25.123721939834 121.526629935152,25.1236332267551 121.526611539314,25.1236218906936 121.526582885753,25.1236042335098 121.526552138283,25.1235846490338 121.526484980156,25.1235418728929 121.526432559714,25.1235044755638 121.526406800221,25.1234914493814 121.526389905185,25.1234828334847 121.52638562538,25.1234814854571 121.526298341709,25.1234471640332 121.526272803596,25.1234371975288 121.52623535553,25.1234156091429 121.526223350646,25.1234072918455 121.526157906592,25.1233621675539 121.526081471493,25.1233023124537 121.526005368186,25.1232272891156 121.525979764635,25.1231973889943 121.525891307498,25.123095036571 121.525848753593,25.1230342937579 121.52578783309,25.122936177013 121.525738413691,25.1228862289083 121.525639391421,25.1227851416031 121.525557413121,25.1226927148367 121.525508595542,25.122588677835 121.525463710585,25.1224604499187 121.525445154397,25.1223926252168 121.525436681353,25.1223614545197 121.525415611342,25.1222878246981 121.525398576786,25.1222302955308 121.525372609264,25.1221059186733 121.525354206676,25.1219023756372 121.525354322246,25.121748511191 121.525357970338,25.1216856273374 121.525360901694,25.1216684818227 121.525363022981,25.1216404604505 121.52536482566,25.121605181703 121.525379331432,25.1215003785186 121.525395918429,25.1214300819633 121.525415468714,25.1213501149526 121.525417701628,25.1213134172839 121.52542910116,25.1212869068096 121.525437989445,25.1212569670299 121.525445027426,25.1212332599091 121.525469112437,25.1211521305567 121.525480746656,25.1211132599267 121.525480746656,25.1211132599267 121.525591407856,25.1208944968866 121.525591407856,25.1208944968866 121.525584885776,25.120864593898 121.525584885776,25.120864593898 121.525576271388,25.1208354785385 121.525565591673,25.1208069360222 121.525552892015,25.120779087641 121.525538226384,25.1207520517369 121.525521657103,25.1207259431993 121.525503254584,25.1207008729768 121.52548309703,25.1206769476055 121.525461270101,25.1206542687563 121.525437866552,25.120632932803 121.525412985837,25.1206130304128 121.525386733687,25.1205946461609 121.525386733687,25.1205946461609 121.525349449789,25.120582007125 121.52531136364,25.1205715368197 121.525272627269,25.1205632770391 121.525233395297,25.1205572607536 121.525193824327,25.1205535119784 121.525137444486,25.1205520687036 121.525078715556,25.1205557886416 121.525057790587,25.1205414992227 121.524690436768,25.1202873709185 121.524690436768,25.1202873709185 121.524647633812,25.1202281811544 121.524597544508,25.1201584960901 121.524531741786,25.1200679203354 121.524479962219,25.119996646974 121.524453309155,25.1199599070572 121.524430907239,25.1199270448756 121.524390126375,25.1198603187222 121.524308569158,25.1197246529956 121.524195285582,25.1195385894269 121.524143495248,25.1194065756308 121.524076934055,25.119241033096 121.524027885514,25.1191190454844 121.523986289201,25.1189903269171 121.523979773664,25.1189705696096 121.523952920514,25.118889141725 121.523921272987,25.118792608886 121.523907607716,25.1187569240257 121.524322295327,25.1186406785949 121.524462921232,25.1189058908754 121.524485435228,25.1189483508414 121.52465883597,25.1192753724914 121.524717390069,25.1193865797436 121.524768684386,25.1194719383907 121.524806585344,25.1195302875675 121.524827777046,25.1195599286482 121.524852561694,25.119594079103 121.52488963121,25.1196411281484 121.524914199075,25.1196702376888 121.524947812683,25.1197091286218 121.524964911267,25.1197283970061 121.525056258207,25.1198162408771 121.52511806757,25.1198722573118 121.525181536567,25.1199244670553 121.52544903411,25.1201068776722 121.525673763258,25.1202498246296 121.525743101429,25.1202970027765 121.525772700252,25.120322194233 121.5258065783,25.1203532567555 121.525858822612,25.120401707119 121.525889921516,25.1204289767773 121.525889921516,25.1204289767773 121.525889921516,25.1204289767773 121.525987111733,25.1205310364942 121.52601245027,25.1205663453155 121.52601245027,25.1205663453155 121.526025571598,25.1205925020932 121.526036769407,25.1206193898196 121.526045994931,25.1206468914004 121.526055290696,25.1206779778999 121.526067605194,25.120735514725 121.526069030052,25.1207579532537 121.526071926082,25.1208043829609 121.526071683668,25.1208311427857 121.526070074171,25.1208628548008 121.526067772522,25.1208811356219 121.526059771228,25.1209300505859 121.526030078474,25.121031206253 121.525991356661,25.1211566431338 121.525924205715,25.1213819672446 121.525924457354,25.1213851531848 121.525924457354,25.1213851531848 121.525894418326,25.1214873018921 121.525872034554,25.1215910659745 121.525857408509,25.1216959704904 121.525850607159,25.121801535277 121.525851661654,25.1219072771479 121.525860567187,25.1220127121053 121.525877283017,25.1221173575548 121.525901732651,25.1222207345145 121.525933804199,25.1223223698075 121.525934133446,25.1223228823644 121.525954865576,25.122375334604 121.526005875391,25.1224911089988 121.526121538049,25.1226571516062 121.526260879267,25.122861985514 121.52632264558,25.1229560725753 121.526415178439,25.1230907756014 121.526415178439,25.1230907756014 121.526564371313,25.1232146852453 121.526564371313,25.1232146852453 121.526572792046,25.123216618407 121.526581047471,25.1232190723694 121.526589098777,25.1232220355951 121.526596908109,25.1232254941526 121.526604438752,25.1232294317815 121.526611655301,25.123233829969 121.526618523827,25.1232386680369 121.526625012037,25.1232439232391 121.526631089428,25.1232495708683 121.526636727426,25.1232555843721 121.526641899524,25.1232619354779 121.526679604999,25.1232903749784 121.526786810253,25.1233730966401 121.52693089272,25.1234066741952 121.526948641605,25.123410899393 121.527051704794,25.1234480352256 121.527062706456,25.1234521760491 121.527082595106,25.1234596617688 121.527097780501,25.1234650245623 121.527238708195,25.1235142796793 121.527262884531,25.1235228486575 121.527380439099,25.1235637964639 121.52745699689,25.1235527265867 121.52754731741,25.1235390166567 121.527563679901,25.123538958421 121.527629451902,25.1235380291593 121.527714478422,25.12353851191 121.527743724189,25.1235389494665 121.527813500228,25.1235466275937 121.527893479723,25.1235541482101 121.528018032279,25.1235658600241 121.528205823923,25.123587088312 121.528340228726,25.1236022815093 121.528340228726,25.1236022815093 121.528515387218,25.1236305244464 121.528618142392,25.123651238374 121.529020448324,25.1237436670499 121.529095399233,25.1237601464424 121.529569706156,25.1240334089157 121.529569706156,25.1240334089157 121.52969604279,25.1241144627914 121.529776328499,25.1241879000642 121.529808105371,25.124268499869 121.529804962423,25.1243804027405 121.529812523637,25.1244618320339 121.529848054587,25.1245719194085 121.529922078469,25.124723063819 121.529948537178,25.1248897285543 121.529944610648,25.1250420357562 121.529952513464,25.1252003204201 121.529959882053,25.1253896141553 121.529946800677,25.1254757308446 121.52992785817,25.1255654414865 121.52992912812,25.1256352253385 121.529926815858,25.1258195904763 121.529951450203,25.1259846934744 121.529973993049,25.1260535032154 121.529999562055,25.1261061042203 121.530018815183,25.1261370902419 121.530024238154,25.12614167187 121.530043452954,25.1261538773623 121.530106164218,25.126182952248 121.530167849465,25.1262027880302 121.53023508775,25.1262238288098 121.530400211591,25.1262525675688 121.530462865526,25.1262673104302 121.530526714334,25.1263020531591 121.530604434989,25.1263337364675 121.530675775997,25.1263665600462 121.530709294402,25.1263757745212 121.530822756401,25.12641795045 121.530876727146,25.1264559094474 121.530912892845,25.1264768157794 121.53097631057,25.126525222593 121.531004854869,25.1265517707275 121.53105194024,25.1265920187903 121.531106199923,25.126641261779 121.531134432798,25.1266605636741 121.531194643914,25.12670670043 121.531350318192,25.1269156443104 121.531369129596,25.1269768778993 121.531409703508,25.1270560695928 121.531446185421,25.1271321773429 121.53152600979,25.1272330216073 121.531591265339,25.127353815583 121.53164144787,25.1275947786301 121.531677255539,25.1277648617638 121.531688034799,25.1279195619148 121.531676657837,25.1280560762886 121.531672802039,25.1281577500666 121.5316639766,25.1281932794224 121.531658205929,25.1282093987297 121.531655206469,25.1282388379056 121.531647088459,25.1282720590214 121.531646704411,25.1283358666532 121.531636984769,25.1283817516617 121.531625604436,25.1284512486259 121.531609518933,25.1285023997704 121.531595071454,25.1285608815127 121.531591233226,25.1285819194821 121.53158796667,25.128622838981 121.5315740426,25.1286744314552 121.531555774453,25.1287197930212 121.531516170176,25.1288658294668 121.531487264437,25.1289164087303 121.531467618705,25.1289773724628 121.531458710302,25.1290167208792 121.531444326088,25.1290515663378 121.531441459795,25.1290623842403 121.531427101492,25.1292028322988 121.531427682991,25.1292305529347 121.531423398204,25.1292650235746 121.531409819301,25.1293393285254 121.531381614199,25.1294096827443 121.531376194893,25.1295155540473 121.531376027742,25.1295694323821 121.531380477606,25.1296150371997 121.531415731048,25.1296695621604 121.531426669489,25.12969440862 121.531434582318,25.1297262472112 121.531436616134,25.1297787583052 121.531442640096,25.1298514335065 121.531438797188,25.1298818131854 121.531441461808,25.1299095038554 121.53145223641,25.1299597518688 121.531456318623,25.1300014055845 121.531456971462,25.1300472420332 121.53146038051,25.1300801982646 121.531459643491,25.1301266372821 121.531439942771,25.1302174016338 121.531439908846,25.1302641345108 121.531427374975,25.1303123994494 121.531413892817,25.1303448973116 121.531349863583,25.1304500758066 121.531313619828,25.1305197652155 121.531300491777,25.1305667595779 121.531299985514,25.1305696403625 121.531304573441,25.1305785650834 121.531311697172,25.1306031755334 121.531325790594,25.1306352770909 121.531332401839,25.1306963511262 121.531326733009,25.1307802223813 121.531320466525,25.130803997878 121.531300983635,25.1308468577518 121.531286939814,25.1308883159185 121.531279385598,25.1309224138363 121.531275484666,25.1309506179696 121.531268644466,25.1309772710932 121.53125668722,25.1310080644062 121.531214701055,25.1310788561734 121.531202746415,25.1311161823537 121.531165003523,25.1312682710061 121.531163633388,25.1312707860975 121.531162698562,25.1312762713899 121.531160268499,25.1313093515848 121.531145995391,25.1313793410905 121.531107677095,25.1315445498499 121.531093778772,25.1315881519402 121.531081413272,25.1316430969117 121.531075803303,25.1317037291115 121.531066045313,25.1317460194324 121.531052805439,25.1317909816819 121.53104043032,25.1318510082481 121.53103539465,25.1318821217278 121.531033461007,25.1319341832786 121.531033164974,25.1319421753031 121.531022117667,25.1320076658696 121.531019164704,25.132066094535 121.531012393535,25.1321415266871 121.531022300215,25.1321959489335 121.531040458935,25.13224476791 121.531097405226,25.1323316324194 121.531192353754,25.132463614076 121.531267570931,25.1325612216982 121.531320607715,25.1326453977919 121.531379569133,25.1327321081161 121.531402819779,25.1327801609634 121.531422378533,25.1328410194227 121.531441464753,25.1329122556335 121.53144265809,25.132962125488 121.531441977245,25.1330120068771 121.531430664751,25.1330780053779 121.531416761042,25.133134508335 121.531381452319,25.1332059800197 121.531339555689,25.1332816327807 121.531318662383,25.1333355148879 121.531320297281,25.1333759025153 121.531336896568,25.1334178177815 121.531355830841,25.1334563081829 121.531355830841,25.1334563081829 121.531355830841,25.1334563081829 121.531373438072,25.1334921008941 121.531420649422,25.1336088041457 121.531449769855,25.1337010445489 121.531456343255,25.1337752514629 121.531417593641,25.1338459513263 121.531385858726,25.1339025912851 121.531310093861,25.1339877514166 121.531270977161,25.134021395126 121.530970718496,25.1341646889221 121.53094988479,25.1341695797519 121.53083653753,25.1341984837929 121.530716814918,25.1342400032524 121.530626990996,25.1342720860364 121.530579661374,25.1343029479485 121.53057837888,25.1343052738124 121.530575736082,25.1343555988331 121.530579245174,25.1344327329669 121.530590780824,25.1344938028042 121.530607131655,25.1345486032835 121.530636836919,25.1346123964457 121.530654253527,25.1346746786239 121.530654253527,25.1346746786239 121.530729664306,25.1348028158039 121.530770065636,25.1349041199361 121.530782032213,25.1350204877563 121.53078336293,25.1352117489126 121.53075013229,25.1353965713237 121.530719151003,25.135516031528 121.530746340676,25.1356720123702 121.530824674836,25.135859548827 121.530856476578,25.1359372088664 121.530792332549,25.1361489034665 121.530736253453,25.136154002166 121.530700809849,25.1362491611651 121.530661781649,25.1363507009975 121.530640586993,25.1363978641288 121.530584291578,25.1364694160567 121.530467990695,25.1365197625358 121.530303595238,25.1365647051118 121.530159870942,25.1365982728114 121.530103828276,25.1366248230213 121.530056746116,25.1366461286673 121.530073847196,25.1366685758772 121.530107973612,25.1367284663097 121.530187355463,25.1367652395816 121.5302573069,25.136867904225 121.530331228922,25.1369677392394 121.530351002392,25.1370869932511 121.530350516328,25.1371856740023 121.530319571325,25.1373218390327 121.53020246309,25.1373961660705 121.530082331974,25.1374508174069 121.529958948039,25.1374634659057 121.529822546988,25.137496152582 121.529760977596,25.1375363485465 121.529657077313,25.1375857393608 121.529593689072,25.1376089284209 121.529547264802,25.1376485221909 121.529524500493,25.1376794979242 121.529507751096,25.1377339457585 121.529507764616,25.1377344929854 121.529573884699,25.1378709207037 121.529709341534,25.1379972613318 121.529848883843,25.1381509991105 121.529937499279,25.138346948497 121.530017968341,25.1385227662002 121.530116089611,25.13875406729 121.530176601906,25.1389167934064 121.530245781436,25.1390837696747 121.530246368551,25.1392197034799 121.530204759754,25.1393373753075 121.530146081556,25.1394313308091 121.530084882133,25.1395508438224 121.530028174175,25.1396196718607 121.530014265108,25.1396607184714 121.529990194755,25.1397160452647 121.529950687925,25.1398282120724 121.529955445519,25.1398578573002 121.529971179153,25.1399354501467 121.529974004682,25.1399491097992 121.530034976122,25.1399894184119 121.530130394528,25.1400459833017 121.53020189053,25.1401195467983 121.5302464474,25.1401871898199 121.530259818725,25.1402090614469 121.530287676576,25.1402586330091 121.530331392288,25.1403569248529 121.530343439715,25.1403895436551 121.530360553866,25.1404468111474 121.530371189828,25.1405036560833 121.530379473433,25.1406014838397 121.530389519319,25.1406515066581 121.530391996065,25.1406870788627 121.530395268142,25.140723086911 121.530393033481,25.1407629471766 121.530377802072,25.1408134668461 121.530372808352,25.1408316911609 121.530368964329,25.1408725116018 121.530371827437,25.1409274605353 121.530389325575,25.1409771565435 121.530392385388,25.1410169443681 121.530393276027,25.1412038810852 121.530320599907,25.1413438330607 121.530286473147,25.1414355560032 121.530239426167,25.1415287395763 121.530147058107,25.1416703465042 121.530090725865,25.1417473953175 121.530057348211,25.1417764395289 121.530046028831,25.1418166376265 121.530024952779,25.1418674359643 121.529988103235,25.1419447605513 121.5299637398,25.1419863414047 121.52993265131,25.1420271589735 121.529909986025,25.1420540858508 121.529861122593,25.1420951223457 121.529821719613,25.142131243357 121.52976812538,25.1421715615473 121.529723269773,25.1421911520494 121.529638252365,25.1422149313957 121.529529901401,25.1422300088861 121.529443972789,25.1422302034862 121.529370979827,25.1422167721429 121.529227505885,25.1422019777116 121.529200012601,25.1422583346548 121.529180800776,25.1423948034373 121.529163500041,25.1425209642355 121.529163134893,25.1425250325109 121.529165996891,25.142533758963 121.529183309622,25.1425694587595 121.529267728224,25.1426445919804 121.529368974688,25.1427357760724 121.52942589324,25.1427800841668 121.529582447214,25.1428923334289 121.529637405303,25.143047615975 121.529654034795,25.1431021393178 121.529652125,25.1431841734465 121.529617083201,25.1432749018412 121.529508671914,25.1434112201938 121.529437582213,25.143507962931 121.529393375001,25.1435869940832 121.529375628455,25.143764662595 121.529338280696,25.1438795865064 121.529336688024,25.1439006550308 121.52928614198,25.1439846462495 121.529271351284,25.1440348425421 121.529307859159,25.1440706179238 121.529329664993,25.1441629198593 121.529888629765,25.1443467576152 121.529894164645,25.1445616337618 121.529960384611,25.1445802704088 121.530017875093,25.1446940124903 121.530024144396,25.1447453996904 121.530027370464,25.1447501350243 121.530050667504,25.1447803397338 121.530062850537,25.1447935049037 121.530092808128,25.1448199131277 121.530167580007,25.1448866430256 121.530190501911,25.1449527948645 121.530199050832,25.1449985339805 121.53020500861,25.1450286471057 121.530216502516,25.1450540809721 121.530230749602,25.1450798303627 121.530250580451,25.1451097543002 121.530323268784,25.1452657079746 121.530340052258,25.1453730691765 121.530339127845,25.1454487443857 121.530336393358,25.1455380336168 121.530332100688,25.1456176272057 121.530325552401,25.1456876872789 121.530326198126,25.1457742816638 121.530323681165,25.1457948490122 121.530325437712,25.1458172013337 121.530332483711,25.1458393911036 121.530342532139,25.1458593032686 121.530383170804,25.145907653228 121.53041293716,25.1459346042826 121.530436866725,25.1459568301194 121.530440590125,25.1459602884215 121.530472387107,25.1459828448825 121.530512286313,25.1460012796265 121.530562956714,25.146020942882 121.530593569237,25.1460296283066 121.530628962664,25.1460348461501 121.530650142487,25.1460346111882 121.530671981168,25.1460318153349 121.530700121728,25.146024958891 121.530774347626,25.1460053666254 121.530828677126,25.1459951937724 121.530950305102,25.1459730713104 121.531052939356,25.1459601809072 121.531093378727,25.1459588479961 121.531220655955,25.1459503066933 121.531341978056,25.1459978463514 121.531409366534,25.146044149819 121.531477027146,25.1461177945488 121.531506856117,25.1461829556232 121.531535725094,25.1462697993369 121.531551720472,25.1463931033203 121.531545550869,25.1464613049348 121.531515010697,25.146523354286 121.531426652768,25.1466275158862 121.531374092888,25.1466797717507 121.531262644175,25.146733896006 121.531014154998,25.1468704773852 121.530865026125,25.1469532151164 121.530782668017,25.1470286748281 121.530765248209,25.1471046972816 121.530757792491,25.1471919068883 121.530802127833,25.1473112368246 121.530826208709,25.1473529329875 121.530847939706,25.147398460363 121.53088016085,25.147451964096 121.530929567085,25.147521972485 121.530960146496,25.147554800386 121.5309869273,25.1476005232561 121.531013636354,25.1476328988294 121.53107286672,25.1476904034782 121.531128215812,25.1477749511626 121.531169471775,25.1478511875807 121.531209136051,25.1478929572162 121.531257861666,25.1479634244019 121.531306813636,25.1480642299431 121.531303916007,25.1480753883443 121.531365899016,25.1481266454289 121.53140682841,25.148197572288 121.531432675023,25.1482192646285 121.531485161233,25.1482598032549 121.531525517921,25.1482848085582 121.531552358838,25.1483027823313 121.531628795334,25.1483412257099 121.531823355272,25.1484061547316 121.531851047535,25.1484194535721 121.531895694595,25.1484408947107 121.531955670655,25.1484784872437 121.531975682065,25.148487175685 121.532014299201,25.1484860438525 121.532154263836,25.1485556771126 121.532165759762,25.1485584181553 121.532241715093,25.1485799172603 121.532301605068,25.1486027391939 121.532356052886,25.148643653649 121.532393420067,25.1486795635449 121.532440167277,25.1487343204041 121.532484250424,25.1488128743759 121.532508853399,25.1488953218804 121.532531403715,25.1489759770392 121.532533418792,25.1490817768686 121.532531874521,25.1491444144577 121.532529827893,25.149178627958 121.532517261243,25.1492293885653 121.532485840301,25.1492938126156 121.532452197497,25.1493624886662 121.53242797945,25.1494184633695 121.532421306144,25.1494401436922 121.532419219854,25.1495029612882 121.532432906769,25.1495832264646 121.532449628463,25.1496273500617 121.53249584732,25.1497405695257 121.532611560608,25.1499212954763 121.532679568754,25.1500149722152 121.532778627927,25.1501364965962 121.532820118027,25.1502023930966 121.532854722533,25.1502559914005 121.532864167277,25.1503126518824 121.532873376232,25.1503613570173 121.532864816609,25.1504761999987 121.532841648274,25.1506015831202 121.532831305135,25.1507211182264 121.532839847491,25.1508012462501 121.532837908161,25.1509072335929 121.53284245413,25.1509366458137 121.532876296767,25.1510206946511 121.532890475188,25.1510409527259 121.532960376974,25.1511028572981 121.533081700917,25.1512288933064 121.533086246852,25.1513065227027 121.533083664694,25.1513671224344 121.53307596862,25.1514719853347 121.533065992412,25.1515485981303 121.533066983695,25.1516078873556 121.533049838867,25.1517105112968 121.533000026828,25.1517895676588 121.532979854276,25.151828353119 121.532877634099,25.1519112433316 121.53289076083,25.151945167229 121.532902832488,25.1519772568416 121.53292155297,25.1520206459138 121.53293793809,25.1520627151215 121.532943405077,25.1520716370894 121.532977819425,25.1521278002916 121.533044281053,25.1522287960552 121.533047807651,25.1522329286755 121.533049043558,25.1522337583541 121.533071235873,25.1522344368219 121.533126318914,25.152247217771 121.533171194577,25.152266689766 121.533201036456,25.1522847751806 121.533216716698,25.1522928460356 121.533343256579,25.1523502686958 121.533409052298,25.152384174787 121.533457523669,25.1524261370414 121.533483962393,25.1524627260015 121.533512892207,25.1525117225962 121.53352077322,25.1525899897397 121.533512589608,25.1526215378759 121.533513484509,25.152621629039 121.533563324673,25.1526337414622 121.533602846056,25.1526429229587 121.533670543889,25.1526671407231 121.533726177161,25.1527414446584 121.533737462705,25.1528232358103 121.533739118984,25.1528855569234 121.533741155145,25.1529468260266 121.533739249105,25.1529909539701 121.533736740222,25.1530892933329 121.533741800748,25.1531630847852 121.533755404426,25.1532418976071 121.533758232799,25.1533373028794 121.533766875063,25.1533983555176 121.533763714356,25.1534630318998 121.533766525754,25.1535072232709 121.53376892724,25.1535179861539 121.533809131579,25.1535424827299 121.533918459952,25.1535879644822 121.534053352254,25.153621438714 121.53424304272,25.1536634490976 121.534456591977,25.1537190561336 121.534589616239,25.1537789509292 121.534709131553,25.1538435860146 121.534810690087,25.153883822307 121.534979520383,25.153960678456 121.534979520383,25.153960678456 121.535145940146,25.1540766819198 121.535240730071,25.1541662842962 121.535270185163,25.1542543122753 121.535252199735,25.1543549202559 121.535180779291,25.1544844419613 121.535146393673,25.1545688565113 121.535139180501,25.154656759131 121.535131233514,25.1547446776224 121.535131669059,25.1548445268079 121.535147842923,25.1548942274554 121.535184483472,25.1549432557387 121.535230869394,25.1549762911006 121.535289235759,25.1550034615762 121.535434311777,25.155052911502 121.535640521057,25.1551204117733 121.535775038335,25.1551705278346 121.535862512246,25.1552282562806 121.53596251995,25.1553202621819 121.536057047964,25.1554404602055 121.536108653035,25.1555013332725 121.536156179112,25.1555206804943 121.536281008172,25.1555638286118 121.536397174984,25.1555845220483 121.536518209557,25.1555930796237 121.536763520281,25.1556082372863 121.537012701841,25.1556460489929 121.537167153404,25.1556722257829 121.537331858212,25.1557260224209 121.537517998798,25.1558058117638 121.53776418871,25.1559084758292 121.537853580791,25.1559411698802 121.538108876921,25.1559757298157 121.538374766924,25.1560428534401 121.53846461443,25.1560682995808 121.53860053292,25.1560782275412 121.538743194783,25.1560966855775 121.538950555956,25.1561136301762 121.539122607336,25.1561259052816 121.539283611602,25.1561507682577 121.539435241103,25.156165704387 121.539674829529,25.1561905884067 121.539853572991,25.1562251015938 121.540079019116,25.1562952852826 121.540192551845,25.1563423154469 121.54033394823,25.1563999930262 121.540432425015,25.156471405811 121.540291992246,25.1566362639253 121.54023299321,25.1565917236654 121.540214170963,25.1565758063596 121.540170523991,25.1565575513991 121.540095966829,25.1565237404561 121.540026114034,25.1564961369709 121.539968478547,25.1564778738749 121.539930440728,25.1564670455335 121.539841167607,25.1564436556951 121.539771041256,25.156423824015 121.539693023761,25.1564044867582 121.539575324454,25.1563907360163 121.539517510552,25.1563850223083 121.539471870275,25.156373908847 121.539423216118,25.1563652213063 121.539354988203,25.1563570760587 121.539329853108,25.1563529006464 121.539261159153,25.1563499076019 121.539204797409,25.1563424282693 121.539082118274,25.1563250025321 121.539045518576,25.1563274837242 121.538983134969,25.1563256606989 121.538895703224,25.1563173157417 121.538811589363,25.1563124336639 121.538739453037,25.1563030200962 121.538648206046,25.156295549316 121.538591553699,25.1562847651931 121.538502285496,25.1562707527992 121.538413232388,25.1562622630024 121.53831250004,25.1562408836218 121.53817089864,25.1562032680007 121.5380890125,25.1561861894421 121.53799935222,25.1561719386972 121.537919671221,25.1561616471076 121.53786916761,25.1561511969558 121.537768626961,25.1561347473674 121.537678820702,25.1561012671954 121.537571049023,25.1560563846694 121.537456712303,25.1560057348627 121.537354375344,25.1559610366404 121.537187126902,25.1558955866054 121.537002170761,25.155846282378 121.536916713544,25.1558371287122 121.536854708398,25.1558267334607 121.536782894582,25.1558161355339 121.536683590839,25.155809929733 121.536616307863,25.1558033829373 121.536474249988,25.1557940448541 121.536419046621,25.1557908145198 121.536374929726,25.1557889406756 121.5362715363,25.1557712983227 121.536209668572,25.1557520896236 121.536165712193,25.1557383768301 121.536092811239,25.1557142952501 121.536050525017,25.155699415676 121.535980711564,25.1556772025974 121.535883409897,25.1555699469357 121.535853073835,25.1555255403132 121.535852362658,25.1555245794719 121.535800124736,25.1554588788289 121.535773214742,25.1554317315938 121.53573497329,25.1553966494378 121.535689445288,25.1553632087605 121.535641126398,25.1553370621544 121.535595224894,25.1553199657812 121.535552344448,25.1553071571635 121.535500136341,25.1552905755958 121.535447792184,25.1552724398931 121.535391491657,25.1552532542955 121.535311307156,25.15522576997 121.535255102434,25.155209739013 121.535190041963,25.155185810325 121.535097389838,25.1551403668887 121.535031110122,25.1550910748319 121.534963378699,25.1550172417123 121.5349235494,25.1549331096705 121.534908512358,25.1548687896294 121.534902937039,25.154793950276 121.534907436682,25.1547352402029 121.534915664535,25.1546731668204 121.534916566931,25.1546221824205 121.53492095052,25.1545593250492 121.534938459151,25.1544771425692 121.534965162666,25.1544163265014 121.534998652497,25.1543583826364 121.535015632982,25.154325980657 121.535029461984,25.1542972291307 121.535038624854,25.1542660494772 121.53503570862,25.1542620486395 121.53502854387,25.1542548435699 121.535006178558,25.1542377038227 121.534949207823,25.154197754086 121.534874518498,25.1541449898494 121.534824934746,25.1541163415457 121.534824934746,25.1541163415457 121.53476913193,25.1540898956384 121.534669694706,25.1540484657169 121.534590247432,25.1540134168763 121.534527648875,25.1539787309455 121.534478453371,25.1539522917869 121.534396120982,25.1539167120349 121.534300136767,25.1538877508869 121.534220194565,25.1538691443503 121.534114943796,25.1538417591343 121.534010131618,25.1538207878664 121.533944591769,25.153806863277 121.533874712291,25.1537879309844 121.533800221348,25.1537628251155 121.533676218399,25.1537146259212 121.533653781047,25.1537052653158 121.533611046773,25.1536797833746 121.533565258654,25.1536354553484 121.533532064187,25.1535414966943 121.533526574341,25.1534667769429 121.533526595767,25.1534077198748 121.533521466356,25.153347032436 121.533516179166,25.1532640707812 121.53350599587,25.1531832461117 121.533499995151,25.1530906571013 121.533501096358,25.1529962395618 121.533502332548,25.1529434522499 121.533501211557,25.1528917569126 121.533499134258,25.1528425061965 121.533499129968,25.1528424783144 121.533466453206,25.1528355963782 121.533411729955,25.1528278696027 121.533341877988,25.1528057843065 121.533276959173,25.1527409856804 121.53326611844,25.152653749081 121.53328521017,25.1525767995172 121.533285351237,25.1525734346488 121.533277887184,25.1525649120941 121.533261946791,25.1525497181329 121.533240393839,25.1525371172878 121.533214146197,25.152524986384 121.533124659853,25.1524845181605 121.533080876751,25.1524612869563 121.533064753301,25.1524521129742 121.533063808924,25.152451802631 121.533058140532,25.1524515106667 121.533013153105,25.1524546742265 121.532946549245,25.1524390673555 121.532862915414,25.1523875892863 121.532854608403,25.1523648049272 121.532839650267,25.1523383820475 121.532799062024,25.1522890437652 121.532775860724,25.1522499725052 121.532734614009,25.1521826219953 121.532708183907,25.1522251738101 121.532688321985,25.1522675222056 121.532657897967,25.1523751972273 121.532637786575,25.1525274236961 121.532617193138,25.1525685975814 121.532591296208,25.1525997590322 121.532586234066,25.1526056591004 121.532579280478,25.1526486457913 121.532566084655,25.15273136207 121.532566241697,25.1527801577655 121.532588009896,25.1528037644658 121.532610717316,25.1528296477145 121.53267801649,25.1528994650651 121.53273649814,25.1529745714295 121.532822091586,25.1530777974293 121.532834083296,25.1530870960058 121.532885710432,25.1531149327683 121.532926526711,25.1531478219417 121.532959751006,25.1531877610176 121.533049576317,25.1532924375638 121.533084327856,25.1533472569654 121.533103333645,25.1533777836127 121.53313069779,25.1534136825138 121.533188258419,25.1534850236926 121.533232038436,25.1535980448361 121.533274142678,25.1537121368414 121.533285418104,25.153823617374 121.5332690541,25.1539420327538 121.533260817115,25.154055704866 121.533264257058,25.1540797788076 121.533271207822,25.154154868221 121.533284570503,25.1542739563599 121.533339210529,25.1544397396447 121.533349061893,25.1544523915744 121.533371462182,25.1544817142755 121.533398078002,25.1545183636935 121.533411799913,25.1545364506656 121.533419826305,25.154546827581 121.533446627604,25.1545860719033 121.533469100953,25.1546413696099 121.533480141142,25.1546893020868 121.533483562615,25.1547309707253 121.533482886183,25.1547622128514 121.53347933789,25.1548013058719 121.533473491465,25.1548561442358 121.533473902373,25.1548787176994 121.533481023591,25.1548978546291 121.533503957001,25.1549420634382 121.533522023019,25.1549739911501 121.533537100335,25.1550023724149 121.53355159041,25.1550278610741 121.533568091549,25.155055722674 121.533589520526,25.1550923809843 121.533609278598,25.1551426759003 121.533612225157,25.155192437496 121.53360308017,25.1552392848724 121.533586039109,25.1552767381336 121.533564676348,25.1553191182885 121.533543825366,25.1553532849624 121.533526209747,25.1553848085845 121.533514797974,25.1554078789784 121.533508590779,25.1554273276114 121.533506861849,25.1554381192814 121.533507366969,25.155441748356 121.533510233264,25.1554482990012 121.533519200912,25.1554617892569 121.533535293677,25.1554814683007 121.533552594238,25.1555026972028 121.533568685181,25.1555219388329 121.533584281121,25.1555387157858 121.533604705341,25.1555564789673 121.533632346976,25.1555797685722 121.533663717375,25.1556087408418 121.533686942713,25.1556340293227 121.533703746312,25.1556501124367 121.533717252374,25.1556601827191 121.533723132387,25.1556641788158 121.533745736175,25.155678809809 121.533774030228,25.1556976697469 121.533806734967,25.1557167289433 121.533852018921,25.1557394644838 121.533899338025,25.1557595954692 121.533948791887,25.1557779533131 121.534002967084,25.1558047809806 121.534055303443,25.1558354927443 121.534098665821,25.1558628584702 121.534138484496,25.1558909849624 121.534177534319,25.1559164884602 121.534222362869,25.1559448768505 121.534269111093,25.1559782838969 121.534313260411,25.1560089344133 121.534354605955,25.1560382371094 121.534393365711,25.156069813261 121.534425184217,25.1560996802554 121.534450626683,25.1561260225621 121.534476229659,25.1561515667048 121.534505676414,25.156177486864 121.534538786352,25.1562055591718 121.53456653678,25.1562329792287 121.534594283628,25.1562505909443 121.534618567347,25.15626193656 121.534644699868,25.156285525149 121.534669941814,25.1563107505516 121.534690703114,25.1563376252999 121.534690703114,25.1563376252999 121.534690703114,25.1563376252999 121.534743779742,25.1563651999434 121.534743779742,25.1563651999434 121.534743779742,25.1563651999434 121.534743779742,25.1563651999434 121.534743779742,25.1563651999434 121.534793273444,25.1563944208942 121.534820274874,25.1564114731942 121.534820274874,25.1564114731942 121.534878708562,25.1564324953221 121.534932690102,25.1564617000154 121.53506594502,25.1565843284662 121.535019423235,25.1567982259043 121.534865119113,25.1568735579288 121.534865119113,25.1568735579288 121.534832639627,25.156897713553 121.534809700474,25.1569071676339 121.534781093463,25.1569154191232 121.534760913697,25.1569309864392 121.534731964414,25.1569546651571 121.53469105678,25.1569789153519 121.534660537467,25.15699362925 121.534636020157,25.1570053805721 121.534636020157,25.1570053805721 121.534636020157,25.1570053805721 121.534617907493,25.1570161370115 121.534593140278,25.1570297719669 121.534569842922,25.1570502836492 121.534548457027,25.1570801510415 121.53452240111,25.1571117374243 121.534505644034,25.1571305231366 121.534488029873,25.1571671860992 121.534488029873,25.1571671860992 121.534488029873,25.1571671860992 121.534488029873,25.1571671860992 121.534465647092,25.1572037212837 121.534459079748,25.1572403725091 121.534448294386,25.1572726233317 121.534433514065,25.157303398131 121.53441713958,25.1573283859587 121.534401466607,25.1573520459331 121.534378809762,25.1573863023612 121.534373445982,25.157396250344 121.534376495519,25.1574149956682 121.534380144743,25.1574599591877 121.534364782218,25.1575066162035 121.534356728412,25.1575342055249 121.534356728412,25.1575342055249 121.534350041266,25.1575442911834 121.534346749721,25.1575613640811 121.534342531177,25.1575863148064 121.534333016778,25.157616933032 121.534334463665,25.1576260998789 121.534337829954,25.1576580850355 121.53433611679,25.1576937268607 121.534332361596,25.1577217711813 121.534330793483,25.1577431957758 121.534330447983,25.1577643428321 121.534331239739,25.1577875595052 121.534336865585,25.1578061227123 121.534351184161,25.1578276378333 121.534351184161,25.1578276378333 121.534351184161,25.1578276378333 121.534351184161,25.1578276378333 121.534393927468,25.1578435047475 121.534571463426,25.1579370330002 121.534710278438,25.1580050631829 121.534819908336,25.1580543080312 121.534965023558,25.1581466095897 121.535025838651,25.15818924012 121.535079138536,25.1582263150204 121.535115697836,25.1582569522678 121.535134338232,25.1582821702948 121.535195691378,25.1583374477245 121.535268845155,25.1584722084026 121.535330623713,25.1585532089659 121.535368125632,25.1587206285779 121.535366124948,25.1587995635691 121.535405166686,25.1588722251244 121.535411969025,25.1589895108812 121.535423098006,25.1591031246913 121.535434254049,25.1591374559587 121.535462454163,25.1591946637497 121.535507800277,25.1592571880555 121.53556717938,25.1593313126069 121.535662430159,25.159425444868 121.535747042308,25.1594893691536 121.535804531593,25.1595413282704 121.535845582621,25.159590030052 121.535884307179,25.1596474924722 121.535905322321,25.1597109779945 121.535905437749,25.1597717248859 121.535894288361,25.1598327824571 121.535870128617,25.1599090062728 121.535837388575,25.1599675667246 121.535808207681,25.1600042216489 121.535784356037,25.1600233507752 121.535809223396,25.1600489900234 121.535817831204,25.1601095011983 121.535807509734,25.1601551734868 121.535795791919,25.160192564015 121.535785888934,25.160235173436 121.535786179226,25.1602477286923 121.5357903606,25.1602623848738 121.535808669554,25.1603055152285 121.535834637201,25.1603931772694 121.535850550568,25.1605245425014 121.535586022089,25.1605074615668 121.535592743167,25.1604870940971 121.535591282428,25.1604737824944 121.535572267874,25.1604139294923 121.53553554281,25.1603304712554 121.535521214555,25.160232981416 121.535525500778,25.1601731307391 121.535529976878,25.1601401402183 121.535529306147,25.1601185235968 121.535523305017,25.1600862098891 121.535515667242,25.1600382293773 121.535518262171,25.1599725553657 121.535554449613,25.1599113066597 121.535603319637,25.1598727525495 121.535631789899,25.1598588106121 121.535632321839,25.1598583545259 121.535640536039,25.159844988763 121.535651526861,25.1598176754958 121.53565872403,25.1597796184176 121.535658614627,25.159740446829 121.53565098335,25.1597210575617 121.535625980715,25.1596885600444 121.535581871301,25.1596424630012 121.535516063589,25.159590735362 121.535431435747,25.1595181281832 121.535342394227,25.1594170467973 121.535261985404,25.1593152567071 121.535207712204,25.1592107622706 121.535147827655,25.1590453227754 121.535133910543,25.1590309672506 121.53511397154,25.1590127523785 121.535092024932,25.1589916593971 121.535076413565,25.1589762274991 121.535060636606,25.1589625427588 121.535042075947,25.1589444538093 121.535022555862,25.1589228137124 121.535006615054,25.1589010109174 121.534988464308,25.1588789341204 121.534981080801,25.158872086147 121.534969079635,25.1588631731342 121.534950692309,25.1588491940646 121.534928258495,25.1588273303362 121.534908108976,25.1588026304772 121.534891702879,25.1587807501518 121.534876609234,25.1587590595995 121.534859587251,25.1587335640564 121.534843655817,25.1587048145268 121.534825539928,25.1586782167677 121.534809503754,25.1586612289711 121.534809503754,25.1586612289711 121.534797517929,25.1586480372779 121.534781240784,25.1586277294802 121.534768726203,25.1586109699062 121.534741425947,25.1585716568657 121.534733643221,25.158540594799 121.534730579857,25.1585216246067 121.534730065441,25.1584994254179 121.534728972463,25.1584751804962 121.534730347216,25.1584504939626 121.534728471352,25.158419001421 121.53472571664,25.15839897493 121.534723540099,25.1583839177357 121.534719385234,25.1583683718941 121.534715888919,25.1583564521309 121.534710380664,25.1583433457821 121.534703391674,25.1583284037724 121.534693230043,25.1583126904661 121.534680625868,25.158296917947 121.534668774634,25.1582842985708 121.534653469199,25.1582719828532 121.534626222876,25.1582527372382 121.534594311123,25.1582319338977 121.534564325252,25.1582126015246 121.534534370345,25.1581936812557 121.534501963345,25.1581755324636 121.534466225439,25.1581564932726 121.534435418789,25.1581422162697 121.534397496195,25.1581244612703 121.534358471546,25.1581036686542 121.534330261279,25.1580885685767 121.534298110429,25.1580721407756 121.534259873141,25.1580522542633 121.534229060714,25.1580326755759 121.534203997533,25.1580184482344 121.534170284412,25.1579989247242 121.534134760019,25.1579668212914 121.534105426816,25.1579233586219 121.534088158376,25.1578769290971 121.534083579482,25.1578316678107 121.534084687562,25.1577925984341 121.534086517321,25.1577565843414 121.534093923102,25.1576651344309 121.534086636709,25.1576657277294 121.534014977608,25.157675105799 121.533958297361,25.1576815925292 121.533906922201,25.1576951753247 121.533865446852,25.1577147909247 121.53382445907,25.1577330862583 121.533780305842,25.1577655621038 121.533742252341,25.1577928610118 121.533690897182,25.1578562858679 121.533658728827,25.1578982859983 121.533623039594,25.1579295676484 121.533589408807,25.1579433134373 121.533550783768,25.1579563159214 121.5335240772,25.1579547023117 121.533506920736,25.1579716382778 121.533461342172,25.1580263381266 121.533434281671,25.1580816974604 121.533412904766,25.1581488233197 121.533390759628,25.1581979888924 121.533350214115,25.1582497896237 121.533319712535,25.1582812609003 121.533285201661,25.1583063712816 121.533216560208,25.1583225545035 121.533198654628,25.1583250387761 121.533208034386,25.1583533325162 121.533221823361,25.1584036353109 121.533233076638,25.1584554370474 121.533244749525,25.158518515197 121.533249621824,25.1585526189606 121.533253973807,25.1586022636014 121.533254272745,25.1586548169022 121.533238862973,25.1587082319043 121.533226866296,25.1587364202117 121.53318314807,25.1588314295267 121.533172482952,25.1588554790635 121.533169167549,25.1588861062435 121.533169567452,25.1588897666717 121.533177861821,25.1589094377102 121.533181110474,25.1589151020447 121.533191516824,25.1589219563212 121.533225094762,25.1589525584644 121.533250339859,25.1589950828616 121.533263646107,25.1590174840304 121.533279438665,25.1590624992515 121.533283804953,25.1591115646372 121.533274241036,25.1591608842312 121.533256041222,25.159212764157 121.533246023942,25.1592375240585 121.533248942336,25.1592528305781 121.533272085949,25.1592911330122 121.533281887732,25.1593033789302 121.533309654626,25.1593367704553 121.533320340334,25.1593784040054 121.53333902582,25.1594380973501 121.533349676862,25.1595157868255 121.533375297511,25.1597063453372 121.533369422089,25.1597540129826 121.533351432571,25.1598121533334 121.533321106446,25.1598687626737 121.533306044186,25.159894889454 121.533302507135,25.1599337858831 121.533290166848,25.1599786880488 121.533264526315,25.1600116218039 121.533253476767,25.1600227217269 121.533255787683,25.1600440146015 121.533243616169,25.1601166213709 121.533234641052,25.1601654505333 121.533232914865,25.1601862507439 121.533230514248,25.1602151776925 121.533221618494,25.1602636649891 121.533206562576,25.1603104256291 121.533169680999,25.1603545839686 121.533131089545,25.1603790476073 121.533129965288,25.1603811835954 121.533130087362,25.1603818322054 121.533138934612,25.1604256885703 121.533143457894,25.1604758632855 121.533139622923,25.1605496112525 121.533133005952,25.1605834220961 121.533117592938,25.1606462360782 121.532882069146,25.1606233966431 121.532882069146,25.1606233966431 121.53290054664,25.1605437881041 121.532907848322,25.1604995499886 121.532912572009,25.1604608041347 121.532910150829,25.1604477635053 121.532897877243,25.1604223881759 121.53289074497,25.1603788625611 121.53289080829,25.1603305153925 121.532907164224,25.1602789697893 121.532932374074,25.1602317856713 121.532995790304,25.1601463415054 121.533005952445,25.1601296756692 121.533013442081,25.1600805326942 121.53302182148,25.160015993061 121.533028459781,25.1599687731513 121.533041784937,25.1599380637865 121.533058899352,25.1599044074127 121.533064796024,25.1598939360494 121.533071606515,25.1598681812813 121.533087023533,25.1598068377212 121.533111132842,25.1597636015077 121.533127112856,25.1597385228817 121.533135528294,25.1597186864217 121.533138973617,25.1597009961049 121.533138323616,25.1596660038545 121.533129535414,25.1596051212012 121.533119332913,25.15957171637 121.533109518625,25.1595160215362 121.533102672745,25.1594645534488 121.533100399119,25.1594280407622 121.53310047052,25.15942574724 121.533100040264,25.1594252743366 121.533077212746,25.1594041571805 121.533054144218,25.1593716277696 121.533029733146,25.15930995503 121.533019869434,25.1592708955184 121.533009601373,25.1592158087861 121.533023041162,25.1591592811621 121.533041203581,25.1591244891127 121.533057715776,25.1591014307073 121.53305782138,25.1591010338061 121.53305732634,25.1590985878854 121.533048268341,25.1590817501945 121.533030562447,25.1590629393828 121.532996960767,25.1590202640491 121.532981490344,25.1589988410765 121.532957659188,25.158965840395 121.532944800681,25.1588861928478 121.532952767298,25.1588471902145 121.532961333382,25.158805252709 121.532997462792,25.1587306129584 121.533024792812,25.1586774513787 121.533039849046,25.1586267628517 121.533042725974,25.158595747985 121.533033850373,25.1585495499886 121.53301470805,25.158476635944 121.532992135742,25.1583906567983 121.532986208112,25.158346310628 121.532980239591,25.1583016585153 121.532981202986,25.1581996030886 121.533099735909,25.1581439828752 121.533167826303,25.1581332455653 121.533170283386,25.1581324485718 121.533193838702,25.1580963439083 121.53322421563,25.1580054489287 121.533275325432,25.157925171366 121.533328201192,25.1578421199045 121.533405459246,25.1577771444749 121.533484789316,25.1577441723568 121.533514642435,25.1577435702041 121.533545157531,25.1577063347307 121.5335823899,25.157661999791 121.53366775864,25.1575891823572 121.533760859192,25.1575402112444 121.533822400977,25.1575098174233 121.533914332883,25.1574888337273 121.533977544945,25.1574862355253 121.533994067391,25.1574855563997 121.534035248572,25.1574791989516 121.53404661182,25.1574745059842 121.53405068744,25.1574672778549 121.534074959614,25.1573717868151 121.534096199849,25.1573195089968 121.534141131442,25.1572439053326 121.534176966054,25.1571266881026 121.534180487539,25.1570736841721</coordinates></LineString></MultiGeometry>
  </Placemark>
  <Placemark>
	<name>指南溪右岸</name>
	<Style><LineStyle><color>ff0000ff</color></LineStyle><PolyStyle><fill>0</fill></PolyStyle></Style>
	<ExtendedData><SchemaData schemaUrl="#riverlineok">
		<SimpleData name="RIVER">指南溪右岸</SimpleData>
		<SimpleData name="RIVERCODE">11402J</SimpleData>
	</SchemaData></ExtendedData>
      <MultiGeometry><LineString><coordinates>121.574540232299,24.9845265168644 121.574747326988,24.9846552886363 121.574971505954,24.984794096561 121.575224937616,24.9849524957681 121.575361553609,24.9850378827934 121.575538393908,24.9851485336196 121.575871061277,24.9853560126997 121.575925615769,24.9853732929438 121.576045956772,24.9854047870318 121.576197519627,24.9854346152719 121.576353412863,24.9854524367793 121.576506859378,24.9854583402825 121.576732681862,24.9854456441541 121.576839106841,24.9854308032792 121.576973910133,24.9854012793458 121.577120873007,24.985362564749 121.577259501653,24.9853122641852 121.577251568982,24.9852680420555 121.57723993658,24.9852067945915 121.577316244407,24.9851845833536 121.577473313163,24.9851619912292 121.577590703391,24.985151076247 121.577700042346,24.9851446311036 121.577785903443,24.9851451217223 121.577840761598,24.9851454351572 121.577874310184,24.9852851141048 121.577973715784,24.9852947041397 121.577977944025,24.9853198400137 121.578008591113,24.9853261670539 121.578178933098,24.985359902446 121.578192602385,24.9853217507467 121.578432214437,24.9853981995078 121.578629916371,24.9854639499642 121.578693457167,24.9854845939909 121.578765991306,24.9855051126737 121.57884894724,24.9855237941931 121.578910172942,24.9855365926212 121.578932092805,24.9855406602797 121.579055581499,24.9855593103954 121.579559788648,24.9855852987189 121.579565172619,24.9856120578247 121.579688274734,24.9856007780388 121.57969787927,24.9855746403876 121.579824747247,24.9855851423809 121.579879752485,24.9854332198602 121.57990198518,24.9853709386432 121.579914198767,24.985337207207 121.579937518284,24.9852722313753 121.579890524949,24.9852717464121 121.57955738142,24.9852683043749 121.579569587406,24.9852118041218 121.579574294655,24.9851509558984 121.579575406402,24.9851000494731 121.579570814198,24.985056991548 121.579558264091,24.9849947723419 121.579518084795,24.9848911797654 121.579356110093,24.9845656454115 121.579322127999,24.984496532147 121.579184087259,24.9842194552531 121.579069294619,24.9839525129588 121.579069294619,24.9839525129588 121.579040482838,24.9838825985007 121.579000388068,24.9838015549236 121.578972910547,24.9837292742405 121.578962332387,24.9836670952435 121.578977551035,24.98358431823 121.578998060528,24.983539315616 121.579077063093,24.9834184379222 121.579122351763,24.9833731385998 121.579299558226,24.9832438442645 121.579419881294,24.9831539254255 121.579440507302,24.983156761208 121.579447840171,24.9831616349188 121.579453235747,24.9831698069211 121.579459333813,24.9831771997574 121.579476245518,24.9831610458369 121.579516864047,24.9831351124478 121.579550262983,24.9831136851002 121.579971794563,24.9828425902948 121.580279061905,24.9826448707333 121.580319752389,24.9826186821979 121.580329868385,24.9826129550492 121.580381548825,24.9825408816353 121.580605641606,24.9822235356337 121.580570160215,24.9821620933425 121.580500312933,24.9820414720566 121.580493784706,24.9820107913137 121.580478260345,24.9819890399603 121.580461926438,24.9819751811944 121.580379925725,24.9818335712691 121.580352380867,24.981785288033 121.580335176626,24.981755932521</coordinates></LineString></MultiGeometry>
  </Placemark>
  <Placemark>
	<name>指南溪左岸</name>
	<Style><LineStyle><color>ff0000ff</color></LineStyle><PolyStyle><fill>0</fill></PolyStyle></Style>
	<ExtendedData><SchemaData schemaUrl="#riverlineok">
		<SimpleData name="RIVER">指南溪左岸</SimpleData>
		<SimpleData name="RIVERCODE">11402J</SimpleData>
	</SchemaData></ExtendedData>
      <MultiGeometry><LineString><coordinates>121.580335176626,24.981755932521 121.580295819096,24.9817908261212 121.580276176489,24.9818081648977 121.580253037378,24.9818286602727 121.580219718011,24.981858309962 121.580310285687,24.9819692102075 121.580344192407,24.9820602889437 121.580352307952,24.9820820872561 121.580352293653,24.9822204339828 121.580217241971,24.9824451734898 121.580116808291,24.9825200107296 121.58001207087,24.982598051595 121.579916345228,24.9826693764778 121.579815678361,24.9827444809813 121.579796645653,24.9827505540745 121.57971591567,24.9827964153277 121.579688800639,24.9827975501429 121.579627678586,24.9828277163572 121.579566242316,24.9828835287618 121.579449443895,24.9829881265693 121.57945200199,24.982997126658 121.579362500278,24.9830587578583 121.579220697554,24.9831602439909 121.579111731395,24.9832556075647 121.57900479473,24.9833550077553 121.578883479335,24.9834911901253 121.578851437237,24.983536577694 121.578822733215,24.9835791763546 121.578807398129,24.9836373621332 121.578794728308,24.9837958365761 121.578841791571,24.983953130757 121.57887473049,24.9839920491928 121.578771922179,24.9840044112691 121.578783798942,24.9840311621156 121.578962315808,24.9843861192529 121.579071099599,24.9846047629439 121.579071099599,24.9846047629439 121.579101169655,24.9846634459737 121.579065657519,24.984720628032 121.579123447626,24.9847422698998 121.579204297562,24.9850334656274 121.579204297562,24.9850334656274 121.579204297562,24.9850334656274 121.579213693744,24.9850778801249 121.579213693744,24.9850778801249 121.579213693744,24.9850778801249 121.579213693744,24.9850778801249 121.579215319691,24.9850888979453 121.579213562201,24.9851122987087 121.579206208304,24.9851369974046 121.579186825636,24.9851667656229 121.579163597396,24.9851868117107 121.579140300032,24.9851984485947 121.57909094295,24.9852091116962 121.57909094295,24.9852091116962 121.579033479024,24.9851955307304 121.579033479024,24.9851955307304 121.578917021726,24.9851687132313 121.578899771622,24.9851641426208 121.578806152473,24.9851372130237 121.57878327207,24.9851297292056 121.578547505295,24.9850515236307 121.578507454882,24.9850381642489 121.578402009069,24.9850040131611 121.578402009069,24.9850040131611 121.578368619892,24.9849933556975 121.578304677696,24.9849736159575 121.578304677696,24.9849736159575 121.578147990625,24.9849316137032 121.578068891152,24.9849177648968 121.578034951781,24.9849127416733 121.577966485869,24.9849042232328 121.577966485869,24.9849042232328 121.577815590737,24.984888701401 121.577655521331,24.9848923344403 121.577623493844,24.9847706930355 121.577457585517,24.9848088725249 121.577460017125,24.9848488018772 121.577453408908,24.9848541211079 121.577444074228,24.9848539768361 121.57741020967,24.9848649690408 121.577173706362,24.9848932415116 121.577084385191,24.9849113281141 121.576982251326,24.9849410654516 121.57692258319,24.9849638238971 121.576861594653,24.9849750996699 121.576807250195,24.9849976548633 121.576768705645,24.9850204015926 121.576646247893,24.9851142899158 121.576646247893,24.9851142899158 121.57656463203,24.9851186252638 121.576509138895,24.9851175876659 121.576447279698,24.9851093656136 121.576396706653,24.9850993067115 121.576339758893,24.9850863902183 121.576304822528,24.9850757278953 121.576256918449,24.9850583446974 121.576197313413,24.9850318703437 121.576140352278,24.985000961959 121.576115171268,24.9849840673681 121.576076341,24.9849620729125 121.575933844325,24.9848739534995 121.575641783532,24.9846968032946 121.57547323328,24.984594568219 121.57547323328,24.984594568219 121.575209093327,24.9844338688642 121.574882064228,24.9842345820736 121.574798989059,24.9841818281108 121.57424465675,24.9838651840758</coordinates></LineString></MultiGeometry>
  </Placemark>
  <Placemark>
	<name>景美溪</name>
	<Style><LineStyle><color>ff0000ff</color></LineStyle><PolyStyle><fill>0</fill></PolyStyle></Style>
	<ExtendedData><SchemaData schemaUrl="#riverlineok">
		<SimpleData name="RIVER">景美溪</SimpleData>
		<SimpleData name="RIVERCODE">114023</SimpleData>
	</SchemaData></ExtendedData>
      <MultiGeometry><LineString><coordinates>121.574540232299,24.9845265168644 121.574537073572,24.9845246150997 121.574514236935,24.9845107728873 121.574504619825,24.9845063831874 121.574485236838,24.9844978805479 121.574465662607,24.9844897500063 121.574455806467,24.984485825397 121.574445905737,24.9844819951404 121.574435961517,24.9844782596474 121.5744259749,24.9844746193473 121.574415946967,24.9844710746241 121.574405878838,24.9844676258706 121.574395771607,24.9844642734709 121.574385626392,24.9844610177907 121.574375444305,24.9844578591779 121.574365226458,24.9844547979983 121.574354973981,24.9844518345635 121.574344687995,24.9844489692214 121.57433436963,24.9844462022834 121.574324020018,24.9844435340432 121.574313640298,24.9844409647944 121.57430323161,24.9844384948303 121.574292795096,24.9844361244084 121.574282331906,24.9844338537952 121.574271843179,24.984431683248 121.574261627989,24.9844295386838 121.574251389525,24.9844274883718 121.574241128836,24.9844255325248 121.574230846973,24.9844236713462 121.574220544998,24.9844219050305 121.574210223941,24.9844202337365 121.574199884874,24.9844186576584 121.574179156937,24.9844157917568 121.574168770179,24.984414502232 121.574158369642,24.9844133084938 121.574137531513,24.984411208884 121.574127096032,24.9844103032209 121.574127096032,24.9844103032209 121.574116651052,24.9844094937791 121.574106197615,24.984408780645 121.57409573681,24.9844081638865 121.574085269688,24.9844076435719 121.574074797329,24.9844072197511 121.574064320811,24.9844068924741 121.574053841196,24.9844066617549 121.574043359554,24.9844065276435 121.574031329623,24.984406434108 121.574019299376,24.9844064835689 121.574007270852,24.9844066760003 121.573995246112,24.9844070113762 121.573983227196,24.9844074896347 121.573971216134,24.9844081107046 121.573959214985,24.9844088744697 121.573948418973,24.984409400652 121.573937630543,24.9844100433843 121.573926851242,24.9844108025884 121.573916082555,24.9844116781411 121.573905326016,24.9844126699282 121.573894583121,24.9844137778176 121.573883855383,24.9844150016318 121.573873144309,24.9844163412207 121.573862451403,24.9844177963889 121.573851778158,24.9844193669319 121.573841126081,24.9844210526273 121.573830496665,24.9844228532437 121.573819891406,24.9844247685224 121.573771373863,24.9844351483129 121.573760834525,24.9844393013472 121.573750364415,24.9844435974171 121.573739965895,24.9844480355474 121.57371939283,24.9844573340266 121.573709222891,24.9844621922904 121.573699133705,24.9844671884807 121.573689127526,24.9844723214692 121.573679206586,24.9844775901189 121.5736693731,24.9844829932565 121.573656808119,24.9844904447378 121.573604749112,24.9845231826934 121.573562517588,24.9845540951919 121.573554684664,24.9845603857582 121.573546941351,24.9845667678306 121.573531728719,24.9845798022312 121.573516889804,24.984593189733 121.573502434463,24.9846069214505 121.573488372319,24.9846209882374 121.573474712689,24.9846353807589 121.573468036686,24.9846426961844 121.573454997803,24.9846575592949 121.573442383638,24.9846727238234 121.573430202565,24.9846881796983 121.573418462698,24.9847039166327 121.573407171834,24.9847199241872 121.573401697124,24.9847280261235 121.573396337462,24.9847361917069 121.573385966811,24.9847527083846 121.573380957533,24.9847610567368 121.573376066745,24.9847694632427 121.573371295261,24.9847779265181 121.573362113343,24.9847950177133 121.57335770443,24.9848036428016 121.573349254379,24.9848210447859 121.573345214644,24.9848298187875 121.573337509097,24.9848475055295 121.57333384457,24.9848564153307 121.573326895045,24.9848743603879 121.573320455392,24.9848924627545 121.573317428123,24.9849015691882 121.573311761183,24.9849198849543 121.573306614167,24.9849383277832 121.573304236711,24.9849475930186 121.573301990497,24.9849568854196 121.573297893234,24.9849755455284 121.573296042885,24.9849849101278 121.573292740249,24.985003700665 121.573289970187,24.9850225625581 121.573287734533,24.985041483269 121.573286034775,24.9850604502159 121.573284872034,24.9850794507913 121.573284492306,24.9850889597547 121.573284247101,24.9850984723799 121.57328413645,24.9851079871049 121.573284318871,24.9851270164893 121.573285347267,24.9851484272362 121.573287051499,24.9851698021291 121.573288156634,24.9851804705942 121.573289430147,24.9851911234512 121.573292216327,24.9852116893474 121.573297578321,24.9852423845812 121.573304350982,24.9852728473056 121.573312524388,24.9853024451666 121.573318657222,24.9853212375802 121.573325283086,24.9853398904335 121.573336137915,24.9853675845882 121.573348079349,24.9853949047012 121.573356636402,24.9854128928034 121.573344433094,24.9858593165295 121.573327823484,24.9864598850384 121.573325166984,24.9865513319335 121.573322644297,24.9866566815955 121.573196931023,24.9867394028733 121.573272496145,24.9870824687257 121.573282524813,24.987128247729 121.573282524813,24.987128247729 121.573282524813,24.987128247729 121.573282524813,24.987128247729 121.573304362191,24.9872277074953 121.573304362191,24.9872277074953 121.573304362191,24.9872277074953 121.573295101392,24.9873304198148 121.573292346461,24.9873579300368 121.573288893105,24.9873864902095 121.573286765589,24.9873976390874 121.573283589579,24.9874155179428 121.573271901226,24.9874817750937 121.573269098794,24.9874969079656 121.573229150555,24.9877235228389 121.573105722812,24.9881093087186 121.573071728992,24.9882144816292 121.572937012062,24.9885199607043 121.572888208869,24.9886272309397 121.572830986289,24.9887559843443 121.572797093167,24.9888316710134 121.572771873753,24.9888894757275 121.572756056852,24.9889284838476 121.572748171233,24.9889490402613 121.572740574998,24.9889696869974 121.572736885791,24.9889800431786 121.57273326939,24.9889904206747 121.572729725951,24.9890008190517 121.572715373128,24.9890450087197 121.572711824659,24.9890560667992 121.572708292099,24.9890671291238 121.572704775455,24.9890781956483 121.572697004404,24.9891055651463 121.572692059831,24.9891238659055 121.572684998244,24.9891513946365 121.572680527984,24.9891697964632 121.572676248156,24.9891882358631 121.572672159157,24.9892067112006 121.572668261328,24.9892252208313 121.572662773801,24.9892530459719 121.572657718306,24.9892809390293 121.572654588486,24.989299569371 121.572651651411,24.9893182257662 121.572648907343,24.9893369065528 121.572647607759,24.989346255578 121.572645153636,24.9893649698444 121.572643999154,24.9893743346701 121.57264051021,24.989405510239 121.572638431333,24.9894263157665 121.572636550305,24.9894471369276 121.572635684035,24.9894575528875 121.572634867278,24.9894679721689 121.572634100055,24.9894783945729 121.572633081595,24.9894958949566 121.572631597347,24.989547559476 121.572630698317,24.9896250511467 121.572632022875,24.9896693469522 121.572634126683,24.9897043769249 121.572636537948,24.9897416266276 121.572637637427,24.9897541568886 121.57263882471,24.9897666804829 121.572640099765,24.9897791969141 121.572646807233,24.9898350100998 121.572650782273,24.9898628494886 121.572656725025,24.9898998875231 121.572659971303,24.9899183683496 121.572665183621,24.9899460376353 121.572668886681,24.9899644469976 121.572674782793,24.9899920020368 121.572678940751,24.9900103305438 121.57268328007,24.9900286240909 121.57268551764,24.9900377572911 121.572687800428,24.9900468811898 121.572690128371,24.9900559956067 121.572691176371,24.9900598375451 121.572696880603,24.9900808962112 121.572735135479,24.9902174615324 121.572787874512,24.9904057201684 121.572794060564,24.9904281402181 121.57280320489,24.9904604797921 121.573059335353,24.9913784098751 121.573071416044,24.9914223121429 121.573095434502,24.9915091963587 121.573170794034,24.9917795324256 121.573263456489,24.9921090080557 121.573263456489,24.9921090080557 121.573328821818,24.9923430715003 121.573339414246,24.9923821494395 121.573346909803,24.9924070742232 121.573402085999,24.99258643952 121.573415986335,24.9926253602545 121.573427815173,24.9926576262338 121.573433500935,24.992674649372 121.57345637817,24.9927310951574 121.57346534343,24.9927525203949 121.57348187898,24.9927936157652 121.573495663253,24.9928245922111 121.573508981499,24.9928554711428 121.573521115343,24.9928808745825 121.573538954325,24.9929189314801 121.573556065686,24.9929538855141 121.573575362437,24.9929922798549 121.573615733995,24.9930679783015 121.573657384669,24.9934896555966 121.573675330461,24.9936680628641 121.573681825355,24.9937313338122 121.573752119304,24.9944249081137 121.573755510724,24.9944598066841 121.5737540289,24.9944606881238 121.573758970216,24.9945029656998 121.573768894625,24.994613584803 121.573771635587,24.9946406675492 121.573782714714,24.9947482216715 121.573789091553,24.9947945744078 121.573794384071,24.9948232728122 121.573800774635,24.9948517849751 121.573810989764,24.9948894512221 121.573819909741,24.9949173936157 121.573829896542,24.994945034617 121.573837141093,24.9949632777808 121.573844850459,24.9949813620355 121.57385727676,24.9950081689631 121.573875066617,24.9950419557041 121.573889387574,24.9950674936172 121.573915471831,24.9951089573954 121.573926663608,24.995125130064 121.573944243459,24.9951489174013 121.573962753493,24.9951721112431 121.573975598437,24.9951872291516 121.573995604641,24.9952093671503 121.574016474163,24.9952308329599 121.574023617859,24.9952378339962 121.574101494758,24.9953057711136 121.574161052539,24.9953480390015 121.574253787946,24.9954041460952 121.57469425796,24.9956685754966 121.574876804614,24.9957782477275 121.575366133348,24.9960721435751 121.575623467471,24.9962252125605 121.575647470751,24.9962423182044 121.575671696128,24.9962609745439 121.575694724261,24.9962816143616 121.575723087133,24.9963111404577 121.575742490467,24.9963346722968 121.575753879453,24.9963498372894 121.575775983192,24.9963885582788 121.575788368321,24.9964170484973 121.575800731539,24.996456314116 121.575808814216,24.9964993083358 121.575810942215,24.9965224276784 121.575811174956,24.9965598282568 121.575809289204,24.9965839942231 121.57579988928,24.9966333327595 121.575787129169,24.9966716808346 121.575774597061,24.9966994875667 121.575764876715,24.9967174673888 121.575745582467,24.9967516020857 121.575926781775,24.996863859566 121.575929382116,24.9968734102482 121.575940309782,24.9968693775286 121.576334993912,24.9971364076957 121.576767227644,24.9974295178125 121.577234262476,24.9977455222619 121.577610789173,24.9980009731517 121.578000848809,24.9982647304883 121.578694558551,24.9987350241028 121.578858887553,24.9988451593898 121.579119534279,24.9989799905625 121.579762672676,24.9992250356022 121.579807679194,24.9992422121735 121.580018373835,24.9992767177312 121.580069132255,24.9992804199508 121.580486047602,24.999312206634 121.580516492554,24.9993148052851 121.580752713508,24.9993592042725 121.580915207359,24.9994029428547 121.581299461369,24.9996328670824 121.581364947933,24.9996726629756 121.581910338848,24.9999990237496 121.581989572205,25.0000475647354 121.582018420334,25.0000644427194 121.582163482307,25.0001507162075 121.582181009775,25.0001618153495 121.58231833184,25.0002432257532 121.582495455562,25.0003538351573 121.582649814523,25.0004405004134 121.582879010903,25.0005743699925 121.58319018419,25.0007696569123 121.583510638827,25.0009566251396 121.583570732439,25.000992568791 121.583991405014,25.001275013442 121.584033248562,25.0013018070031 121.584068896963,25.0013257629762 121.584382195822,25.00155217547 121.584442183219,25.0016071555127 121.584446777628,25.0016255186257 121.584557850266,25.0017006832952 121.584581318088,25.0016711414854 121.584754268057,25.0017378417553 121.584783753067,25.0017466629281 121.584843333177,25.0017624992627 121.58487339872,25.0017695065786 121.584903628075,25.0017759019275 121.584934006208,25.0017816821232 121.584974715816,25.0017884272596 121.585005382433,25.0017927614994 121.585036147393,25.0017964722382 121.585066995388,25.0017995576285 121.585108228809,25.001802696109 121.585128879323,25.0018038465446 121.585159884556,25.0018050479419 121.585180567693,25.0018054991254 121.585201255904,25.0018056703705 121.585221944631,25.0018055616502 121.585232287754,25.0018054023108 121.585242531439,25.0018052565881 121.585252773741,25.0018050447575 121.585273252115,25.0018044228622 121.585283487167,25.0018040128105 121.585293718776,25.0018035367313 121.585303946426,25.0018029946356 121.585314169602,25.0018023865525 121.58532438781,25.0018017125112 121.585334600514,25.0018009725587 121.585344807219,25.0018001667152 121.585355007401,25.0017992950187 121.585365200554,25.0017983575346 121.585375386174,25.0017973542919 121.585385563734,25.0017962853467 121.585395732732,25.0017951507462 121.58540589267,25.0017939505647 121.585416043016,25.0017926848403 121.585426183283,25.0017913536471 121.585436312946,25.0017899570596 121.585446431502,25.0017884951337 121.585456538444,25.0017869679527 121.585466633269,25.0017853755819 121.585476715471,25.0017837181135 121.585486784535,25.0017819956218 121.585496839966,25.0017802081989 121.585506881251,25.0017783559373 121.585516907903,25.00177643892 121.585526919398,25.0017744572485 121.585536915241,25.001772411024 121.585546894948,25.0017703003477 121.585556857994,25.001768125321 121.585566803883,25.0017658860632 121.585576732131,25.0017635826756 121.585586642234,25.0017612152775 121.585596533696,25.0017587839881 121.585606406013,25.001756288927 121.585616258689,25.0017537302314 121.585626091251,25.0017511080115 121.585635903174,25.0017484224139 121.585645693993,25.0017456735578 121.585655463212,25.0017428615986 121.585665210328,25.0017399866647 121.585674934865,25.0017370489023 121.585684636329,25.001734048458 121.585694314236,25.0017309854871 121.5857039681,25.001727860145 121.585713597436,25.001724672578 121.585723201761,25.0017214229596 121.585733099616,25.0017181765363 121.585742963775,25.0017148460312 121.585752793378,25.0017114317455 121.585762587574,25.0017079339806 121.585772345513,25.0017043530287 121.585782066335,25.0017006892001 121.585791749198,25.0016969428323 121.585801393263,25.0016931142445 121.585810997679,25.001689203756 121.585820561605,25.0016852117313 121.585830084221,25.0016811384986 121.585839564696,25.0016769844224 121.585849002191,25.001672749858 121.585858395894,25.0016684351879 121.585867744984,25.0016640407764 121.585877048642,25.0016595670059 121.585886306057,25.0016550142768 121.585895516428,25.0016503829806 121.585904678956,25.0016456735176 121.585913792828,25.0016408862973 121.585922857256,25.0016360217471 121.585931871457,25.0016310802763 121.585940834633,25.0016260623306 121.585949746011,25.0016209683463 121.585958604812,25.0016157987508 121.585967410256,25.0016105540076 121.58597616159,25.0016052345802 121.585984858046,25.0015998409139 121.585993498862,25.0015943734992 121.586002083287,25.0015888327906 121.586010610571,25.0015832192966 121.586019079974,25.0015775334805 121.586027490754,25.0015717758598 121.586035842181,25.0015659469251 121.587932593458,25.0001515214603 121.58793544422,25.0001252352405 121.58793553142,25.000111581657 121.58793447226,25.0000918092401 121.587931924151,25.0000721499343 121.587927899146,25.0000526967803 121.587922416278,25.0000335417891 121.587915501489,25.0000147755903 121.587907187506,24.9999964869716 121.587897513655,24.9999787624652 121.587886525708,24.9999616859231 121.587874275651,24.9999453381305 121.587867695215,24.9999374618339 121.587853662455,24.999922351006 121.58784622673,24.9999151343661 121.588031894549,24.9999564431159 121.588103226671,24.9999723135447 121.588118490435,25.00000306602 121.588119939732,25.0000046302877 121.588133555278,25.0000209046371 121.588141387905,25.00002843192 121.588149739753,25.000035480386 121.588158575653,25.0000420203635 121.588167858382,25.0000480243103 121.588177548867,25.0000534669488 121.588187606294,25.0000583253555 121.588197988314,25.0000625790686 121.588208651213,25.0000662101777 121.588230639018,25.0000715461189 121.58824187134,25.0000732284759 121.588253199749,25.0000742433767 121.588447361949,24.9998521070783 121.588447361949,24.9998521070783 121.588447361949,24.9998521070783 121.588446751252,24.9998403639689 121.588470453492,24.9998083108245 121.588538196447,24.999744295595 121.588591909038,24.9996662245838 121.588872633629,24.9994012674042 121.58898212022,24.9993114356155 121.589487057068,24.9989188845602 121.58991445977,24.9985980767885 121.589982473006,24.9985505071964 121.590158229418,24.9984129354331 121.590194911778,24.9983857508261 121.590278043891,24.9983251044311 121.590376370678,24.9982526356619 121.590536241056,24.9981400677078 121.590947804915,24.9978506112055 121.591061713862,24.9977697163148 121.591228760051,24.9976518040375 121.591304858915,24.9976018417898 121.591341519761,24.9975777723059 121.591341519761,24.9975777723059 121.591341519761,24.9975777723059 121.591341519761,24.9975777723059 121.591341519761,24.9975777723059 121.591441323909,24.9975231815251 121.591462939779,24.9975029579276 121.591484204141,24.9974824271631 121.591498182497,24.9974685718415 121.591512000753,24.9974545837654 121.591518849368,24.9974475404304 121.591548974373,24.9974164724104 121.59158702903,24.9973739523384 121.591700110489,24.9972437872566 121.591709749432,24.9972335476292 121.591719140601,24.9972231185305 121.591759395905,24.9971802611396 121.591786953852,24.99715226454 121.591807994155,24.9971315758538 121.591824847516,24.9971154205254 121.591852069443,24.9970900456174 121.591872983553,24.9970711402971 121.591895255498,24.9970515516427 121.591921362728,24.9970292773137 121.59194418403,24.9970103769715 121.591963837273,24.9969945085093 121.591987271726,24.9969760806967 121.592010985576,24.9969579521862 121.592043030689,24.9969342524739 121.592060665296,24.9969215922472 121.592075579473,24.9969110808737 121.592083757202,24.9969053972864 121.592091990101,24.9968997300933 121.592100156482,24.9968941992061 121.592124826359,24.9968778183561 121.592141413391,24.9968670755206 121.592158111067,24.9968564759969 121.592174917886,24.9968460207208 121.592191832335,24.9968357106373 121.592217402547,24.9968205197359 121.592243206428,24.9968056606296 121.592251858743,24.9968007818386 121.592277966097,24.9967863697442 121.592286718022,24.9967816408269 121.592295494369,24.9967769496486 121.592313119533,24.9967676809 121.592330839989,24.9967585643264 121.592339735475,24.9967540633712 121.592357595925,24.9967451765883 121.592366560494,24.99674079097 121.59238455735,24.9967321357707 121.592393589232,24.9967278663809 121.592402643134,24.9967236359223 121.592411718867,24.9967194444949 121.592420816225,24.9967152921897 121.592429935009,24.9967111790978 121.592439075012,24.9967071053104 121.592457417863,24.9966990760223 121.592466620297,24.9966951206947 121.592475843129,24.996691205036 121.592485086162,24.9966873291281 121.592485086162,24.9966873291281 121.592494349177,24.9966834930532 121.592503631979,24.9966796969114 121.592512934348,24.9966759407666 121.592522256087,24.9966722247281 121.592531596989,24.9966685488599 121.592540956836,24.996664913244 121.592550335431,24.9966613179716 121.592559732555,24.9966577631156 121.592569148001,24.9966542487583 121.592578581562,24.9966507749817 121.592588033019,24.9966473418588 121.592597502176,24.9966439494627 121.592606988805,24.9966405978755 121.592610531804,24.9966393636628 121.592628771893,24.9965671562883 121.59274058156,24.9965191870816 121.592878998622,24.9964813947384 121.593064752102,24.9964321465406 121.593225249242,24.9963838835729 121.593270565948,24.9963767873663 121.59344588468,24.9963330693754 121.593562313449,24.9963073262628 121.59365570424,24.9962761888798 121.593776186628,24.9962067503389 121.593902150372,24.9962534483591 121.593985467186,24.9963022841585 121.593921817708,24.9963975330296 121.593965249462,24.9964156804957 121.593980207533,24.9964230447231 121.59400017735,24.9964338531194 121.594024623287,24.9964487391409 121.594050140764,24.9964664589665 121.59406733384,24.996479826982 121.594079363787,24.9964899522255 121.594101831381,24.996510807612 121.594120553482,24.9965304586283 121.594137771757,24.9965505277815 121.594151037724,24.9965662680142 121.594162887047,24.9965803273757 121.594190077802,24.99662290651 121.594190077802,24.99662290651 121.594190077802,24.99662290651 121.594190077802,24.99662290651 121.594190077802,24.99662290651 121.594308005796,24.996780246174 121.594353857354,24.9968328411127 121.594476768306,24.9969777730105 121.594663182796,24.9971975849915 121.59473430276,24.9972866244338 121.594885434511,24.9974278275183 121.595039784885,24.9975877266724 121.595158409064,24.9977160953808 121.595197395296,24.9977639212672 121.59522438893,24.9977978470015 121.595250570359,24.9978314153743 121.595268712186,24.9978550729609 121.59528894545,24.9978818543561 121.595306040532,24.9979048175613 121.595326383461,24.9979325568093 121.595362529895,24.9979830005397 121.595398589835,24.9980348786109 121.595427430621,24.998083210639 121.595464645578,24.9981334381811 121.595511657149,24.9982010622006 121.595536920501,24.998239622112 121.595576817976,24.9983014543097 121.595591730983,24.9983271686335 121.595615076427,24.9983680793321 121.595660108765,24.9984503762241 121.595717136198,24.9985663843249 121.595724186369,24.9985839398184 121.595731181937,24.9986015134508 121.59573812283,24.9986191050781 121.59574500899,24.998636714556 121.595751840385,24.9986543417402 121.595758616925,24.9986719865046 121.595765338591,24.998689648696 121.595772005302,24.99870732817 121.595778617018,24.9987250247916 121.595788431361,24.998751601568 121.595794905349,24.9987693404319 121.59580132416,24.9987870959385 121.595807687736,24.9988048679616 121.595813996035,24.9988226563389 121.595820248988,24.9988404609353 121.595826446563,24.9988582816065 121.595832588692,24.9988761182172 121.595838675344,24.9988939706143 121.595847701186,24.9989207785026 121.595853648913,24.9989386697433 121.595862155037,24.9989687533076 121.595868192131,24.9989865246851 121.5958741605,24.9990043153326 121.59588589078,24.999039953554 121.595894507549,24.999066731154 121.595900165764,24.9990846057758 121.59591127476,24.9991204089614 121.595919424747,24.999147307654 121.5959300486,24.9991832329177 121.59594039449,24.9992192254967 121.59594797118,24.9992462630243 121.59595539103,24.9992733366599 121.595967408315,24.9993185375522 121.595974408883,24.9993457037699 121.595985726199,24.9993910544773 121.595994464268,24.9994273993397 121.596002921196,24.9994637993968 121.596011096537,24.9995002528357 121.596018989895,24.9995367578616 121.596020905661,24.9995466575778 121.59602478728,24.9995664489007 121.59603073487,24.9995961152507 121.596036832534,24.9996257562983 121.596043080138,24.9996553713938 121.596046664242,24.999673860598 121.596050184737,24.9996923599427 121.596053641601,24.9997108692564 121.596057034776,24.9997293883588 121.596060364249,24.9997479170513 121.596063629972,24.9997664551717 121.596068408979,24.9997942796097 121.59607151521,24.9998128404785 121.596076054833,24.9998406981958 121.596079001378,24.9998592806763 121.596083301329,24.9998871699496 121.596087457359,24.9999150773409 121.596091469365,24.9999430022276 121.596095337265,24.9999709439962 121.59609783576,24.9999895809141 121.596102640398,25.000026875707 121.59610494649,25.0000455332121 121.59610621222,25.0000547544086 121.596108694649,25.0000732023156 121.596112295687,25.000100887645 121.59611574952,25.0001285885507 121.596117970246,25.0001470641478 121.596121178559,25.0001747895642 121.596123235538,25.0001932808941 121.596126198112,25.0002210290074 121.596128091209,25.0002395348791 121.596130807867,25.0002673038844 121.596132536948,25.0002858230795 121.596135007493,25.0003136111722 121.596137330313,25.0003414098417 121.596139505328,25.0003692184384 121.596141532493,25.0003970363124 121.596142801785,25.0004155863929 121.596145255572,25.0004642288062 121.596146352579,25.0004827518698 121.5961483503,25.0005198071615 121.596149676795,25.0005476059046 121.596151216319,25.0005846793548 121.596152772399,25.000631032615 121.596153509563,25.0006588495185 121.59615454173,25.0007144914348 121.596154951471,25.0007608648705 121.596154951722,25.0008072398117 121.596154411496,25.0008628875048 121.596153723769,25.0008999821936 121.596152495655,25.0009463436304 121.596152968978,25.0009931071112 121.596148152042,25.0012636162714 121.596145849745,25.0013346492839 121.596145490992,25.0013541349646 121.596145481605,25.001393111216 121.596146094139,25.0014223383304 121.596146797449,25.0014418162155 121.596148294649,25.0014710167988 121.596149587423,25.0014904695798 121.596151115729,25.0015099081726 121.596153849396,25.001539034275 121.596155965651,25.0015584270322 121.596158316664,25.0015777973254 121.596160764956,25.001597365476 121.596164788826,25.0016266792826 121.596169233825,25.0016559425324 121.596174099165,25.0016851501905 121.596179384039,25.0017142972589 121.596189121911,25.0017627274336 121.596195591198,25.0017926203472 121.596200661469,25.0018136661375 121.596209683987,25.0018449214616 121.596212329626,25.0018539514346 121.596217783001,25.0018719712239 121.596223451988,25.0018899356734 121.596229335901,25.0019078426281 121.596238563226,25.0019345906083 121.596244981337,25.0019523445169 121.596251611812,25.0019700335017 121.596258453861,25.0019876554534 121.59626550666,25.0020052082535 121.596272769376,25.00202268982 121.596280241148,25.0020400980707 121.596291838801,25.0020660684375 121.596299829236,25.0020832843325 121.596316426591,25.0021174724376 121.596333839287,25.0021513220691 121.596352059035,25.0021848170813 121.596398472033,25.0022710205394 121.59651172553,25.002478507253 121.596571475332,25.0024782676328 121.596739155306,25.002623077208 121.59687424322,25.0027145072539 121.597011673783,25.0027826191446 121.596782902863,25.0029820925795 121.59662553779,25.0031193041639 121.596787006925,25.0034482740122 121.596854771469,25.0035945127079 121.59690654527,25.0036582298403 121.597012752527,25.0037316499487 121.597148403711,25.0037769041813 121.597254373525,25.0037732089897 121.597474955078,25.0037014176081 121.597474955078,25.0037014176081 121.597474955078,25.0037014176081 121.597972238929,25.0034886695236 121.598222920508,25.0032868233198 121.59839167447,25.0031692547768 121.598439896605,25.0031387760456 121.598439896605,25.0031387760456 121.598589559244,25.0030151747558 121.598974488908,25.0026984780914 121.599422723428,25.0024616735898 121.59952395708,25.0024001433772 121.599697185703,25.0023750929259 121.599697185703,25.0023750929259 121.599785795605,25.0023225892539 121.599805424715,25.0023594404626 121.599863907423,25.0023509832331 121.60009008741,25.002154294692 121.600133252509,25.0021663482199 121.600303564962,25.0020519722281 121.601108276135,25.0016381365786 121.601523798903,25.0014313234867 121.601862832408,25.0012304694796 121.601873201644,25.0012225436926 121.601884107264,25.0011786240306 121.602093113968,25.0010311175139 121.602218900936,25.000920859393 121.602394018346,25.0008125055591 121.602531503877,25.0006830268946 121.602614645704,25.0006335207891 121.602639099757,25.0006138211878 121.602861737778,25.000434622623 121.602970295078,25.0003478474662 121.603018489461,25.000307688672 121.603102379529,25.0002430985003 121.603268251753,25.0001536024243 121.603596614949,24.9999590109841 121.603603688909,24.9999710747691 121.603636307747,24.9999833085134 121.603666472241,24.9999807318843 121.603720806785,24.9999407826891 121.603837980161,24.9999153464571 121.603996264787,24.9998446231723 121.604143079484,24.9997739560283 121.604274336489,24.9997077072475 121.604357524299,24.9996550350471 121.604454114219,24.9996154603072 121.60454805449,24.9995925319017 121.604564232661,24.9995882012274 121.604608011234,24.9995720425186 121.604766972571,24.9994933477822 121.604793003536,24.9994841549511 121.604843642656,24.9994727903792 121.6050145347,24.9994442092878 121.605061684516,24.9994363236108 121.605123405774,24.999426000876 121.605272869521,24.9994010033041 121.605448751553,24.9994362754552 121.605627646503,24.9993768846034 121.605662620433,24.9993871102803 121.605714951396,24.9994024107874 121.60563726734,24.9991970466963 121.605622363705,24.9991762739677 121.605655609056,24.9991743428322 121.605766468556,24.9991674735026 121.605860430859,24.9993595151483 121.605870009739,24.9993790925773 121.605874129747,24.9993871821213 121.605914368221,24.9994928126083 121.606010605147,24.9994672944928 121.606107948403,24.999443112615 121.606224016661,24.9994033731164 121.606302599041,24.999377104767 121.606445536418,24.9993286281697 121.606644100101,24.9992629893486 121.60663579016,24.9992393063852 121.606739926749,24.9992181047189 121.606854661906,24.9991845516354 121.606928848416,24.9991517765004 121.606991109381,24.999109285164 121.607173788389,24.99907626871 121.607311654827,24.999057298055 121.607500054076,24.9990154161438 121.607535173676,24.9990083443437 121.607602383731,24.9990057254773 121.607671859911,24.9990141445317 121.607873250479,24.9990606672714 121.607971712133,24.9990657541943 121.60810098898,24.999078453055 121.608151866424,24.999091468554 121.608214085809,24.9991155730631 121.608265879473,24.9991461032871 121.608281792007,24.9991539507373 121.608331423899,24.9991509096376 121.608578575284,24.9991915559972 121.608690761906,24.9992458144462 121.608883464431,24.9992498663727 121.60908214508,24.9993344618333 121.609109076954,24.9993278938362 121.609165227736,24.9993434859517 121.609268185107,24.9993405937618 121.609410710004,24.9993453210435 121.609507673912,24.9993672863318 121.609606141332,24.9993914944141 121.609700457156,24.9994247188875 121.609804906538,24.999468465645 121.609842677669,24.9994929034304 121.60987806385,24.999507352078 121.609891746754,24.9995083943859 121.610037308549,24.9995308331697 121.610079736031,24.9995386726189 121.610221425253,24.9995856465918 121.610234646163,24.9995578565532 121.610318408509,24.9995930930438 121.610382883954,24.9996204746285 121.610539842793,24.9996757896332 121.610595793227,24.9996909349705 121.610733775633,24.9997430991064 121.610810230721,24.9997747144871 121.610919124088,24.9997870113408 121.611091687921,24.9998651855332 121.611173394228,24.9999021996992 121.611190889421,24.9999266378678 121.611216017085,24.9999316545399 121.611308721011,24.999972851175 121.611498876096,25.0000573537949 121.611595020918,25.0001000792529 121.61178088911,25.0001540896595 121.612120194934,25.0001924520988 121.612167388608,25.0002024245769 121.612275974048,25.0002910869366 121.612414118718,25.0003341088017 121.612510992501,25.0003316462864 121.612536677409,25.0003303345305 121.612641115169,25.0003345126492 121.612774520742,25.0003716847446 121.612890656788,25.0004029812455 121.613010456514,25.0004377978139 121.613105350503,25.0003402536138 121.613264395679,25.0003306166621 121.613420165578,25.0003617067936 121.613919495008,25.0001641830458 121.614102933276,25.0000746573287 121.614280394824,25.0000056911801 121.614426851188,24.9999726799374 121.614544870854,24.999920940603 121.614852591727,24.9998416039548 121.615125038279,24.999790642447 121.615274527336,24.9997543544189 121.615367941251,24.9996876160698 121.615501042405,24.9996495276225 121.615725602262,24.999638935656 121.615853523797,24.9995936737784 121.616226512427,24.9994868451436 121.616562695442,24.9994909886316 121.617231233175,24.9994462239303 121.617526324465,24.9993852729071 121.617589001855,24.9993207806154 121.617789434001,24.9993718590011 121.618140371971,24.9994043368447 121.61854704906,24.9992802481056 121.618941977666,24.9992381732256 121.619221339906,24.9992460645411 121.619628502405,24.9991659290282 121.619661354144,24.9991422033112 121.61972533192,24.9990710034119 121.619809562787,24.9990180218299 121.619901833623,24.9989947095451 121.620000157784,24.9989932695714 121.620092470261,24.9990149368655 121.620145601375,24.9990274076041 121.620209456525,24.9990449710514 121.62033704779,24.9991032704974 121.620446760417,24.9992324042918 121.620628796119,24.9996588705808 121.620862825507,24.9999300065409 121.620958540378,25.0000200550541 121.621052906272,25.0001540214333 121.621511485204,25.0007692601059 121.621772964964,25.0009805590172 121.621829957262,25.0010598838439 121.621937236754,25.0010486742276 121.622238930165,25.0014280537434 121.622289689408,25.0016124183723 121.622323362546,25.0016715539679 121.622352791209,25.0019305247211 121.622433007787,25.0019987966676 121.622540531595,25.0022185335083 121.62264426543,25.002317286663 121.622644265431,25.0023172866637 121.622688944052,25.0023448189118 121.622739224821,25.0023607537526 121.62275803828,25.0023716373535 121.622803452909,25.002416416756 121.622814178344,25.0024613249343 121.622864266006,25.002493465933 121.62295123188,25.0025591919782 121.623015988652,25.0026328828622 121.623055430321,25.0026991876262 121.623117109107,25.00276184097 121.623194495225,25.0028013791942 121.623230229495,25.0028448164898 121.623232772395,25.0029098607445 121.623443905655,25.0030835305684 121.623543366263,25.003150823547 121.623680508763,25.003267903184 121.6237545718,25.0033503243152 121.623963659512,25.0035150169726 121.624088627549,25.0035927849626 121.624106560703,25.0036524849784 121.624117864392,25.0036694589889 121.62413785866,25.0037487680486 121.624157123082,25.0037789505894 121.624164036145,25.0038197297432 121.624450404506,25.0039958857761 121.624568077084,25.004068270329 121.62464486436,25.0041281190222 121.624837326806,25.0043905312261 121.625016457259,25.0045315202867 121.625159930038,25.0046061537236 121.625249551668,25.0046288027208 121.625299280425,25.0046703542435 121.625372622315,25.0046842128856 121.625417828713,25.0047177646616 121.625488103409,25.0048295616461 121.625842272538,25.0053550011992 121.625895309608,25.0054175091774 121.62615369886,25.00557773695 121.626370747736,25.0057169521839 121.626487713815,25.0058759545148 121.62658296632,25.0060052915324 121.626757576546,25.0061109404245 121.626780284917,25.006084235644 121.626790120709,25.0060254315223 121.626793106822,25.0059753609652 121.626822582869,25.0058223347441 121.626905907233,25.0054269771178 121.626975104432,25.0053433321844 121.627073123528,25.0052155507469 121.62733391365,25.0049220044192 121.627613245255,25.0049533262124 121.627874991127,25.0050820788081 121.628047378026,25.0051837433087 121.628101060674,25.0052454306431 121.628259330098,25.0053144853704 121.628434309453,25.005497031138 121.628775993575,25.0057366104183 121.628977647034,25.0058827135674 121.629152833343,25.0059873238591 121.629461815341,25.0061543127589 121.629966066031,25.0064596942743 121.63004925217,25.0066104080989 121.630172371515,25.0068413695744 121.630446327866,25.0070854933921 121.630790015583,25.0074061125005 121.631070109927,25.0076307418813 121.631241269574,25.0077740731943 121.631332539014,25.0079146822481 121.631465159682,25.0082788027746 121.631472358932,25.0088282241535 121.631472358932,25.0088282241596 121.631477811956,25.0088995761247 121.631601700419,25.0092391615599 121.631791802581,25.0093785808328 121.632057960123,25.0094574487023 121.63242398087,25.0095567025246 121.63289287018,25.0094079925626 121.633314484195,25.0093543040884 121.633589397543,25.0092104702614 121.633848849116,25.0091390901766 121.634268830817,25.0090822310828 121.6346425511,25.0089407800474 121.634881239177,25.0088065185658 121.635236436874,25.0086078736628 121.635488204834,25.0084690064165 121.635900302658,25.0084076892377 121.636040026822,25.0083844377731 121.63640600521,25.0083305826591 121.636775889599,25.0082754504989 121.63729766909,25.0082272923236 121.637726694079,25.0081661708935 121.638176748728,25.0080989644883 121.638917008998,25.0080332143718 121.639280599608,25.0080398826521 121.639725505546,25.0080732994079 121.640043095841,25.008112802809 121.640312332849,25.0081686596654 121.640647820273,25.0082441724559 121.640827325264,25.0082831933803 121.640950164453,25.0083286885031 121.641028560956,25.008394369916 121.641096636733,25.0084449808275 121.641127149031,25.0084678979552 121.641210093979,25.008571616089 121.641288946852,25.0087655068572 121.64145181356,25.0091437561738 121.641545949873,25.0093424595317 121.64160004052,25.0095384678715 121.641711418352,25.0100117033883 121.641787967391,25.0101882850679 121.641979056213,25.0103815142265 121.642740857546,25.0104975292267 121.643170526862,25.0106936385903 121.643333046177,25.0108132533926 121.643649122424,25.0108972250848 121.644102942157,25.0108857060775 121.644364704703,25.0110600783669 121.644858690891,25.0111496712894 121.645023416359,25.0111986819293 121.645358937624,25.0113275567535 121.645671459492,25.010910464715 121.645694475025,25.0108239790918 121.645894622455,25.0106542781777 121.646050166718,25.0105735936254 121.646380414482,25.0104347664896 121.646628924494,25.0102687187716 121.646603740306,25.0101371320071 121.646701829236,25.0100365763703 121.64719641554,25.0096259981585 121.647218637472,25.0096075506371 121.647540839027,25.0093396734496 121.647862505123,25.0090267930635 121.647976200885,25.0089011559151 121.648038207994,25.0089197152375 121.648215522189,25.0087862315037 121.648197891556,25.008720977725 121.648188406092,25.0086869381734 121.648295192929,25.0086296037119 121.648439655033,25.0084496403979 121.648677398037,25.0081332717191 121.648731225785,25.0080566666297 121.648918383924,25.0079406974446 121.649111381805,25.0078913015678 121.649434215075,25.0078251227299 121.649759401421,25.0076486044965 121.649938636992,25.0075557039271 121.650289563773,25.0073272501288 121.650357409031,25.0073359765604 121.650369818935,25.0072571856527 121.65013986253,25.0071922734398 121.649862327751,25.006969793168 121.649948219959,25.0067484116365 121.649972418687,25.0065796473347 121.650075881406,25.0064251941484 121.650183120483,25.006250081319 121.650365537231,25.0059291500049 121.650482025499,25.0058041455745 121.65059719566,25.0058668461324 121.650649207912,25.0058125338235 121.6506655301,25.0057929235855 121.650677961611,25.0057357618167 121.650764635539,25.0055545642795 121.650799473814,25.0055345272454 121.650895318182,25.0055045226468 121.650918001286,25.0054086090811 121.651180756532,25.0051384631661 121.651256221839,25.0050615967917 121.651265051249,25.004902878756 121.651280793666,25.0046816137928 121.651293006063,25.0045099639729 121.651238985269,25.0043811089944 121.651218512783,25.004332276209 121.651126461483,25.0040493287779 121.651092205476,25.0039440322492 121.651171906352,25.0036624170964 121.651187503591,25.0034324610619 121.65115889423,25.0033146420514 121.651150912727,25.0030262073721 121.651088244827,25.0028479341388 121.651208617137,25.0021347069416 121.651220236485,25.002065442553 121.651242037483,25.0019284311076 121.651255532652,25.0018338274911 121.651257706689,25.0018029823488 121.651262670634,25.0017950896008 121.651293212441,25.0017709717963 121.651303886002,25.0017599460977 121.651311811331,25.0017469552764 121.651343590287,25.0016661699454 121.651359751119,25.0016247876587 121.651397440079,25.0015333263772 121.65142254141,25.0014710174363 121.65142876841,25.001452088753 121.651440706885,25.0014157278353 121.651453618491,25.001371414325 121.651457785078,25.001359459465 121.651460898887,25.0012873155815 121.651462479387,25.0012258808889 121.651464567442,25.0011644475524 121.651467527185,25.0010906046919 121.651469065388,25.0010440394167 121.651471114702,25.0009885261483 121.651472118703,25.0009552697935 121.651475027349,25.0008737930879 121.651477688377,25.0008275619968 121.651499027732,25.000754788221 121.651531683707,25.0006410811419 121.65157105977,25.0005015849039 121.651575941615,25.0004849255063 121.651599568713,25.0003979833827 121.651625441344,25.0002224111907 121.651685342583,24.9999179651133 121.651694831687,24.9998887392946 121.651717312935,24.999816976618 121.651747033097,24.9997251456084 121.651761309978,24.9996852113106 121.651775887759,24.9996374619403 121.651784150968,24.9996127344399 121.651806318096,24.9995847669322 121.651810843319,24.9995756371534 121.65182278257,24.9995499276645 121.651836201213,24.9995231982719 121.651847036318,24.9995023408017 121.651862571307,24.9994735567187 121.651863969072,24.999466119517 121.651966415679,24.9992139946303 121.651971647968,24.9991983268842 121.651977058117,24.999185184372 121.651979455046,24.9991801355135 121.651983106831,24.9991711134339 121.651986880864,24.9991598018609 121.651996713251,24.9991339946852 121.652007702498,24.9991092793003 121.652010710911,24.9991035525646 121.652017377605,24.9990826145539 121.652031177688,24.999042860861 121.652040482651,24.9990136302459 121.652045708229,24.9989973267836 121.652057403464,24.998961615726 121.652064141254,24.998942753198 121.652077100796,24.9989055497113 121.652088228219,24.9988738496591 121.652106510861,24.9988184975661 121.652118392153,24.998782265372 121.652134040221,24.9987356444923 121.652137603862,24.9987235700677 121.652139707254,24.9987161753141 121.65214154488,24.9986941888575 121.652149750287,24.9986383147746 121.652153843247,24.9986084948068 121.652164750712,24.9985409268316 121.65216594034,24.998522132115 121.652165964149,24.9984455279095 121.652200751314,24.9981911745588 121.652210776138,24.9981075846507 121.652218069243,24.9980076490269 121.652227236653,24.9978820300745 121.652268280909,24.9976270003318 121.652314588679,24.9974077019448 121.652354656776,24.9972571828425 121.652421209632,24.9971476499759 121.652479641604,24.9970752154866 121.652720941974,24.9967760892624 121.652756544708,24.9967458891071 121.652781444292,24.9967068498804 121.65281723113,24.996684969276 121.652904163069,24.996639737963 121.652910613872,24.99663563689 121.652944414398,24.9965986406534 121.653029307666,24.9965083891549 121.653038063285,24.9964999465541 121.653064985316,24.9964792064997 121.653101077711,24.9964474166976 121.653132104229,24.9964242113325 121.653197177195,24.9963823689897 121.653260188385,24.9963413498262 121.653304674499,24.9963120452399 121.653311049391,24.9963070327731 121.653375907158,24.9962508547784 121.653426539962,24.996207860319 121.653523628972,24.9961719757095 121.653593932201,24.9961452147334 121.653703137514,24.9960804259902 121.653745651419,24.9960749660444 121.653877727483,24.9960538687846 121.653914786847,24.9960197792255 121.653951071055,24.9960330287157 121.653978672649,24.9960232984202 121.654096680294,24.9959826436165 121.654185554827,24.9959522151311 121.654233201351,24.9959145200024 121.654254104283,24.9958990571251 121.654356462739,24.9958609431903 121.654393530554,24.995809507606 121.654394802459,24.9958066760251 121.654431376106,24.9957622677267 121.654447153558,24.9956770822401 121.654454724352,24.9956265131725 121.654446247872,24.9955468971478 121.654446331565,24.995519147175 121.65443881693,24.9954669803914 121.654430841631,24.9954261305353 121.654423653679,24.9954035546554 121.654401344282,24.9953373558401 121.654346214935,24.9952117355624 121.654321200198,24.9951540987371 121.654315436728,24.9951450445481 121.654316739321,24.9951365544183 121.654322151112,24.9950771807828 121.654327784058,24.9950103457339 121.654315077312,24.9949888658671 121.654295344862,24.9949560670699 121.6542679866,24.9949087319518 121.654245144215,24.9948483039159 121.654227169736,24.994805557889 121.654213778251,24.9947688362793 121.654192762979,24.9947403708105 121.654173263792,24.9947136113578 121.654190453011,24.9947130871817 121.654188991869,24.9946556576448 121.654188834372,24.9946500879185 121.65422379211,24.9946177554425 121.654268582456,24.9945748354819 121.654309766201,24.9945355124585 121.65431515181,24.9944970029553 121.654331459399,24.9943682991524 121.654333162106,24.9943509419513 121.654370077388,24.994227863832 121.654377003587,24.9941984597183 121.654410031979,24.9941498802881 121.654414780869,24.9941381617275 121.654446665825,24.9940483443658 121.654479158587,24.993950893414 121.654484997282,24.9939316372241 121.654521963323,24.9938293463934 121.654545135043,24.9937658460424 121.654584349516,24.993652584184 121.654609077403,24.9935849184475 121.654611823739,24.9935337531356 121.654615960965,24.9934466777496 121.654666204636,24.9933077463883 121.654700137952,24.9932182379167 121.654710845185,24.9931165923099 121.654719100595,24.9930115808309 121.654678132465,24.9929313330278 121.654642150126,24.9928782098323 121.654590631902,24.9928145504711 121.654538224161,24.9927899039211 121.654503481025,24.9927668625041 121.654479350119,24.9927343996661 121.654461054406,24.9927005844054 121.654444446199,24.9926723346885 121.654425092744,24.9926613464226 121.654365646883,24.9926494936094 121.654234925138,24.9926216915284 121.654189217734,24.9926051594713 121.654141702229,24.992564578052 121.654052701224,24.9924785422361 121.653978479225,24.992415899552 121.653908737257,24.9923449361299 121.653872189983,24.9922868983874 121.653849473534,24.9921996085445 121.653838445554,24.9920953124572 121.653877269712,24.9919447419552 121.653877269712,24.9919447419552 121.653905908697,24.9919065375532 121.653937183511,24.9918700903073 121.65397096474,24.9918355510297 121.654007112603,24.9918030626375 121.654045477525,24.9917727595616 121.654085900757,24.9917447671903 121.654128215034,24.9917192013506 121.654172245268,24.9916961678288 121.654217809268,24.9916757619332 121.654398957353,24.9915934438278 121.654435818992,24.991576233374 121.654447225219,24.9915731129067 121.654472675436,24.9915677188802 121.654541635503,24.9915531031678 121.654653076678,24.9915294837406 121.654705326661,24.9915184095735 121.654869399199,24.9914846336222 121.654871084198,24.9914903506652 121.6549222969,24.9914723541274 121.654981217425,24.9914589485159 121.655570928944,24.9913288017181 121.655823586077,24.9912689722578 121.656059687178,24.9912074088044 121.656070215329,24.991204663575 121.656471845508,24.9911191423109 121.656542634059,24.9910992794642 121.65668376601,24.9910707970036 121.656897615326,24.9910293140397 121.656950652856,24.9910173221418 121.657072401541,24.9909731244238 121.657152837199,24.9909417603207 121.657393140792,24.9908841772716 121.657487652549,24.990859901468 121.657608113164,24.9908295722093 121.657650621158,24.9908188696312 121.657725301745,24.990807932964 121.657758594689,24.9908030573357 121.657822501845,24.9907936983475 121.657863399321,24.9908087213785 121.657941135039,24.9908040577813 121.657997685428,24.9908006651292 121.658024306996,24.9908002932719 121.658085950374,24.990799432202 121.658104966112,24.9908005709649 121.658166986077,24.990804285031 121.658178571147,24.9908049788001 121.658200074652,24.9908115013851 121.658245344737,24.9908492841785 121.658244259511,24.9908614268162 121.658365630153,24.9909055250166 121.658366687321,24.990904987582 121.658415374247,24.9909130086254 121.658517863559,24.990929893415 121.658520182629,24.9909208177618 121.658533960244,24.99092209266 121.65854458257,24.9909298465297 121.658568645743,24.990933350926 121.658600513027,24.9909474388591 121.658697528944,24.990985579381 121.658724007256,24.9909959889631 121.658776237595,24.991012020912 121.658830462146,24.9910286649544 121.658840537647,24.9910317575926 121.65886815689,24.9910369977431 121.658876445376,24.9910381526262 121.658898642515,24.9910465320294 121.658982745057,24.9910708246165 121.659013946608,24.9910808432616 121.659128067486,24.9910995933476 121.659129851766,24.9911016259842 121.65921376368,24.9910756718097 121.659235514795,24.991067412343 121.659278693029,24.9910459107297 121.659284753091,24.9910434999741 121.659356200827,24.9909841662354 121.659377178338,24.9909591610415 121.659378726863,24.9909578810123 121.65941265528,24.9909167370019 121.659627742081,24.9909637758792 121.659616215698,24.9910108514058 121.659614633747,24.9910188131921 121.659587819694,24.9910509414292 121.659589105621,24.9910561003874 121.659383079697,24.9912645743596 121.659363807484,24.9912663981593 121.659345822876,24.9912947446882 121.659345822876,24.9912947446882 121.659335969473,24.991304194892 121.659325453224,24.9913130318169 121.659314319986,24.9913212169304 121.659302618304,24.9913287145419 121.659290399201,24.9913354919589 121.659277715958,24.991341519629 121.659264623878,24.9913467712692 121.65925118005,24.99135122398 121.659237443093,24.9913548583459 121.659223472905,24.9913576585195 121.659209330404,24.9913596122909 121.659195077255,24.9913607111408 121.659180775609,24.9913609502778 121.659166487827,24.9913603286592 121.659152276209,24.9913588489954 121.65885942442,24.9913203006652 121.658858682102,24.9913130535311 121.658843620237,24.99129033102 121.658839480284,24.9912868642156 121.658793099507,24.9912710171694 121.658766416093,24.9912684815915 121.658744885242,24.9912052197375 121.658725789466,24.9911803211086 121.658711756086,24.9911793904787 121.658688872856,24.9911742375309 121.6586560374,24.9911732430765 121.658583099626,24.9911639734521 121.658578791985,24.9911661777238 121.658464377768,24.991149992816 121.658464377768,24.991149992816 121.658449607781,24.9911505655762 121.658434829672,24.9911502068202 121.658420114084,24.9911489182629 121.658405531362,24.9911467060639 121.658391151216,24.9911435807983 121.658377042386,24.9911395574056 121.658363272316,24.9911346551188 121.658349906833,24.9911288973722 121.658337009825,24.9911223116894 121.658324642945,24.9911149295518 121.658312865309,24.991106786248 121.658312865309,24.991106786248 121.658295087236,24.9910974690315 121.658276667437,24.9910892522465 121.658257687797,24.9910821724213 121.658238232692,24.9910762610296 121.65821838861,24.9910715443508 121.65819824377,24.9910680433533 121.658177887727,24.9910657736008 121.658157410974,24.9910647451838 121.658136904541,24.991064962674 121.658116459592,24.9910664251047 121.658116459592,24.9910664251047 121.657998086742,24.9910620766936 121.658000669521,24.9910811677701 121.658000669521,24.9910811677701 121.657854781049,24.9910864712737 121.657709447156,24.9910992103034 121.657565123712,24.9911193449011 121.657550370889,24.9911218302184 121.657550370889,24.9911218302184 121.657435828764,24.9911438748066 121.65732248804,24.9911705839492 121.657310027067,24.9911738246308 121.65701474842,24.9912480220334 121.656836597698,24.9912846602728 121.656832490435,24.9912928409334 121.656832490435,24.9912928409334 121.65644451595,24.9913700714488 121.65606171994,24.9914664049111 121.65606171994,24.9914664049111 121.655902747583,24.9915124994553 121.655902747583,24.9915124994553 121.655131197578,24.9917172567355 121.655131197578,24.9917172567355 121.655063453445,24.9917362794409 121.654994745285,24.991752172865 121.654994745285,24.991752172865 121.654827938633,24.991799599513 121.654663938709,24.9918545588563 121.654663938709,24.9918545588563 121.654648064233,24.9918595720799 121.654632567175,24.9918654853839 121.654617508906,24.9918722753504 121.654602949059,24.99187991509 121.654588945294,24.9918883743478 121.65457555307,24.9918976196237 121.654562825421,24.9919076143045 121.654550812752,24.9919183188095 121.65452801185,24.9919490198149 121.654515548428,24.991978681796 121.654479865103,24.9919995077588 121.654454198743,24.9920238814679 121.65444240641,24.992044646953 121.654424122499,24.9920821745697 121.65441433657,24.9920953949598 121.654387369632,24.9921478765831 121.654365689608,24.9922127086641 121.654459407209,24.9922606190781 121.654585073068,24.9923255238678 121.654632174019,24.99234910558 121.654719923517,24.9923939986072 121.654751309083,24.9924092517491 121.654783892867,24.9924263175755 121.654802165803,24.992434584225 121.654872006559,24.9924698661164 121.654883049705,24.9924768836483 121.655121130319,24.9926333320519 121.655124365954,24.9927169491687 121.655125393185,24.9927700363363 121.655129000171,24.9928373511655 121.65513212265,24.9928940835699 121.655134513486,24.9929382588177 121.655138322076,24.9930294319292 121.655138782511,24.9930519017297 121.655129215416,24.9930989807149 121.655100292834,24.9932298686165 121.655086036538,24.9932906128859 121.655059581022,24.9934045515968 121.655057783007,24.993422941447 121.655054994899,24.993504823801 121.655053262187,24.9935490670893 121.65505139297,24.993596795892 121.655049127579,24.9935996089563 121.655004920175,24.9937366086492 121.654967063548,24.993854136872 121.654964660404,24.9938650745171 121.654944003554,24.9939002742818 121.654883881805,24.9940048410729 121.654866769894,24.9940322541116 121.65485680984,24.9940696641698 121.654796935839,24.9941419083525 121.654748413429,24.9942018942945 121.654715692458,24.9942678051138 121.654659848396,24.9944019418046 121.6546466896,24.9944512122547 121.654623730154,24.9945398379948 121.654638257467,24.9945531761383 121.654613065625,24.9946228470059 121.654599526615,24.9946679974738 121.654590028896,24.9947125469637 121.654585536503,24.9947785520304 121.654579304403,24.9948684736478 121.654617965345,24.9949735023072 121.654677681055,24.9951145130337 121.654709949715,24.9951962893168 121.654711484537,24.9953141748225 121.654710571934,24.9955451764473 121.654728733683,24.9957464487706 121.654732531947,24.9958293251473 121.654654976941,24.9959314341092 121.654618575905,24.995980597309 121.65451064465,24.9961179122943 121.654492189509,24.9961422563902 121.65445783542,24.9961875726894 121.654419451123,24.9962397593187 121.65428043482,24.9963304880253 121.654145478719,24.9964163953693 121.654120631759,24.9964322118665 121.65395657077,24.996541651853 121.653842056383,24.9966196400491 121.65374355439,24.9966847493064 121.653630004376,24.9967619111461 121.653493053625,24.9968555814188 121.653405443048,24.9969128405316 121.653330818462,24.9969653283062 121.653298433754,24.9969897015982 121.653237691566,24.9970576472567 121.653203721594,24.997094683701 121.653156319439,24.9971463648023 121.653098394785,24.99721370758 121.653081598194,24.9972279064426 121.653054355843,24.997286854437 121.653030481113,24.9973366992598 121.652994693717,24.9974133300952 121.652942783364,24.9974682305921 121.652884479319,24.9975309769635 121.652800274602,24.9976188112341 121.652748467003,24.9976734672122 121.652705701043,24.9977220238333 121.652670845431,24.997822372631 121.652662916344,24.9978452003324 121.652667305295,24.9979004422305 121.652674935596,24.998025857439 121.652682270805,24.9981282133957 121.652683124764,24.9981569899814 121.65269511643,24.9982899704517 121.652675221638,24.9983586847955 121.652652042468,24.9984362643482 121.652636559186,24.9984810541706 121.652598556645,24.9986116641593 121.652558664239,24.9987471478132 121.652537012896,24.9988169431783 121.652498564722,24.9988849707015 121.652459321742,24.9989510883013 121.652448320605,24.9989727774531 121.65243179782,24.9990244600226 121.652406195726,24.9991037501945 121.652376786287,24.9991938469146 121.652365124424,24.9992161989458 121.652339127718,24.999262547522 121.652276500393,24.9993751044731 121.652231844766,24.9994555867505 121.652175365296,24.9995595047172 121.652144991984,24.9996131234329 121.652106331601,24.9996826260201 121.652087101116,24.9997808568973 121.652079172493,24.9998227711046 121.652057486245,24.9999227391839 121.652044226694,24.9999965671235 121.652029200769,25.0000608630991 121.652021014418,25.000104012931 121.652002606861,25.0002054516468 121.651990097502,25.0002685993385 121.651983118679,25.0003029610988 121.65197009555,25.0003671633206 121.651956157959,25.0004367900843 121.651942288854,25.0005116458788 121.651938132848,25.0005342495445 121.651934832067,25.0005464645724 121.651922241566,25.0006043476545 121.651912149322,25.0006640166406 121.651903749137,25.0007062657041 121.651894435119,25.0007492288064 121.651887576136,25.00079081805 121.651901476793,25.0007961182164 121.651933795937,25.0008120982259 121.651927529842,25.0008634758266 121.651921162993,25.0009041619394 121.651915300082,25.0009452966745 121.651892123608,25.0009481999802 121.651890697311,25.0009522754143 121.651877368641,25.0009889591402 121.651863151902,25.0010349008818 121.651848919043,25.0010770135755 121.651835717236,25.0011218289077 121.651814947908,25.0011897416482 121.651801249358,25.0012339687022 121.651770940924,25.0013232001507 121.651742542806,25.0014122341765 121.651733619585,25.0014425774691 121.651715320264,25.0015050802516 121.651693255095,25.0015780159435 121.651679775961,25.0016244919476 121.651666544794,25.0016725731351 121.651652892298,25.0017129180829 121.65164318666,25.0017523303994 121.651625411446,25.0018099015802 121.65159744534,25.0019033006615 121.651560691808,25.0020265375859 121.65153170703,25.0021326104191 121.65147413355,25.0023904093502 121.651443737893,25.0024706446626 121.651425419698,25.0025131821374 121.651421335561,25.0025528847725 121.651431296778,25.0026688910645 121.651437701487,25.0027478224086 121.651448220056,25.0029220926071 121.651460182043,25.0030731070594 121.651472016168,25.0032388471658 121.651474226208,25.0032716225276 121.651478614391,25.0033331006526 121.651481199117,25.0033616747472 121.651487798785,25.0034565207035 121.651495601332,25.0035684812748 121.651501909143,25.0036665124668 121.651513398273,25.0038267906189 121.651401752826,25.00393023756 121.651429458099,25.0040174529446 121.651445306724,25.0040612709974 121.651462948374,25.00410824918 121.651531894974,25.0043187732112 121.651700113111,25.0044351330357 121.651728752753,25.0044588240011 121.651744757702,25.0047140691115 121.651756971513,25.0049463963279 121.651708076106,25.0051912595918 121.651661900521,25.005407336611 121.65155890824,25.0055980775312 121.651459672083,25.0057528534158 121.651396056914,25.005795100891 121.651372652057,25.0058347359125 121.651334368011,25.0058894862025 121.651325477539,25.0059129240031 121.651320114089,25.0059326470346 121.651216563792,25.0060076927071 121.651041109515,25.0061085187948 121.650849242571,25.006281335356 121.650795225456,25.0064035293371 121.650968395791,25.0068989044078 121.651372837006,25.0070692286841 121.651664594625,25.0072203636574 121.651817704262,25.0073969210621 121.6515854749,25.0075983070219 121.651546445433,25.0075433175839 121.651396183128,25.0075081339232 121.651400153226,25.0074262705365 121.651150505368,25.0073990173155 121.651068373842,25.007527297291 121.650998275599,25.0075332500091 121.650680474358,25.0077445227515 121.650361922868,25.0079593003406 121.650054786708,25.008156624325 121.649724665116,25.0084597514972 121.649356229284,25.0086568857049 121.649357186852,25.0087134744551 121.649358476268,25.0087896740478 121.649080217193,25.0090521485002 121.648995228795,25.0091394891344 121.648827361304,25.0091891092682 121.648673903399,25.0091660352891 121.648604487956,25.0092007247466 121.648473876036,25.009291141768 121.648461564625,25.0094050130406 121.648439504053,25.0094677174303 121.648380860791,25.0095623869143 121.648321860127,25.0096563798531 121.648268327757,25.0097660592472 121.648192036031,25.0099559480632 121.64802227549,25.0101344141693 121.647883168076,25.0099476772923 121.647687098599,25.0100751092339 121.647504199501,25.0103648131779 121.647344039483,25.0104144909184 121.647295050025,25.0106210305835 121.647205084426,25.0107399894937 121.646815731986,25.0111520411615 121.646522392236,25.0112011863097 121.646398246987,25.0113161060088 121.64640722526,25.011425054055 121.646251423657,25.0115282054619 121.645966549578,25.011529525131 121.645849124245,25.0116111621502 121.645853933258,25.0116591014253 121.645862920568,25.0117486924953 121.645805945076,25.0118218420169 121.645697707126,25.0119090212571 121.645331115873,25.0119908575668 121.645278215585,25.012073837045 121.645272043371,25.0120835187811 121.645197027626,25.0121689885401 121.64461914393,25.0121929038072 121.6442092565,25.0121162213738 121.644027326616,25.0120820202032 121.643799522931,25.0120626305264 121.64368092788,25.0120487069895 121.643509212692,25.0119895630827 121.643117552038,25.0118523220775 121.643152171798,25.0116252006209 121.642635763285,25.0114294384033 121.64245280036,25.0113604548506 121.642352563697,25.0112436244292 121.64199862281,25.0110629861625 121.641964471165,25.0111055115454 121.641716338787,25.0110355785108 121.641666513998,25.0110940339961 121.64139095535,25.0111233538537 121.641233074556,25.0110147635186 121.641117594005,25.0109267278468 121.640975101488,25.0108030779175 121.640869825957,25.0106111020155 121.640852914861,25.0105193041623 121.640769945011,25.0100689199583 121.64070709229,25.0096810506716 121.640693570539,25.0095976064877 121.640562655704,25.0094738124893 121.640392277945,25.0093237491849 121.640321784739,25.0092524470497 121.640175066114,25.0090749020501 121.640055784575,25.0088737524017 121.640038947263,25.0088714313626 121.63959905043,25.0088107904701 121.63940523371,25.0088664256141 121.639237196578,25.0087844282296 121.639065386923,25.0087803877791 121.639001125154,25.008836341383 121.638673241583,25.008797744188 121.638578221578,25.0088133742851 121.638373930359,25.0088477328119 121.638264234215,25.0088662157386 121.638058766134,25.0088400377076 121.637789114697,25.0088326359854 121.637860168608,25.0088883552832 121.637904181603,25.0089322686335 121.637302108572,25.0089788484032 121.637302108572,25.0089788484032 121.637199272827,25.0090074816161 121.636934404913,25.0090388239046 121.636875154237,25.0090457013666 121.636765582433,25.0091411424029 121.636695610165,25.0091548260469 121.636581141259,25.0091772112921 121.636562217193,25.0091809120247 121.636462491619,25.0092004140095 121.636307167529,25.0091723877542 121.636240631226,25.0091603820711 121.636160095811,25.0092703997025 121.636031356028,25.0092238729304 121.636017401102,25.0092230137642 121.636013568118,25.009226493952 121.635981188293,25.0092535942994 121.635893447343,25.0092636000313 121.635854598858,25.0092901952655 121.635463165721,25.0093155912831 121.635421587251,25.0093742689685 121.635278040904,25.0094680298679 121.635236893495,25.0094745113045 121.635137037891,25.0095609169473 121.634992281312,25.0095833357128 121.634960846962,25.0096029202469 121.634843320995,25.0096034586681 121.634825837848,25.0095810275459 121.63469045019,25.0096134449671 121.63452059508,25.0095302564607 121.634514453819,25.0095348809613 121.634433058158,25.0095613216527 121.634204108065,25.0096737142627 121.634166785553,25.0097122189516 121.634098950843,25.0097887242139 121.633987788113,25.0097992081714 121.633880033066,25.0099197082849 121.63381817023,25.0099211038699 121.633695372856,25.0100454237331 121.633198267013,25.0100662604496 121.632817592531,25.0102022216934 121.632587499829,25.0101841662231 121.63255831852,25.0102279935042 121.632480685204,25.0101881071938 121.63239403075,25.0102811752563 121.632230668139,25.0102741879814 121.632092376798,25.0102217784314 121.631945190289,25.0102320607824 121.631860623035,25.0103748260776 121.63171214264,25.0103029044891 121.631657942128,25.0102613942554 121.63130116663,25.0099343424557 121.630949970265,25.0096400166057 121.630770240127,25.0093286224068 121.630669257683,25.0090910582722 121.630744354797,25.0090401492236 121.630667535567,25.0088872573835 121.630569645147,25.0088339589846 121.630476133576,25.008754141077 121.630458251953,25.0087001861238 121.630466593483,25.0086231995639 121.630509453246,25.0085601335091 121.630510767859,25.008541607314 121.630353265323,25.0082380616238 121.630285075026,25.0082305181268 121.630118273327,25.0079734315973 121.629985059686,25.0078511112718 121.629869921201,25.0077318273134 121.629826298746,25.0076912889664 121.629671780511,25.0074258306856 121.629408519233,25.0073131789076 121.629162469977,25.0072495233137 121.629001700416,25.0071354565346 121.628885855974,25.006946719325 121.628625593403,25.0067503515747 121.628417738298,25.0064828738421 121.628258438676,25.0061179177136 121.628181677347,25.0061509561342 121.62801591707,25.0058974767197 121.627761978468,25.005780511304 121.627651809439,25.0057806709628 121.627555594957,25.0058195473845 121.627452724661,25.0061515008317 121.627407962126,25.0065065430985 121.627280346173,25.0067796374496 121.627217148585,25.0068600190667 121.627124958276,25.0069600443868 121.62705648723,25.0070323804447 121.626970445941,25.0071045504379 121.626896521689,25.0070478775837 121.626769756609,25.0071191662228 121.626441593115,25.0072533034143 121.626425638187,25.0072532110561 121.626304268567,25.0072435669985 121.626181444764,25.0072349557708 121.625866292146,25.0071221276614 121.62527745148,25.0067622229949 121.625086619971,25.0064149944777 121.625013458081,25.0062803983858 121.624929144919,25.0061668494527 121.624724493582,25.0059071202396 121.624619752667,25.0057742923712 121.624598608325,25.0055939559839 121.624520437178,25.0055250220784 121.624369218123,25.0055186190798 121.624268836014,25.0054528071746 121.624183481856,25.005221635745 121.624073465964,25.0051124344442 121.624030564451,25.0049550041872 121.623896997756,25.0047490581845 121.623757434432,25.0046018462162 121.623574040924,25.0044353239902 121.623046196593,25.0038507774433 121.622506671426,25.0033149923367 121.622101338727,25.0030466980822 121.621668402809,25.0027131879048 121.621418355852,25.0025433378121 121.621090579371,25.0023270603352 121.621018099657,25.0021802713028 121.621031195365,25.0018642164084 121.621126090694,25.0017096733481 121.62116469963,25.001578881682 121.621157055556,25.0014372582642 121.62109618207,25.001321468283 121.621081272137,25.0012931074435 121.621074889701,25.0012827048288 121.621041929193,25.0012290707837 121.62102111418,25.0011952061504 121.620959287946,25.0010945126017 121.620945894025,25.0010727167215 121.620899958764,25.0010015990483 121.620772142342,25.0007898201322 121.620627943626,25.0005096602356 121.620385953508,25.0003474824068 121.620099706598,24.999972169175 121.62009970659,24.9999721691658 121.620066419391,24.9999317593192 121.619966891668,24.9998889797047 121.619898090489,24.9998083831068 121.619888044871,24.9998069960794 121.619659612086,24.9997754555157 121.619553864207,24.9997608543885 121.619447519969,24.9998243049979 121.619115870597,24.9998431577055 121.619044843628,24.9999323935826 121.618891318154,25.0000352315991 121.61860788102,25.0000014194528 121.617909938789,25.0001109849578 121.617802064718,25.0001472749756 121.617156868155,25.0002195362727 121.616803726568,25.0002348551008 121.616211272389,25.0003486524369 121.615964863261,25.000324423228 121.615798446299,25.0002906150688 121.615650377543,25.0002896804801 121.61556324444,25.0003374834975 121.615567095238,25.0003499565039 121.615582299505,25.0004029047907 121.615412799224,25.0004845353776 121.614862033284,25.0005668990857 121.6148299653,25.0005635979584 121.614780762974,25.000539237868 121.614758123261,25.0005107521149 121.614747910877,25.0005011322251 121.614680794614,25.0004380641509 121.614284467618,25.0005323930755 121.614338026111,25.0007292007061 121.614339116832,25.0007354716043 121.614339114628,25.0007390833057 121.614338244842,25.0007445946591 121.614335843109,25.0007508797013 121.614331489785,25.0007572177934 121.614325872031,25.0007622969136 121.614309798492,25.0007759058539 121.614289524982,25.0007836176542 121.614212685697,25.0008173820917 121.614169697828,25.0008422510924 121.614140470803,25.0008709469391 121.614056423231,25.0009951230737 121.614042799891,25.0010174804211 121.614018702084,25.0010585433683 121.613933475304,25.0010708035271 121.6137369261,25.001043459715 121.613684483962,25.0009967860581 121.613548043397,25.0009590179834 121.612925454234,25.0009389417659 121.612806797901,25.0009386331892 121.612844989047,25.0008536879811 121.612767866737,25.0007974300826 121.61236919243,25.0007441511269 121.612060926046,25.0007487100731 121.611508031221,25.0006288122918 121.611357417549,25.0006647423355 121.611097718298,25.0006706356963 121.610907265569,25.0006778957055 121.610763071734,25.0004905584079 121.61026570163,25.0003728651471 121.610101705813,25.0002384359071 121.609509346287,25.0001159088876 121.608796233956,24.9999484009809 121.608585452028,24.9999355118988 121.608505993123,24.999987691392 121.608279892127,24.9998327732677 121.608155493295,24.9997954784771 121.607880916599,24.9996639079164 121.607630815787,24.9996307397928 121.607458155007,24.9996648696251 121.607160778341,24.9996728730473 121.606842969064,24.9997466158458 121.606491733168,25.0000190025881 121.606105101718,25.0001736088297 121.605813840478,25.0002063743115 121.605599325659,25.0001980207835 121.605462127543,25.0001782322478 121.605299591309,25.0000878738599 121.605212701695,24.9999618549181 121.604952077745,24.9999641585368 121.604867233873,24.9999896069819 121.60478688463,25.0000781977814 121.604637613658,25.0001358041953 121.604120236581,25.0002411289271 121.603883404669,25.0004183105268 121.603829099016,25.0004574426658 121.6035135697,25.0007079182237 121.603060251979,25.0011533051931 121.602369596765,25.0016389564138 121.602098531442,25.0017617874105 121.602098412291,25.0017618414026 121.602063944647,25.0017766139211 121.60192629116,25.0018398324624 121.601783970996,25.0019179343189 121.601304471225,25.0021647564575 121.601173206494,25.0022709259977 121.601127655619,25.0023099548528 121.600895081291,25.0024034590502 121.600846381812,25.0024529258786 121.600648956057,25.0026117004689 121.600482220062,25.0027035242813 121.600442169373,25.0026839454461 121.600399579752,25.0027075128713 121.600407944198,25.0027698111449 121.60021145274,25.002911421565 121.599814295828,25.0030045975051 121.599713251481,25.0030499502559 121.599580456145,25.0030978127117 121.599306701484,25.0031854117804 121.599196353225,25.0032393892293 121.59918696886,25.0032655940816 121.599131303567,25.0033007039199 121.599011421009,25.0033827429097 121.598879404605,25.0034963392947 121.598695321414,25.0036938782208 121.598527716126,25.0039016487609 121.59838215857,25.0040797862624 121.598228234255,25.0042242705628 121.598098486109,25.00433278242 121.597973837339,25.0044161017854 121.597833306422,25.0044981074571 121.597667916487,25.0045714633745 121.597473871863,25.0046349340003 121.597308155189,25.0046773228047 121.597154992835,25.0046961718444 121.596955239066,25.0046975105743 121.596953084599,25.0046548736723 121.596684889368,25.0046056064619 121.59652509932,25.0046567806397 121.59646661226,25.0046755115852 121.59646661226,25.0046755115852 121.59646661226,25.0046755115852 121.596306249765,25.0046541896124 121.596180985422,25.0045574105942 121.595963977004,25.0045122175092 121.595828037644,25.0041159975315 121.596004262787,25.0037458703586 121.595973660979,25.0036574588051 121.59595299059,25.0036051182578 121.595930610541,25.0035533649075 121.595914750534,25.0035192118121 121.59589387913,25.0034769371491 121.595853420501,25.0034020888201 121.595834263564,25.0033693694514 121.595809316205,25.0033289707837 121.595793819784,25.0033050081868 121.595414945425,25.002733848118 121.595403725357,25.002716868277 121.595382235223,25.0026824037053 121.59536696084,25.0026561327871 121.59535718491,25.0026384269754 121.595346047765,25.0026190905182 121.595340661481,25.0026093366959 121.595335397656,25.0025995275106 121.595325240131,25.0025797481594 121.595320347751,25.0025697805611 121.595315425547,25.0025603772006 121.595305829864,25.0025414642164 121.595296567872,25.0025224135723 121.595287641934,25.0025032301701 121.595280260645,25.0024882776188 121.595273389678,25.0024731244436 121.595268281146,25.0024611040494 121.595257831166,25.0024371466729 121.595253253123,25.0024264954279 121.595248741886,25.0024158205327 121.595244297587,25.002405122348 121.595239920375,25.0023944012071 121.595235610401,25.0023836574796 121.595231367805,25.002372891499 121.595226748644,25.0023601288075 121.595221191011,25.0023476807254 121.595217882511,25.0023354814576 121.595214057895,25.0023234081562 121.595209722925,25.0023114789352 121.595205206387,25.002297277806 121.595200556932,25.0022829616131 121.595196006635,25.0022686189953 121.595191555669,25.0022542505027 121.595185734614,25.0022337563707 121.595169176732,25.0021720672915 121.595084584609,25.0018350449953 121.595079708713,25.0018161597326 121.595074844088,25.0017952312831 121.595068021362,25.001763750367 121.595061769335,25.0017321711809 121.595058764838,25.0017200857457 121.595053623603,25.0016957506952 121.595051489298,25.0016835125809 121.595047830513,25.0016610932596 121.595044273104,25.0016407984233 121.59504081717,25.001620489034 121.595037462801,25.0016001654974 121.595034210049,25.0015798282559 121.595031058996,25.0015594777154 121.595026523233,25.0015289279119 121.595023112243,25.0015084788764 121.595021535605,25.0014982371186 121.595018640495,25.0014777221278 121.595017322186,25.0014674500947 121.595016090162,25.0014571691759 121.595013885214,25.0014365830636 121.595012912425,25.0014262790793 121.595011873665,25.0014169842994 121.595010867572,25.0014076865269 121.595008953482,25.0013890824191 121.595007170206,25.001370467514 121.595006327658,25.0013611562584 121.59500474077,25.0013425265923 121.595002606081,25.0013145656859 121.595000766348,25.0012865873761 121.594999221733,25.0012585942444 121.59499835602,25.0012399252018 121.594997303575,25.0012119131104 121.594996546567,25.0011838931022 121.594996085069,25.001155867759 121.594995919122,25.0011278396627 121.594995972695,25.0011091540236 121.594996157633,25.0010904690778 121.59499647392,25.0010717855928 121.595000030731,25.0009237562176 121.595000249728,25.0009130603962 121.595000599685,25.0008916674352 121.595000730635,25.0008809704131 121.595000904474,25.0008595756557 121.595000960917,25.0008381803747 121.595000899937,25.0008167851029 121.595000721547,25.000795390382 121.595000425759,25.0007739967354 121.595000233838,25.0007633004809 121.594999761953,25.0007419094615 121.594999481991,25.0007312148231 121.594998834035,25.0007098276225 121.594998068723,25.0006884436539 121.594997186075,25.0006670634318 121.594995642144,25.000635001318 121.594993834328,25.0006029506509 121.594989427512,25.0005388909131 121.594985903957,25.0004962210099 121.594981912265,25.0004535853624 121.594977452846,25.0004109882211 121.594971221499,25.0003578024565 121.594965711385,25.0003153075614 121.594958168339,25.0002622630495 121.594951610322,25.000219891912 121.594944587595,25.00017758266 121.594935156789,25.0001247895979 121.594922884913,25.0000615859136 121.594916359137,25.0000300487767 121.594909573944,24.999998557131 121.594904906562,24.9999775888613 121.594900124162,24.9999566421138 121.594892735194,24.9999252635294 121.594885088155,24.9998939363351 121.594879846955,24.9998730809617 121.594875343244,24.9998547410004 121.594870748494,24.9998364197932 121.594863685906,24.9998089739904 121.59485886401,24.9997907013321 121.594851461141,24.9997633301069 121.594846412694,24.9997451083333 121.594838670492,24.9997178151936 121.594830725168,24.9996905705698 121.594825315624,24.9996724350668 121.594819816061,24.9996543220603 121.594817032569,24.9996452741105 121.594814199831,24.999636114626 121.594811343555,24.9996269612123 121.594808463771,24.9996178139231 121.5948055605,24.9996086727947 121.59480263373,24.9995995378993 121.594799683503,24.9995904092727 121.594796709829,24.9995812869602 121.594793712717,24.9995721710249 121.594790692188,24.9995630615117 121.594787648261,24.9995539584659 121.594784580948,24.9995448619505 121.594781490267,24.9995357719925 121.59477837624,24.9995266886642 121.594775238875,24.9995176120105 121.594772078204,24.9995085420674 121.594768894226,24.9994994788983 121.594765686972,24.999490422548 121.594762456451,24.9994813730708 121.594759202683,24.9994723305116 121.594755925699,24.9994632949246 121.594752625489,24.9994542663548 121.594749302103,24.9994452448473 121.59474595553,24.9994362304652 121.594742585811,24.9994272232446 121.594739192957,24.9994182232395 121.594735776986,24.9994092305041 121.594732337909,24.9994002450834 121.594728875757,24.9993912670224 121.594725390539,24.9993822963753 121.594721882285,24.9993733331962 121.594718351006,24.999364377521 121.594714796721,24.999355429413 121.59471121945,24.9993464889171 121.59469828312,24.9993138770798 121.594694612444,24.999305016801 121.59469092358,24.9992961628062 121.594687216549,24.9992873151133 121.594683491351,24.9992784737493 121.594679748016,24.9992696387593 121.594675986553,24.9992608101704 121.594672206963,24.9992519880095 121.594668409267,24.9992431723038 121.594664593483,24.9992343630892 121.594660759612,24.9992255604018 121.594656907684,24.9992167642687 121.594653037699,24.9992079747079 121.594649149667,24.9991991917734 121.594645243618,24.9991904154742 121.594641319562,24.9991816458555 121.59463737751,24.9991728829442 121.59463341746,24.9991641267764 121.594629439454,24.9991553773611 121.59462544348,24.9991466347524 121.59462142957,24.9991378989773 121.594617397733,24.9991291700538 121.594613347979,24.999120448027 121.594609280329,24.9991117329149 121.594605194792,24.9991030247626 121.594601091388,24.999094323579 121.594596970117,24.9990856294183 121.594592831009,24.9990769422984 121.594588674075,24.9990682622464 121.594584499324,24.9990595892984 121.594580306777,24.9990509234903 121.594576096443,24.9990422648402 121.594567622494,24.9990249691581 121.59455907757,24.9990077024954 121.594554778542,24.9989990801217 121.594550461819,24.9989904650953 121.594546127418,24.9989818574431 121.594537405627,24.9989646643875 121.594509424627,24.9989121154825 121.594234254702,24.99840157611 121.594229706711,24.9983931595129 121.594225071784,24.9983847823995 121.59422035034,24.9983764455085 121.594215542799,24.9983681495876 121.5942106496,24.9983598953662 121.594205671154,24.9983516835921 121.594200607929,24.9983435149765 121.594195460355,24.9983353902671 121.594184914045,24.9983192754303 121.594179516237,24.9983112867345 121.594174035967,24.9983033447993 121.594168473722,24.9982954503448 121.594157105294,24.99827980666 121.594151300129,24.9982720588159 121.594145415013,24.9982643612431 121.594139450477,24.9982567145987 121.594133407037,24.9982491195937 121.594127285242,24.9982415768759 121.59412108563,24.9982340871385 121.594114808759,24.998226651029 121.594108455188,24.9982192692225 121.594102025484,24.9982119423757 121.594095520214,24.9982046711453 121.594088939957,24.9981974561611 121.5940822853,24.9981902980796 121.59407555684,24.9981831975305 121.594068755175,24.9981761551524 121.594061880902,24.9981691715658 121.594054934639,24.9981622474002 121.594047917003,24.998155383258 121.59404082862,24.9981485797686 121.594033670118,24.9981418375254 121.594026442143,24.9981351571307 121.594019145333,24.9981285391779 121.594011780324,24.9981219842691 121.594004347792,24.9981154929614 121.593996848395,24.9981090658572 121.593989282789,24.9981027035225 121.59398165166,24.9980964065142 121.593973955674,24.9980901753986 121.593958371917,24.9980779130641 121.593942537047,24.9980659208752 121.59393452721,24.9980600274326 121.593926456722,24.9980542031158 121.593918326299,24.9980484484456 121.593910136658,24.9980427639429 121.593901888532,24.9980371501101 121.593893582659,24.998031607441 121.593885219782,24.9980261364381 121.593876800629,24.998020737577 121.593868325973,24.998015411342 121.59385979654,24.9980101582179 121.593851213115,24.9980049786619 121.593842576453,24.9979998731314 121.593833887319,24.9979948420928 121.593825146488,24.9979898859853 121.593816354735,24.9979850052574 121.593807512854,24.9979802003391 121.59379862162,24.9979754716516 121.593789681827,24.9979708196252 121.593780694271,24.997966244672 121.593771659764,24.9979617471949 121.593762579093,24.997957327597 121.593753453071,24.9979529862725 121.593744282511,24.9979487236061 121.593735068239,24.9979445399828 121.593725811058,24.9979404357696 121.593716511813,24.9979364113332 121.593707171306,24.9979324670225 121.593697790393,24.9979286032133 121.593688369896,24.9979248202182 121.59367891065,24.9979211184041 121.593669413508,24.9979174980745 121.593657782275,24.9979131841743 121.593646097058,24.9979089931711 121.593634359446,24.9979049256182 121.593622570987,24.9979009820692 121.593610733268,24.9978971630413 121.593598847867,24.9978934690611 121.593586916381,24.9978899006094 121.593574940397,24.9978864581676 121.593562921533,24.9978831421987 121.593550861385,24.9978799531385 121.59353876156,24.9978768914232 121.593526623694,24.9978739574614 121.593514449405,24.9978711516348 121.593502240309,24.9978684743344 121.593489998061,24.9978659259055 121.593477724279,24.9978635067028 121.593465420617,24.9978612170356 121.593453088723,24.9978590572135 121.593440730241,24.9978570275367 121.593428346827,24.9978551282606 121.593415940127,24.9978533596492 121.593403511817,24.9978517219308 121.593391063551,24.9978502153424 121.593378596995,24.997848840067 121.593366113823,24.9978475962965 121.593353615692,24.9978464841868 121.593341104295,24.9978455039117 121.593328581278,24.9978446555731 121.593316048345,24.9978439393085 121.59330350715,24.9978433552016 121.593298465788,24.9978431736503 121.593290959389,24.9978429033269 121.593278406726,24.99784258375 121.593265850854,24.9978423965184 121.593253293438,24.9978423416524 121.593240736173,24.9978424191543 121.593228180722,24.9978426290265 121.593215628779,24.9978429712262 121.593203082018,24.9978434457197 121.593190542123,24.9978440524369 121.593178010767,24.997844791299 121.593165489625,24.9978456622 121.593152980369,24.997846665043 121.593140484684,24.9978477996678 121.593128004232,24.9978490659413 121.593115540687,24.9978504636855 121.593103095712,24.997851992722 121.593092910427,24.9978533294589 121.593078268147,24.997855443815 121.593065888872,24.997857365407 121.59305353482,24.997859417362 121.593041207635,24.9978615994118 121.593028908968,24.9978639112518 121.593016640462,24.9978663525866 121.593005475641,24.9978685373634 121.592992200508,24.9978716223783 121.592980032335,24.997874450145 121.592967900855,24.9978774059902 121.592955807701,24.9978804895102 121.592943754495,24.9978837003011 121.59293174285,24.9978870379324 121.592919774368,24.9978905019553 121.592907850643,24.9978940919119 121.592895973286,24.9978978073175 121.592884143881,24.9979016476691 121.592872363999,24.997905612464 121.592860635234,24.9979097011722 121.592848959138,24.9979139132369 121.592837337292,24.9979182481009 121.592825771231,24.9979227051805 121.592814262516,24.9979272838736 121.592802812689,24.9979319835872 121.592791423264,24.9979368036742 121.592776586026,24.9979433197989 121.592768831756,24.9979468023985 121.592765429087,24.9979483754432 121.592757632688,24.9979519796966 121.592746500081,24.9979572746899 121.592735435418,24.9979626866863 121.592724440181,24.9979682149577 121.592713515842,24.9979738587579 121.592702663874,24.9979796173408 121.592691885709,24.9979854899243 121.5926811828,24.9979914757263 121.59267055658,24.9979975739554 121.59266000847,24.9980037837847 121.592649539875,24.9980101043959 121.592639152205,24.9980165349257 121.592628846845,24.9980230745292 121.592618625167,24.9980297223161 121.592608488553,24.9980364774141 121.592598438347,24.9980433389152 121.5925884759,24.9980503058931 121.592578602547,24.9980573774217 121.5925688196,24.9980645525478 121.592559128371,24.9980718303273 121.592549530165,24.9980792097709 121.592540026264,24.9980866898985 121.592521306419,24.9981019481774 121.592512092992,24.9981097242963 121.592141769667,24.9984228836831 121.592037237588,24.9985112795055 121.592037237588,24.9985112795055 121.591532582692,24.9989380297747 121.591219849194,24.9992036871628 121.59118919984,24.9992308661007 121.591156580072,24.9992582514801 121.591094280862,24.9993105639271 121.590845002455,24.9995215110596 121.590405089708,24.9998936433469 121.590119717472,25.0001373690108 121.590047474062,25.0001985770129 121.590030560669,25.0002133552252 121.590013503673,25.0002279957223 121.589996304445,25.000242497361 121.589978964317,25.0002568589804 121.58996148468,25.0002710794466 121.58993567713,25.0002936978075 121.589895740663,25.0003262398756 121.58984767757,25.0003664067657 121.589799408782,25.0004070710001 121.589777055016,25.0004257874028 121.589747256021,25.000450748578 121.589710016932,25.000481959638 121.589665344218,25.0005194269706 121.589635571007,25.0005444137155 121.589598364171,25.0005756567239 121.589553730169,25.0006131623928 121.58951654701,25.0006444288235 121.589471941425,25.0006819625863 121.589434781944,25.0007132524121 121.589397633244,25.0007445528753 121.589381614618,25.0007591766558 121.589357654369,25.0007811737169 121.589325834121,25.0008106173374 121.589294159333,25.00084019093 121.589264669061,25.0008675454471 121.589257410147,25.0008742671361 121.589221131859,25.0009078902179 121.589184880762,25.0009415376494 121.589155899486,25.0009684731317 121.589105224193,25.0010156476729 121.589069060265,25.0010493729416 121.589032923608,25.0010831224965 121.58899681425,25.0011168963104 121.588986108761,25.0011259577431 121.588971751036,25.0011394623293 121.588950215845,25.001159720442 121.588928682347,25.0011799800526 121.588899973633,25.0012069951899 121.588878444069,25.0012272582806 121.588849740606,25.0012542780551 121.588821040134,25.0012813004755 121.588799516752,25.0013015690376 121.588770821542,25.0013285961042 121.588742129323,25.0013556258168 121.588713440106,25.0013826581844 121.588691925164,25.0014029342001 121.58868475389,25.0014096931979 121.588574289836,25.0015147115054 121.588528503894,25.0015630935397 121.588337958807,25.0017710415589 121.58808050832,25.0020549723034 121.588068174617,25.0020674888316 121.588018549975,25.0021232708502 121.587960624763,25.0021869800622 121.587891980596,25.0022624784363 121.587785050939,25.0023798055162 121.587497696868,25.0026965440771 121.587491084545,25.0027038535362 121.587484386992,25.0027110982572 121.587477604958,25.0027182774158 121.587470739223,25.0027253901871 121.587463790556,25.0027324357738 121.587456759774,25.002739413369 121.587449647656,25.0027463221752 121.587442455021,25.0027531614037 121.587435182688,25.0027599302749 121.587427831486,25.002766628027 121.587420402251,25.0027732538805 121.587412895824,25.0027798071006 121.587405313072,25.0027862869256 121.587397654853,25.0027926926118 121.587389922037,25.0027990234515 121.587382115511,25.002805278701 121.587374236163,25.0028114576615 121.587366284891,25.0028175596253 121.587358262595,25.0028235839027 121.587350170191,25.0028295297949 121.587342008608,25.0028353966302 121.587333778774,25.0028411837368 121.587325481617,25.0028468904609 121.587317118085,25.002852516158 121.587308689145,25.002858060174 121.587300195747,25.0028635218824 121.587291638857,25.0028689006653 121.587283019454,25.002874195896 121.587274338516,25.0028794069927 121.58726559703,25.0028845333378 121.587256796004,25.0028895743674 121.587247936436,25.0028945294998 121.587239019324,25.0028993981713 121.587230045696,25.0029041798181 121.587221016569,25.0029088739035 121.587211932981,25.0029134798998 121.58720279595,25.0029179972703 121.587193606533,25.0029224255052 121.587184365779,25.0029267640949 121.587175074726,25.0029310125476 121.58716573443,25.0029351703898 121.587156345979,25.0029392371297 121.587146910422,25.0029432123206 121.587137428846,25.002947095498 121.587118331938,25.0029545840614 121.587108718782,25.0029581885992 121.587099063957,25.002961699427 121.587089368563,25.0029651161252 121.587079633705,25.0029684383281 121.587069860483,25.0029716656433 121.587060050014,25.0029747977053 121.587050203416,25.0029778341665 121.587040321816,25.0029807746613 121.587030406333,25.0029836188784 121.587020458104,25.0029863664793 121.587010478257,25.0029890171435 121.587000467931,25.0029915705956 121.586990428272,25.0029940265152 121.586980112711,25.0029964996019 121.586969770458,25.0029988782693 121.586959402532,25.0030011622606 121.586949009982,25.0030033513639 121.586938593867,25.0030054453495 121.586928155217,25.0030074440146 121.586917695091,25.0030093471474 121.586907214547,25.0030111545632 121.586896714635,25.0030128660772 121.586886196415,25.0030144815137 121.586875660935,25.0030160007242 121.586865109265,25.0030174235418 121.586854542454,25.0030187498271 121.586833367717,25.0030211122781 121.586822761901,25.0030221482097 121.586812145221,25.0030230871317 121.586753118202,25.0030246651669 121.586664913253,25.0030257262958 121.586137179161,25.003036211907 121.586127138941,25.0030363743513 121.586117098547,25.003036527262 121.586107057979,25.0030366706571 121.586097017256,25.0030368045275 121.58608697638,25.0030369288642 121.586076935369,25.0030370436852 121.586066894233,25.0030371489723 121.586056852983,25.0030372447436 121.586046811638,25.0030373309809 121.586036770189,25.0030374076934 121.586026728654,25.0030374748809 121.586016687055,25.0030375325434 121.58600664539,25.0030375806809 121.585996603681,25.0030376192841 121.585986561936,25.0030376483713 121.585976520156,25.0030376679333 121.58596647836,25.0030376779611 121.585956436569,25.0030376784635 121.585946394772,25.0030376694406 121.585936352989,25.0030376508925 121.58592631124,25.0030376228188 121.585916269526,25.0030375852198 121.585906227855,25.0030375380952 121.585896186248,25.0030374814452 121.585886144705,25.0030374152696 121.585876103256,25.0030373395593 121.58586606189,25.0030372543324 121.585856020628,25.0030371595798 121.585845979479,25.0030370553014 121.585835938453,25.0030369414882 121.58582589757,25.0030368181583 121.58581585682,25.0030366853024 121.585805816243,25.0030365429207 121.585795775819,25.003036391013 121.585785735588,25.0030362295792 121.58577569554,25.0030360586195 121.585765655694,25.0030358781426 121.58575561606,25.0030356881397 121.585745576639,25.0030354886106 121.58573553746,25.0030352795553 121.585725498533,25.0030350609737 121.585715459848,25.0030348328748 121.585705421435,25.0030345952496 121.585695383294,25.0030343481071 121.585685345445,25.0030340914381 121.585675307897,25.0030338252426 121.585665270651,25.0030335495296 121.585655233736,25.0030332642991 121.585645197143,25.0030329695421 121.585635160901,25.0030326652674 121.585625125,25.003032351466 121.58561508947,25.0030320281469 121.585605054312,25.0030316953101 121.585595019544,25.0030313529465 121.585584985176,25.003031001074 121.58557495121,25.0030306396746 121.585564917654,25.0030302687574 121.585554884538,25.0030298883222 121.585544851863,25.003029498378 121.585534819628,25.0030290989068 121.585524787864,25.0030286899174 121.585514756569,25.003028271419 121.585504725764,25.0030278434024 121.585494695449,25.0030274058675 121.585484665634,25.0030269588145 121.585474636339,25.0030265022521 121.585464607573,25.0030260361805 121.585454579347,25.0030255605904 121.58544455167,25.0030250754819 121.585434524543,25.003024580864 121.585424497994,25.0030240767366 121.585414472025,25.0030235630997 121.585404446645,25.0030230399442 121.585394421874,25.0030225072881 121.585384397711,25.0030219651133 121.585374374177,25.0030214134378 121.585364351282,25.0030208522436 121.585354329026,25.0030202815486 121.585343789109,25.003019497426 121.585333248995,25.0030187156056 121.585322708675,25.0030179360784 121.585312168147,25.0030171588444 121.585301627423,25.0030163839126 121.585291086482,25.003015611283 121.585280545353,25.0030148409466 121.585270004018,25.0030140729124 121.5852383788,25.0030117825868 121.585175122994,25.0030072639866 121.585100377029,25.0030011390602 121.585018551347,25.0029936877294 121.584872775826,25.0029796264813 121.584726007745,25.0029630682148 121.584564874574,25.0029422598654 121.584400037623,25.0029175386795 121.584365854496,25.0029123464103 121.584238175444,25.0028912889092 121.583910699296,25.002703408677 121.583479001049,25.0026067815687 121.580894339281,25.0008786376699 121.580765645237,25.0007926424874 121.580634393896,25.0007188463009 121.580491959412,25.0006648671125 121.580341944254,25.0006322257736 121.580188110485,25.0006216298994 121.579397141953,25.0006246224688 121.579136925693,25.0006157038769 121.57887841447,25.0005870047047 121.578623488608,25.0005386982431 121.578373865863,25.0004711389711 121.578131346113,25.0003847713769 121.578101487059,25.0003901918958 121.578000612024,25.0003846253441 121.577890115035,25.0003297756746 121.577755127757,25.0002492187718 121.577637527574,25.0001815675884 121.57691437303,24.9997625545816 121.576839599017,24.9997181013476 121.576783869804,24.9996873240114 121.576738465299,24.9996612373435 121.576720880664,24.9996526295253 121.57667407457,24.9996292719281 121.576655464123,24.9996199847691 121.576601423449,24.9995943829395 121.576522185662,24.999557124173 121.576503737731,24.9995482036911 121.576382166152,24.9994911207147 121.576264874207,24.9994361426595 121.576167777289,24.9993844627995 121.576125387366,24.9993589691463 121.576091906117,24.9993383071211 121.576056464973,24.9993137344873 121.576027375866,24.9992938318549 121.576007630118,24.9992785063928 121.575973709571,24.9992528535084 121.575966839184,24.9992474903399 121.575942802115,24.9992275229899 121.575914839832,24.9992028220573 121.575896356776,24.9991863451242 121.575875777452,24.9991664546581 121.575839679141,24.9991305181512 121.575825411375,24.9991151172909 121.575795427177,24.9990838156001 121.575768329239,24.9990511304626 121.575728773987,24.9990025138139 121.575701712112,24.9989669305073 121.575098246052,24.9981659180924 121.575023794136,24.9980676566966 121.575016820594,24.9980584735494 121.574978354794,24.9980075412839 121.574977497776,24.9980064521972 121.574963755438,24.9979889547008 121.57494339321,24.9979645492131 121.574919833075,24.9979362830298 121.574826140371,24.9978344831978 121.574818076491,24.9978259466968 121.574816604037,24.9978267197738 121.574755188996,24.9977701884188 121.574507986468,24.9975531148374 121.574382952494,24.9974431750348 121.574129745262,24.9972212397819 121.573918396594,24.9970363112672 121.573811324577,24.9969478697845 121.573637332527,24.9968160805728 121.573551770288,24.9967517241643 121.573505593421,24.9967167919204 121.573262249866,24.9965341254262 121.572937448068,24.9962895506078 121.572756503536,24.9961534536163 121.572699697125,24.9961107358689 121.572574744385,24.9960167727056 121.572524982652,24.9959798406772 121.572516361191,24.9959730550506 121.572507811936,24.9959661939777 121.57249933567,24.9959592580875 121.57249093319,24.995952248027 121.572482605271,24.9959451644521 121.572474352699,24.995938008019 121.572466176221,24.9959307793929 121.572458076621,24.9959234792478 121.572450054626,24.9959161082582 121.572442111002,24.9959086671161 121.572434246486,24.9959011565051 121.572426461803,24.9958935771353 121.572419068946,24.9958862743772 121.57241177043,24.9958788932349 121.57240456725,24.9958714347067 121.572397460393,24.9958638998271 121.572390450843,24.9958562896125 121.572383539546,24.9958486051246 121.572376727449,24.995840847407 121.572370015507,24.9958330175304 121.572363404617,24.9958251165657 121.572356895705,24.9958171455837 121.572350489648,24.9958091056915 121.572344187333,24.9958009979961 121.572337989626,24.9957928235957 121.572331897366,24.9957845836155 121.57232591387,24.9957763721969 121.572320031099,24.9957681005433 121.572314249783,24.9957597696992 121.572308570627,24.995751380682 121.572302994352,24.9957429345453 121.572297521645,24.9957344323337 121.572292153174,24.995725875092 121.572286889619,24.9957172638917 121.572281731627,24.9957085998049 121.572276679839,24.9956998838944 121.572271734883,24.9956911172502 121.572262167894,24.9956734361028 121.572177973084,24.9954890270126 121.572137593674,24.9954009236241 121.572129930767,24.9953847747422 121.572125949303,24.9953763939227 121.572063261592,24.9952391460816 121.571960196013,24.9951193495229 121.571861669785,24.9949796235657 121.571852016898,24.9949147299832 121.571829559938,24.9947756391396 121.571817986565,24.9947064832491 121.5718121908,24.9946698543167 121.571807719291,24.9946423992431 121.571801591132,24.9946058152743 121.571795273231,24.9945692581254 121.57178876573,24.9945327286175 121.571783760755,24.9945053501105 121.571778649278,24.9944779879562 121.571775182488,24.9944597557722 121.571771668403,24.9944415311096 121.571766308649,24.9944142084406 121.571760842617,24.9943869032608 121.571753389354,24.9943505241725 121.571749591951,24.9943323467675 121.571735929937,24.9942687913742 121.571719753847,24.9941875464763 121.571711686357,24.9941460121093 121.571707404323,24.9941240361143 121.571697783614,24.9940750293604 121.571570394763,24.9934261216559 121.571465361624,24.9928949415327 121.571260549048,24.9918627416883 121.571243153302,24.991774658085 121.57122840631,24.9917007417637 121.571131442051,24.9915691505495 121.571082932896,24.9913744129004 121.571125238862,24.9911870386716 121.571077890249,24.9909550532049 121.571064829059,24.9908895863861 121.57105911966,24.9908609260131 121.57106123076,24.9908477705369 121.571064791284,24.9908213792098 121.571065798154,24.9908090219118 121.571066655472,24.9907966552477 121.571067921014,24.9907718998361 121.571068329094,24.9907595140953 121.571068501276,24.9907467336123 121.571068388841,24.9907339525784 121.571067991834,24.9907211762569 121.571067310418,24.9907084099106 121.571066411251,24.9906936172024 121.571064978867,24.990678859439 121.571063014837,24.990664152576 121.571061475278,24.990653662384 121.571059771331,24.9906431933348 121.571057903353,24.9906327475395 121.57105587171,24.9906223271634 121.571053676837,24.9906119343174 121.571051319162,24.9906015711306 121.571048799189,24.9905912397135 121.571046117412,24.9905809421948 121.571043451648,24.9905712544179 121.571040626278,24.9905616042868 121.571037641935,24.9905519939837 121.571031199099,24.9905329015632 121.571027742051,24.9905234237557 121.571024128964,24.990513994432 121.57102036063,24.9905046157105 121.571012361717,24.9904860185566 121.571008132951,24.9904768043332 121.571003758112,24.9904672937269 121.57099920633,24.9904578523498 121.570994478924,24.9904484829414 121.570984502741,24.9904299708342 121.57097925686,24.990420833505 121.570968257113,24.9904028095284 121.570964286599,24.9903817351126 121.570952551111,24.9903223120201 121.570878759474,24.9899419431708 121.570866768762,24.9898808598749 121.570851112994,24.9897983398602 121.570849385831,24.989788780595 121.570840986082,24.9897409494711 121.570834549825,24.9897026440688 121.570823893574,24.9896355274103 121.570815375468,24.9895779203471 121.570777481915,24.9892852752147 121.570774420508,24.9892551240564 121.570772600983,24.9892357644128 121.570769973741,24.9892067171527 121.570764319917,24.9891389059855 121.570760004898,24.9890807473181 121.570758597924,24.9890618795857 121.570755948743,24.989024134244 121.570752946351,24.9889769354192 121.570750791763,24.9889391639485 121.57074797226,24.9888824885214 121.570746000788,24.9888352446004 121.570743561641,24.9887596325608 121.570742672233,24.9887218187606 121.570742149644,24.9886934558813 121.570809038352,24.9886046065144 121.57088668694,24.9885034195586 121.571044459703,24.9882988060845 121.571112982505,24.988209977396 121.571137195316,24.9881785749959 121.571518444356,24.9876840773551 121.57159813365,24.9875810314325 121.571605676007,24.9875712340504 121.571658006793,24.9875026270697 121.571664974016,24.9874929630002 121.571671532837,24.987483064369 121.571683387909,24.9874626210567 121.571693503385,24.9874414154483 121.571697890078,24.9874305649852 121.571703713381,24.9874153212256 121.571707025952,24.9874052366623 121.571710015144,24.9873950685042 121.571715013524,24.9873745159467 121.571717018473,24.9873641489609 121.571718691577,24.98735373318 121.571720031413,24.9873432774391 121.571721255774,24.9873319337038 121.571721972171,24.9873205539297 121.571722179422,24.9873091570082 121.571721877171,24.9872977618455 121.57172106593,24.9872863873624 121.571720312038,24.9872758129917 121.571719203579,24.9872652645938 121.571717741609,24.9872547520414 121.57171592747,24.9872442851608 121.571713762883,24.987233873759 121.571711249865,24.9872235275878 121.571708390776,24.9872132563159 121.571701645376,24.9871929768792 121.571697765383,24.9871829876851 121.571690704954,24.9871663308665 121.571685796893,24.9871560514947 121.571680487905,24.9871459389947 121.571674784837,24.9871360063314 121.571668694988,24.9871262662697 121.571662226191,24.9871167313015 121.571655386746,24.9871074136909 121.571646200852,24.9870939876355 121.57163786638,24.9870801077703 121.571632580981,24.9870715944979 121.571627357849,24.9870630493607 121.571622197216,24.987054472746 121.571612064359,24.98703722657 121.571607092576,24.9870285577746 121.571597339418,24.9870111307055 121.571587841553,24.9869935868877 121.571578600678,24.9869759294294 121.571574077124,24.986967059065 121.571565575406,24.9869512298657 121.571557763603,24.9869351080514 121.571552336735,24.9869241351418 121.571547221161,24.9869130387055 121.571541835451,24.9869016283339 121.571536518085,24.9868901913736 121.571531269214,24.9868787281491 121.571526088988,24.9868672390209 121.571521543484,24.9868585858379 121.571517874992,24.9868495935312 121.571514169072,24.9868405337026 121.571510525262,24.9868314529609 121.571503424595,24.9868132301807 121.571496574083,24.9867949280302 121.571489974799,24.9867765493494 121.571483627777,24.9867580970142 121.571477534,24.9867395739008 121.571471694423,24.9867209828856 121.571466109941,24.9867023268812 121.571457304323,24.9866717758302 121.571451611986,24.9866504800503 121.571446338457,24.9866290948907 121.571443773475,24.9866186297601 121.57144129753,24.9866081468363 121.571438910775,24.9865976467325 121.571436613341,24.9865871300982 121.571434405389,24.9865765975559 121.571432287032,24.9865660497369 121.5714302584,24.9865554872729 121.571427739498,24.9865419999231 121.5714255259,24.9865409882466 121.571426000706,24.986532274299 121.571423763404,24.9865203611283 121.571421750466,24.9865084147573 121.571419962493,24.9864964386867 121.571418400007,24.9864844364535 121.571414030079,24.9864583710277 121.571411809592,24.9864451533748 121.571399013438,24.9863683733043 121.571374814489,24.9862248019236 121.571367062064,24.986178418181 121.571362191112,24.986148960107 121.571354283026,24.9861010421822 121.571351133802,24.9860819056539 121.571337688354,24.9860017876658 121.571325640915,24.9859305299115 121.571311616861,24.9858452320056 121.571287855246,24.9856976504385 121.571277531926,24.9856307917756 121.571257807546,24.9855123013264 121.571229301558,24.985341174586 121.57121451048,24.9852506252464 121.571180283348,24.9850353459041 121.571158224901,24.9848940052118 121.571116460302,24.9846809305432 121.571093264701,24.9845893029754 121.57105313715,24.984455818455 121.571006298952,24.9843241624453 121.570956616507,24.9842031803771 121.570907968099,24.9840979765902 121.570872215232,24.9840273837323 121.570842346365,24.9839721559548 121.570804696385,24.983905636779 121.570798719376,24.9838956081094 121.570792700229,24.9838856003929 121.570786639023,24.9838756137916 121.570780535859,24.9838656484407 121.570774390816,24.9838557044932 121.570768203985,24.9838457820933 121.570761975464,24.9838358813941 121.570755705334,24.9838260025216 121.570749393694,24.9838161456471 121.570743040635,24.9838063108874 121.570736646256,24.9837964984138 121.570730210646,24.9837867083523 121.570723733897,24.983776940856 121.570717216106,24.98376719606 121.570710657375,24.9837574741174 121.570704057793,24.9837477751722 121.570697417459,24.9837380993504 121.570690736474,24.9837284468143 121.570684014927,24.9837188176897 121.570677252928,24.9837092121299 121.570670450567,24.9836996302698 121.570663607952,24.9836900722534 121.570656725185,24.9836805382159 121.570649802354,24.9836710283013 121.57064283958,24.9836615426535 121.570635836941,24.9836520814078 121.570628794559,24.983642644699 121.570621712541,24.9836332326712 121.570614590969,24.9836238454685 121.570607429971,24.9836144832169 121.570600229637,24.9836051460603 121.570592990078,24.9835958341339 121.570585711402,24.9835865475725 121.570578393709,24.9835772865203 121.570571037119,24.9835680511123 121.570563641731,24.9835588414743 121.570556207655,24.9835496577506 121.570548735,24.9835405000759 121.570541223877,24.9835313685764 121.570533674405,24.983522263396 121.570526086672,24.9835131846698 121.57051846082,24.9835041325236 121.570510796937,24.9834951070925 121.570503095143,24.9834861085114 121.570495355547,24.9834771369064 121.570487578279,24.9834681924213 121.570479763439,24.9834592751732 121.570471911145,24.9834503853061 121.570456094648,24.9834326882274 121.570448130682,24.9834238812678 121.570440129732,24.9834151022019 121.570432091916,24.9834063511646 121.570424017334,24.9833976282821 121.570415906126,24.9833889336801 121.5704077584,24.9833802674936 121.570399574277,24.9833716298306 121.570391353885,24.9833630208439 121.570383097335,24.9833544406415 121.570374804755,24.9833458893584 121.570366476255,24.9833373671204 121.570358111975,24.9833288740445 121.570349712034,24.9833204102655 121.57034127654,24.9833119759004 121.570332805635,24.9833035710841 121.570315758064,24.9832868505564 121.570307181648,24.9832785350969 121.570298570327,24.9832702496717 121.5702899242,24.9832619943979 121.570281243417,24.9832537694012 121.570281243417,24.9832537694012 121.570272528107,24.9832455747984 121.57026377838,24.9832374107157 121.570254994375,24.9832292772697 121.570246176221,24.9832211745774 121.570237324057,24.9832131027646 121.570228437993,24.9832050619483 121.570219518168,24.9831970522452 121.570210564722,24.9831890737722 121.570201577773,24.9831811266463 121.570192557471,24.9831732109751 121.570183503926,24.9831653268936 121.570174417286,24.9831574745097 121.57016529768,24.9831496539402 121.570156145249,24.9831418652928 121.570146960111,24.9831341086936 121.570137742425,24.9831263842412 121.570128492301,24.9831186920616 121.570119209898,24.9831110322714 121.570109895335,24.9831034049697 121.570100548762,24.9830958102731 121.570091170297,24.9830882482986 121.570072318299,24.9830732229468 121.570062845035,24.9830657597941 121.570053340447,24.9830583298037 121.570043804672,24.9830509330743 121.570034237851,24.9830435697318 121.570024640133,24.9830362398749 121.569958735567,24.9829878217084 121.569950553578,24.9829820196696 121.569942351688,24.9829762410081 121.569934129999,24.9829704857958 121.569925888568,24.9829647540684 121.569917627485,24.982959045898 121.569909346821,24.9829533613384 121.569901046684,24.9829477004343 121.569892727124,24.9829420632487 121.56988438825,24.9829364498445 121.569876030122,24.9829308602664 121.569867652829,24.9829252945684 121.569859256461,24.9829197528132 121.569850841088,24.9829142350549 121.569842406798,24.9829087413381 121.569833953681,24.9829032717257 121.569825481807,24.9828978262627 121.569816991265,24.9828924050118 121.569808482145,24.9828870080178 121.569799954515,24.9828816353437 121.569791408476,24.9828762870343 121.569782844097,24.9828709631433 121.569774261477,24.9828656637157 121.569765660686,24.9828603888233 121.569756783949,24.9828549810457 121.569747888126,24.9828495993957 121.569738973299,24.9828442439272 121.569730039575,24.982838914694 121.569712115765,24.9828283351577 121.569694117464,24.9828178612354 121.569676045405,24.9828074933485 121.569657900342,24.9827972319275 121.569639683042,24.9827870774207 121.569621394238,24.9827770302317 121.569593828671,24.9827621615889 121.56942486921,24.982672490842 121.569381302405,24.9826501413977 121.569338264707,24.9826265350084 121.569160984831,24.9825324629781 121.569017772916,24.9824564521432 121.568982295184,24.9824376287313 121.568947435891,24.9824197418708 121.568912948303,24.982400833404 121.568649323139,24.9822609209864 121.568519585917,24.9821920445591 121.568344958327,24.9820993607611 121.568259774469,24.9820541481941 121.568186773908,24.9820153893126 121.568026921649,24.9819305483298 121.567992091478,24.9819124715388 121.567957535545,24.9818937165841 121.567916100534,24.9818717287192 121.567907143843,24.9818670018716 121.567898159883,24.9818623182186 121.567889148904,24.9818576778949 121.567880111144,24.9818530810348 121.567871046871,24.9818485277547 121.567861956323,24.9818440181892 121.567852839768,24.9818395524635 121.567843697454,24.9818351307032 121.567834529639,24.9818307530245 121.567825336572,24.981826419562 121.567816118521,24.981822130423 121.567806875733,24.981817885742 121.567797608467,24.9818136856172 121.567788316991,24.9818095301922 121.567779001552,24.9818054195561 121.56776966242,24.9818013538435 121.567760299851,24.9817973331617 121.567750914104,24.981793357618 121.567741505438,24.9817894273288 121.567732074129,24.9817855424103 121.567722620436,24.981781702952 121.567713144616,24.9817779090792 121.567703646939,24.9817741608811 121.567694127661,24.9817704584832 121.567684402291,24.9817667307885 121.567674655043,24.981763050854 121.567664886214,24.9817594187961 121.567645284905,24.98175229873 121.567635453001,24.9817488109182 121.567625600637,24.9817453713939 121.56761572811,24.9817419802552 121.5676058357,24.9817386376006 121.567595923693,24.981735343528 121.567585992377,24.9817320981268 121.56757604204,24.9817289015042 121.567566072969,24.9817257537402 121.567556085453,24.9817226549332 121.567546079778,24.9817196051633 121.567536056242,24.9817166045286 121.567526015134,24.9817136531183 121.56751595674,24.9817107510036 121.567505881358,24.9817078982826 121.56749494137,24.9817048620296 121.567483982117,24.9817018840264 121.567473003986,24.9816989643799 121.567462007344,24.981696103188 121.567450992568,24.9816933005396 121.567439960033,24.9816905565415 121.567428910108,24.9816878712826 121.567417843189,24.9816852448607 121.567406759632,24.9816826773467 121.567395659816,24.9816801688474 121.567384544135,24.9816777194426 121.567374097882,24.9816755359453 121.567371846226,24.9816750715455 121.567363638588,24.9816734049774 121.567353166561,24.98167132661 121.567342682116,24.981669300896 121.567333638962,24.9816675970471 121.567321677255,24.9816654077124 121.567311157483,24.9816635403486 121.56730807865,24.9816630061805 121.567300626574,24.9816617258771 121.567290084853,24.9816599643599 121.567279532629,24.981658255859 121.567268970238,24.9816566004001 121.567258397989,24.9816549980634 121.567247282714,24.9816533702868 121.567235084926,24.9816516547647 121.567222875409,24.9816500099674 121.567210654667,24.9816484359473 121.567199856594,24.9816471039834 121.567189050485,24.9816458273737 121.567184143375,24.9816452725801 121.567173503887,24.98164409672 121.567167415486,24.9816434404192 121.56715658728,24.981642330135 121.567145752404,24.9816412753714 121.567130879667,24.9816399284949 121.567119778061,24.9816389823157 121.567108670632,24.9816380947593 121.567091489816,24.9816368353531 121.567075317115,24.9816357840753 121.567064190111,24.9816351312671 121.567053059147,24.9816345372011 121.56704192459,24.981634001903 121.567037111744,24.9816337874395 121.567026226053,24.9816333451477 121.567015337794,24.9816329586406 121.567004447336,24.9816326279529 121.566988733584,24.9816316947204 121.56697859451,24.9816314684948 121.566958313231,24.9816311565941 121.566917745476,24.9816310951206 121.566877184684,24.9816317833768 121.566836647554,24.9816332210913 121.566806270253,24.9816347908628 121.566775922644,24.9816367815143 121.56673551751,24.9816400896048 121.566705266498,24.9816430603459 121.566675068554,24.9816464500633 121.566644930648,24.9816502579543 121.566604852231,24.9816559841119 121.566584862853,24.9816591246749 121.566554946851,24.9816641814474 121.56651519666,24.9816715677222 121.566475618951,24.9816796870903 121.566446058654,24.9816862557174 121.566416611371,24.9816932333248 121.566397045995,24.9816981114801 121.566367802182,24.9817057670828 121.56633868948,24.9817138271462 121.566319357178,24.9817194243067 121.566309714625,24.981722289812 121.56627130749,24.9817341962386 121.566261747707,24.9817372835628 121.566148935905,24.981775648871 121.566036352134,24.9818140764241 121.566025859061,24.981817627175 121.566015337655,24.9818211075503 121.566004788467,24.9818245173675 121.565994212073,24.9818278564527 121.565983609056,24.9818311246052 121.565972979969,24.9818343216514 121.565962325396,24.9818374474354 121.565951645911,24.9818405017745 121.565940942098,24.9818434845041 121.565930214521,24.9818463954775 121.565919463763,24.981849234512 121.565908690417,24.9818520014788 121.565898565849,24.9818545981002 121.565888422636,24.9818571335542 121.565878261224,24.9818596077215 121.565868082058,24.9818620204922 121.565857885583,24.9818643717653 121.565847672245,24.9818666614397 121.565837442499,24.9818688894145 121.565827196789,24.9818710555795 121.565816935552,24.9818731598609 121.565806659263,24.9818752021486 121.565796368356,24.9818771823596 121.565786063278,24.9818791004111 121.565775744503,24.9818809562108 121.565765412457,24.981882749685 121.565755067615,24.9818844807505 121.565744710412,24.9818861493336 121.565734341314,24.9818877553602 121.565723960786,24.9818892987563 121.565713569253,24.9818907794571 121.565703167202,24.9818921973976 121.565692755076,24.9818935525219 121.565682333322,24.9818948447651 121.565671902414,24.9818960740622 121.565657632986,24.9818987579318 121.56564325197,24.9819008902901 121.565628784991,24.981902467329 121.565614947893,24.9819034477781 121.565601078671,24.9819039190086 121.565587199886,24.9819038802667 121.565576996844,24.9819045421948 121.565546363151,24.9819061770369 121.565525924249,24.9819069742568 121.565495249315,24.981907730782 121.565464564193,24.9819079598987 121.565433879778,24.9819076615295 121.565392987198,24.9819064433714 121.565362346893,24.9819049149462 121.565331743664,24.9819028601066 121.565291015831,24.9818993027678 121.565250399014,24.9818948131678 121.565220024704,24.9818908358547 121.565179663905,24.9818847219891 121.565149510976,24.981879530622 121.565129471008,24.981875782149 121.565099511973,24.9818697296015 121.565069683499,24.9818631631592 121.565039996196,24.9818560851744 121.565010460625,24.9818484981438 121.564981087277,24.9818404047903 121.564942193238,24.9818288310073 121.564913238968,24.9818195676935 121.564884481509,24.9818098083444 121.564855931099,24.981799556415 121.564827597888,24.9817888155505 121.564790175534,24.9817737404812 121.564744001801,24.9817536984646 121.564707574631,24.9817367186822 121.564698541941,24.9817323436996 121.564487380733,24.9816294296416 121.56445113168,24.9816128560621 121.564415408766,24.9815943665168 121.564322788223,24.9815492159814 121.564198758333,24.9814887824761 121.564088011061,24.9814348168303 121.563968269826,24.9813764523715 121.563861533306,24.9813244394873 121.563714363739,24.9812527268231 121.56364361314,24.9812182364914 121.56340237458,24.981100664749 121.563223766321,24.9810135963862 121.56318704604,24.9809956971417 121.563133976637,24.9809699962488 121.562845655121,24.9808294987442 121.562766089807,24.9807907168475 121.562699360275,24.9807582060695 121.562657875176,24.9807379864208 121.562611942776,24.9807155987644 121.562533856715,24.9806775333995 121.56243499346,24.9806293447239 121.56239839255,24.9806115080266 121.562339972036,24.9805830283449 121.562244345132,24.9805364162629 121.562016371632,24.9804253013972 121.561943368527,24.980389708286 121.56192958986,24.9803829892107 121.561916991192,24.9803769035345 121.561904340411,24.9803709083532 121.56189163829,24.9803650040432 121.561878885624,24.9803591909625 121.561866083196,24.9803534694782 121.561853231791,24.9803478399396 121.561840332223,24.9803423026956 121.561827385265,24.9803368580864 121.561814391741,24.9803315064519 121.561801352446,24.9803262481231 121.561788268182,24.9803210834221 121.561775139755,24.9803160126707 121.561761967986,24.9803110361819 121.56174875369,24.9803061542686 121.56173549768,24.9803013672165 121.56172220078,24.9802966753475 121.561708863803,24.9802920789296 121.561695487583,24.9802875782573 121.561682072952,24.9802831735984 121.561668620725,24.9802788652387 121.561655131744,24.9802746534459 121.561641606832,24.9802705384696 121.561628046843,24.9802665205684 121.561614452599,24.9802625999921 121.561600824955,24.980258776981 121.561587164751,24.9802550517669 121.561573472823,24.9802514245902 121.561559750022,24.9802478956735 121.561545997201,24.9802444652301 121.561532215203,24.9802411334827 121.561518404881,24.9802379006176 121.561504567107,24.9802347668572 121.561490702714,24.9802317323789 121.561476812565,24.9802287973781 121.561462897523,24.980225962032 121.561448958449,24.980223226518 121.561434996207,24.9802205910043 121.561421011658,24.9802180556593 121.561407005665,24.9802156206331 121.561392979091,24.9802132860759 121.561364867696,24.9802089189605 121.561350784601,24.9802068866665 121.561336684413,24.9802049553792 121.561322567995,24.9802031252306 121.561308436228,24.9802013963167 121.561294289975,24.9801997687607 121.561280130118,24.9801982426586 121.561265957538,24.9801968181064 121.561251773099,24.9801954951819 121.56123757769,24.9801942739722 121.561223372176,24.9801931545644 121.561209157447,24.9801921370091 121.561194934375,24.9801912213843 121.56116646673,24.9801896961208 121.56115222392,24.9801890865838 121.561137976294,24.9801885791536 121.561123724725,24.9801881738721 121.561109470102,24.980187870763 121.561095213309,24.980187669841 121.561080955217,24.980187571112 121.561066696716,24.9801875745995 121.561052438689,24.9801876802914 121.561038182017,24.9801878881751 121.561023927572,24.9801881982565 121.561009676245,24.9801886105051 121.560995428917,24.9801891248906 121.560981186469,24.9801897413914 121.560966949774,24.9801904599593 121.560952719722,24.9801912805548 121.560938497195,24.9801922031383 121.56091007821,24.9801943539857 121.560895883525,24.9801955821256 121.560881699859,24.9801969119786 121.560867528113,24.9801983434601 121.56085336916,24.9801998764855 121.56083922387,24.9802015109523 121.560825093113,24.9802032467579 121.560810977773,24.9802050838087 121.560796878728,24.980207021984 121.560782796831,24.9802090611633 121.560768732962,24.9802112012167 121.560754688003,24.9802134420148 121.560740662804,24.9802157834277 121.560726658246,24.9802182252898 121.560712675181,24.9802207674714 121.560698714489,24.9802234098067 121.560684777021,24.9802261521299 121.560670863659,24.9802289942754 121.560656975232,24.9802319360594 121.560643112623,24.980234977316 121.560629276692,24.9802381178435 121.560601688236,24.9802446959398 121.560587937433,24.980248133096 121.560574216711,24.9802516687248 121.560560526912,24.9802553025883 121.559501240675,24.9805382753323 121.559491234508,24.9805409182817 121.559481210411,24.9805435041588 121.559471168771,24.9805460328538 121.559461109974,24.980548504266 121.55944094251,24.9805532748836 121.559420711175,24.9805578152596 121.559400419116,24.9805621246777 121.559380069529,24.9805662024761 121.559359665581,24.9805700480106 121.559349444224,24.9805718834891 121.559328964733,24.9805753795085 121.559298159572,24.9805801851967 121.559277570189,24.9805830960216 121.559256942481,24.9805857719494 121.559236279674,24.9805882125527 121.557977550391,24.9802545622223 121.557969642442,24.9802486169241 121.557961774815,24.9802426273358 121.557953947819,24.980236593691 121.557946161752,24.9802305162142 121.557938416891,24.9802243951392 121.557930713555,24.9802182306995 121.557923052023,24.9802120231288 121.557915432582,24.9802057726608 121.557907855531,24.980199479529 121.557900321148,24.9801931439853 121.557892829722,24.9801867662542 121.55788538155,24.9801803465874 121.557877976892,24.9801738852188 121.557870616046,24.9801673823999 121.55786329928,24.9801608383826 121.557856026883,24.9801542534095 121.557848799123,24.9801476277325 121.557841616278,24.9801409616032 121.557834478618,24.9801342552735 121.55782738642,24.9801275089952 121.557820339944,24.98012072302 121.557813339458,24.9801138976178 121.557806385231,24.9801070330494 121.55779947753,24.9801001295575 121.557792616606,24.9800931874121 121.557792616606,24.9800931874121 121.557785802736,24.9800862068831 121.55777903616,24.9800791882312 121.557772317156,24.9800721317264 121.557765645962,24.9800650376295 121.557759022839,24.9800579062105 121.557752448023,24.9800507377392 121.557745921786,24.9800435324946 121.557739444374,24.9800362907466 121.557733016007,24.9800290127652 121.557726636955,24.9800216988292 121.557720307455,24.9800143492268 121.557714027737,24.9800069642188 121.557707798051,24.9799995440932 121.557701618624,24.9799920891381 121.557695489696,24.9799845996325 121.557689411496,24.9799770758553 121.557683384263,24.9799695180946 121.557428685196,24.979648095672 121.557423624799,24.9796417317344 121.557416984867,24.9796333097276 121.55741038355,24.9796248625409 121.557403820968,24.9796163903093 121.557397297231,24.9796078931948 121.557390812459,24.9795993713414 121.55738436676,24.9795908248933 121.557377960246,24.9795822540034 121.557371593024,24.9795736588249 121.557365265215,24.9795650394927 121.557358976929,24.9795563961689 121.557350055695,24.9795439972238 121.557341224239,24.979531545001 121.557335787139,24.9795238055273 121.557330381652,24.979516047671 121.557325007849,24.9795082715585 121.557319665799,24.9795004772796 121.557314355583,24.9794926649604 121.557309077269,24.9794848346911 121.557303830937,24.9794769865976 121.557298616658,24.9794691207701 121.557293434502,24.9794612373255 121.557288284537,24.9794533363721 121.557283166834,24.9794454180268 121.557278081473,24.9794374823888 121.557273028513,24.9794295295751 121.557268008034,24.9794215596849 121.557263020107,24.9794135728441 121.55725806478,24.9794055691429 121.557253142144,24.9793975487165 121.557248252259,24.9793895116548 121.557243395194,24.9793814580749 121.55723857102,24.9793733880941 121.557233779786,24.9793653018203 121.557229021582,24.9793571993708 121.557224296457,24.9793490808445 121.557219604483,24.9793409463586 121.557214945728,24.9793327960302 121.557210320243,24.9793246299765 121.557205728108,24.9793164482965 121.557201169381,24.9793082511074 121.557196644125,24.9793000385352 121.557192152397,24.9792918106792 121.557187694258,24.9792835676564 121.557183269789,24.9792753095839 121.557178879028,24.9792670365699 121.557174522046,24.9792587487316 121.557170198904,24.979250446195 121.55716590965,24.9792421290594 121.557161654364,24.9792337974417 121.557157433088,24.9792254514682 121.557153245889,24.9792170912381 121.55714909283,24.9792087168774 121.557144973949,24.9792003285033 121.557140889317,24.979191926224 121.557136838993,24.9791835101657 121.557132823028,24.9791750804364 121.557128841471,24.9791666371534 121.557124894383,24.9791581804337 121.557120981823,24.9791497104037 121.557117103842,24.9791412271623 121.557113260489,24.9791327308449 121.557109451825,24.9791242215595 121.5571056779,24.9791156994233 121.557101938763,24.9791071645626 121.557098234465,24.9790986170855 121.557094565065,24.9790900571092 121.557090930604,24.9790814847598 121.557087331132,24.9790729001546 121.557083766709,24.9790643034107 121.557080237374,24.9790556946363 121.557076743189,24.9790470739756 121.557073284182,24.9790384415188 121.557069860425,24.9790297974101 121.557066471947,24.9790211417487 121.557063118798,24.9790124746698 121.557059801028,24.9790037962906 121.557056518688,24.9789951067193 121.557053271808,24.9789864060912 121.557050060447,24.9789776945143 121.557046884646,24.978968972115 121.557043744445,24.9789602390104 121.557040639884,24.9789514953358 121.557037571023,24.9789427411904 121.557034537882,24.9789339767094 121.557031540522,24.978925202001 121.557028578973,24.9789164172095 121.557025653284,24.978907622434 121.557022763486,24.9788988178009 121.557026417367,24.9789007903166 121.557023554591,24.978891935404 121.557020274715,24.9788812538464 121.557013722631,24.9788598887702 121.557007180789,24.9788385210913 121.556997387224,24.9788064646885 121.556996483074,24.9788036422664 121.556973385007,24.97871569538 121.556971249719,24.9787065648145 121.556969148751,24.9786974276293 121.556967082124,24.9786882839417 121.556965049869,24.9786791338599 121.556963052004,24.9786699774922 121.556961088562,24.9786608149288 121.556959159551,24.978651646296 121.556957265012,24.978642471702 121.556955404946,24.978633291237 121.556953579393,24.9786241050275 121.556951788372,24.9786149131634 121.556950031895,24.9786057157712 121.556948309981,24.9785965129502 121.556946622671,24.9785873047995 121.556944969956,24.9785780914454 121.556943351874,24.9785688729783 121.556941768438,24.9785596495153 121.556940219676,24.9785504211647 121.55693870559,24.9785411880349 121.556937226209,24.978531950225 121.556935781544,24.9785227078613 121.556932996444,24.97850420987 121.556930350421,24.9784856949179 121.556929079601,24.9784764313557 121.556926642426,24.9784578926094 121.556924344615,24.978439339068 121.556922186291,24.9784207716251 121.556919210543,24.9783928962834 121.556916549175,24.9783649945497 121.556914582326,24.9783448570117 121.556906354924,24.9782696422521 121.556901924703,24.9782286607847 121.556897141764,24.978187712271 121.556890064281,24.9781303882752 121.556886769974,24.978100481367 121.55688382637,24.9780736697962 121.556867245224,24.9779239821829 121.556863245584,24.9778870088835 121.55685601779,24.9778216180681 121.556855221041,24.9778096497439 121.556831552064,24.9775970354592 121.556830376859,24.9775872014015 121.556828997647,24.9775773893862 121.556827414937,24.9775676029234 121.55682562928,24.9775578455228 121.556823641317,24.9775481206761 121.556821451767,24.9775384318653 121.556819061416,24.9775287825634 121.556816471124,24.977519176243 121.556813681807,24.9775096163222 121.55681069447,24.977500106237 121.55680751018,24.9774906493961 121.55680413008,24.9774812491897 121.556800555385,24.9774719089808 121.556796787376,24.9774626321231 121.556792827407,24.9774534219337 121.556788676879,24.9774442817119 121.556779810207,24.9774262242566 121.556775097232,24.9774173134935 121.556765120455,24.9773997438446 121.556754421259,24.9773825309802 121.556748805504,24.9773740660706 121.556743014988,24.977365699562 121.556737051755,24.9773574344531 121.556730917977,24.977349273706 121.556724615816,24.9773412202557 121.556718147563,24.9773332769648 121.556711515511,24.9773254466953 121.556704722048,24.9773177322553 121.556690660675,24.9773026618502 121.556683397812,24.9772953112921 121.5566759836,24.9772880873504 121.556660711846,24.9772740296403 121.556644867304,24.9772605088701 121.556628472673,24.9772475444104 121.556620076387,24.9772412766333 121.556611551452,24.9772351548341 121.556602900929,24.9772291812224 121.556594127898,24.9772233579172 121.556585235518,24.9772176870102 121.556576226977,24.9772121705479 121.556567105495,24.9772068104865 121.556557874337,24.9772016087546 121.556539096271,24.9771916876873 121.556519919707,24.9771824215637 121.55651019055,24.9771780382853 121.556500372119,24.9771738236426 121.556490467917,24.9771697791571 121.556480481515,24.977165906269 121.556470416466,24.9771622063644 121.5564602764,24.9771586807749 121.55645006493,24.9771553307599 121.556439785735,24.9771521575154 121.556429442484,24.9771491621924 121.556419038877,24.9771463458513 121.556398065569,24.9771412540946 121.556376895855,24.9771368895539 121.556366246818,24.9771349819775 121.556321679749,24.9771271225293 121.556106031267,24.9770891253744 121.555949646272,24.9770650897853 121.555911919776,24.9770586220832 121.555900565706,24.9770567546452 121.555889190896,24.9770549952332 121.555877796575,24.9770533440232 121.555866383972,24.9770518012183 121.555854954356,24.977050366967 121.555843508945,24.9770490414275 121.555832048988,24.9770478247575 121.55582136818,24.9770467894055 121.555810676938,24.9770458477587 121.555799976252,24.9770449999125 121.555789267114,24.9770442459536 121.555778550514,24.9770435859415 121.555767827432,24.9770430199357 121.55575709889,24.9770425479866 121.555746365849,24.9770421701538 121.555735629328,24.9770418864514 121.555724890298,24.9770416969302 121.55571414977,24.9770416015772 121.555703408735,24.977041600434 121.555692668182,24.9770416934696 121.555681929112,24.9770418806985 121.555671192505,24.97704216209 121.555660459372,24.9770425376311 121.555649730702,24.9770430072732 121.555638421212,24.9770436098008 121.555627119079,24.9770443177667 121.555615825482,24.9770451311125 121.555604541619,24.9770460497433 121.555593268648,24.9770470735646 121.555582007757,24.9770482024635 121.555570760134,24.9770494363363 121.555559526947,24.9770507750433 121.555548309375,24.9770522184537 121.555537108596,24.9770537664006 121.555514762105,24.9770571752723 121.55550361872,24.9770590358454 121.555490507075,24.9770613661384 121.555477426742,24.977063838317 121.555464379562,24.9770664520313 121.555451367394,24.9770692069131 121.555437954934,24.9770721952292 121.555424586998,24.9770753449455 121.555411265928,24.9770786555206 121.555396970323,24.9770823833094 121.555386797963,24.9770851500162 121.55537665516,24.9770880054308 121.555366542845,24.977090949306 121.555356461927,24.9770939813675 121.555346413356,24.9770971013321 121.555326416904,24.9771036038279 121.555316470863,24.9771069857566 121.555306560828,24.9771104544009 121.555286852416,24.9771176505501 121.555277055848,24.9771213773892 121.555257582498,24.9771290868823 121.555238274799,24.9771371351046 121.555228289806,24.9771414589697 121.555218352693,24.9771458735238 121.555208464449,24.9771503783298 121.555198626072,24.9771549729417 121.555188838529,24.9771596568953 121.555179102811,24.9771644297356 121.555169419874,24.9771692909715 121.555159790689,24.977174240121 121.555150216232,24.9771792767018 121.555140697433,24.977184400196 121.555128187737,24.9771913089532 121.555115780363,24.9771983693617 121.555106879711,24.9772035621417 121.555098033771,24.9772088320341 121.555089243354,24.9772141785484 121.555080509259,24.9772196012212 121.555071832268,24.9772250995349 121.555063213189,24.9772306729991 121.555054652793,24.9772363211143 121.55504615187,24.977242043363 121.555037711171,24.9772478392187 121.555029331486,24.977253708164 121.555021013564,24.9772596496633 121.555012758157,24.9772656631633 121.555004566025,24.9772717481373 121.554996437917,24.9772779040229 121.554988374554,24.9772841302577 121.554980376687,24.9772904262792 121.554972445036,24.9772967915158 121.554964580312,24.9773032253872 121.554956783254,24.9773097273128 121.554949054544,24.9773162967032 121.554941394902,24.9773229329418 121.554933805009,24.9773296354484 121.55491883727,24.9773432367994 121.554911460776,24.9773501344109 121.554904156753,24.9773570958064 121.554896925882,24.9773641203516 121.554887804558,24.9773731825698 121.554878802691,24.977382343489 121.554869335658,24.9773922291599 121.554860008626,24.9774022247857 121.554850823151,24.9774123287264 121.554841780733,24.9774225393244 121.55483340504,24.9774328353348 121.554817158878,24.9774537601079 121.554808470402,24.9774639687167 121.554799948469,24.9774742933026 121.55479159494,24.9774847316107 121.55478578011,24.9774926281551 121.554780047017,24.9775005741937 121.554774396174,24.9775085690387 121.554768828073,24.9775166119659 121.554763343215,24.9775247022874 121.554757942083,24.9775328392609 121.554752625158,24.9775410221807 121.554747392904,24.9775492503316 121.554742245782,24.9775575229627 121.554737184254,24.9775658393591 121.554732208764,24.9775741987877 121.554727319763,24.9775826004886 121.554722517664,24.9775910437471 121.554717802899,24.9775995277941 121.554713175902,24.9776080518786 121.554708637054,24.977616615259 121.554704186779,24.9776252171753 121.554699825458,24.9776338568678 121.554695553486,24.9776425335586 121.554691371236,24.9776512464969 121.554687279078,24.9776599949049 121.554683277369,24.977668778005 121.554679366478,24.9776775950193 121.554675546732,24.9776864451792 121.554671818482,24.977695327698 121.554668182061,24.97770424178 121.554661185953,24.977722161496 121.554657826892,24.9777311655478 121.554653075595,24.9777444080529 121.554644178751,24.9777710665922 121.554576803875,24.9779847698254 121.554554918387,24.9780541693836 121.554487904422,24.9782666975705 121.55442105655,24.9784787646709 121.554399151367,24.9785482274743 121.554376328433,24.9786206639485 121.554359774936,24.9786731429487 121.554334373617,24.9787537323959 121.554299606493,24.9788639960812 121.554228929838,24.979088238242 121.554215618753,24.9791304762756 121.554184777542,24.9792283206575 121.55414655319,24.9793496024708 121.554121649624,24.9794286010735 121.554098514144,24.9794976711706 121.554055804212,24.9796325569979 121.55397999552,24.9798721840159 121.553938543723,24.9798612336802 121.553789939134,24.9798213225424 121.553736654827,24.9799948338641 121.55371244734,24.9800747233619 121.55367579049,24.9802738577381 121.553661500122,24.9803405464621 121.55361413205,24.980561598087 121.553601900393,24.9806186791867 121.553558784605,24.9809050432376 121.55353000791,24.9810769922963 121.553528403391,24.981400069986 121.553533175533,24.9814571280911 121.553533895045,24.9814762469994 121.553549630518,24.9817475651005 121.553715930849,24.9824008269893 121.553738389632,24.9824901399864 121.5539472889,24.9833057764485 121.55417044303,24.9841519647691 121.554181552531,24.9841952132776 121.554182881143,24.9842021329048 121.554185301126,24.9842116589604 121.55418759815,24.9842212102651 121.554189771901,24.9842307855109 121.554191822075,24.9842403833719 121.554193748391,24.9842500025219 121.554195550583,24.9842596416348 121.554197228399,24.9842692993845 121.554198781625,24.9842789744355 121.554200210016,24.9842886654436 121.554201513399,24.9842983710823 121.554202691589,24.9843080900071 121.554203744421,24.9843178208825 121.554204671741,24.9843275623548 121.554205473434,24.9843373130792 121.554206149385,24.9843470717201 121.554206699508,24.9843568369325 121.554207123709,24.9843666073536 121.554207537759,24.9843761772165 121.554207839538,24.984385750558 121.554208029002,24.9843953262949 121.554208106135,24.9844049033348 121.554208070923,24.9844144805764 121.55420792338,24.9844240569272 121.554207663522,24.9844336312947 121.554207291373,24.9844432025865 121.554206806968,24.984452769701 121.554206210382,24.9844623315455 121.554205501658,24.9844718870364 121.554204680901,24.984481435072 121.554203748196,24.9844909745686 121.554202703645,24.9845005044243 121.554201547374,24.9845100235643 121.554200279505,24.9845195308867 121.554198900203,24.9845290253167 121.554197409601,24.9845385057612 121.554194095231,24.9845574203666 121.55419227184,24.9845668523685 121.554190336597,24.9845766468508 121.554188283649,24.984586421413 121.554186113228,24.9845961748625 121.554183825596,24.9846059060426 121.554181421044,24.9846156137696 121.554178899846,24.9846252968779 121.554176262302,24.9846349542197 121.554173508744,24.9846445846111 121.554170639485,24.9846541869135 121.554167654895,24.9846637599607 121.554164555306,24.984673302596 121.554161341108,24.9846828136894 121.554158012674,24.9846922920929 121.554154570424,24.9847017366584 121.554151014759,24.9847111462558 121.554147346099,24.984720519746 121.554143564896,24.984729856017 121.554137235744,24.9847454079626 121.554126275479,24.984768614947 121.554022685338,24.9850117759889 121.554018370132,24.9850214070086 121.554014695568,24.9850300926734 121.554010961457,24.9850387572173 121.554007167936,24.9850474002967 121.554003315142,24.985056021568 121.553999403252,24.9850646207056 121.553995432393,24.9850731973568 121.553991402732,24.9850817512051 121.553987314435,24.9850902818977 121.553983167651,24.985098789109 121.553978962535,24.9851072725045 121.553974699275,24.9851157317494 121.553970378018,24.9851241665182 121.55396599894,24.985132576476 121.553961562209,24.9851409613064 121.553957068011,24.9851493206565 121.553952516503,24.9851576542187 121.553947907881,24.9851659616584 121.553943242313,24.9851742426588 121.553938519986,24.9851824968853 121.553933741086,24.9851907240121 121.55392890579,24.9851989237317 121.553924014305,24.9852070957181 121.553919066816,24.9852152396368 121.553914063512,24.985223355189 121.553909004589,24.985231442049 121.553903890253,24.9852394999 121.553898720692,24.9852475284254 121.553893496121,24.9852555273084 121.553888216737,24.9852634962502 121.553882882747,24.9852714349162 121.553877494358,24.9852793430075 121.553872051786,24.9852872202255 121.553866555248,24.9852950662353 121.55386100495,24.9853028807562 121.553855401108,24.9853106634714 121.55384974395,24.9853184140642 121.553844033692,24.9853261322538 121.553838208453,24.9853338707149 121.553832334222,24.9853415783465 121.553826411205,24.985349254904 121.55382043959,24.9853569001159 121.553814419583,24.9853645137377 121.553808351372,24.9853720955158 121.553802235184,24.9853796451876 121.553796071194,24.9853871624997 121.553789859631,24.9853946472075 121.553783600701,24.9854020990663 121.553777294601,24.9854095178137 121.553770941547,24.9854169032142 121.553764541747,24.985424255005 121.553758095428,24.9854315729597 121.553751602796,24.9854388568247 121.553745064069,24.9854461063464 121.553738479472,24.9854533212983 121.553731849213,24.9854605014358 121.553725173518,24.9854676465143 121.553718452615,24.9854747562982 121.55371168672,24.9854818305429 121.55370487607,24.9854888690219 121.553698020892,24.9854958714997 121.553691121402,24.9855028377315 121.553684177837,24.9855097674998 121.553677190444,24.9855166605511 121.55367015943,24.9855235166767 121.553663085051,24.985530335641 121.553646685715,24.985544507613 121.553565398231,24.9856211247532 121.553558212823,24.9856278843775 121.553551099301,24.9856347068677 121.553544058328,24.9856415915895 121.553537090553,24.9856485379084 121.553530196628,24.9856555451631 121.553523377193,24.9856626127191 121.553516632879,24.985669739897 121.553509964329,24.9856769260535 121.553503372151,24.9856841705091 121.553496856959,24.9856914725936 121.553490419362,24.9856988316185 121.553484059952,24.9857062469136 121.553477779331,24.9857137177814 121.553471578089,24.9857212435247 121.553465456787,24.985728823446 121.553459415998,24.9857364568393 121.553453456293,24.9857441429981 121.553447578223,24.9857518811982 121.553441782329,24.9857596707243 121.553436069164,24.9857675108431 121.553430439249,24.9857754008394 121.553424893105,24.9857833399711 121.553419431254,24.9857913275049 121.553414054209,24.9857993626896 121.55340876246,24.985807444774 121.553403556511,24.985815573025 121.553398436832,24.9858237466644 121.553393403916,24.9858319649411 121.553388458225,24.9858402270859 121.553383600211,24.9858485323389 121.553378830337,24.9858568799219 121.553374149034,24.9858652690569 121.553369556755,24.9858736989658 121.553365053922,24.9858821688615 121.553360640948,24.9858906779572 121.553356318245,24.9858992254568 121.553352086216,24.9859078105643 121.553347945263,24.9859164324838 121.553343895759,24.9859250904195 121.553339938088,24.9859337835573 121.553336072621,24.9859425110924 121.553328619704,24.9859600660902 121.553325032959,24.9859688919252 121.553321539801,24.9859777488842 121.553318140554,24.9859866361444 121.553283071933,24.986078853421 121.553158659758,24.9863977289129 121.553154246747,24.9864073326086 121.553149623141,24.98641685364 121.553144790814,24.9864262881811 121.553139751702,24.9864356324331 121.553134507848,24.9864448826144 121.553129061355,24.9864540350247 121.553123414426,24.9864630859543 121.553117569321,24.9864720317655 121.553111528412,24.9864808688562 121.553105294111,24.9864895936603 121.553098868947,24.9864982026746 121.553092255509,24.9865066924227 121.553069148273,24.9865337723985 121.553044319488,24.9865590892557 121.552981896237,24.9866125059154 121.552952336178,24.9866386257849 121.552890232564,24.9866926551317 121.552734303984,24.986828683341 121.5526926153,24.9868649506805 121.552476974203,24.9870538343558 121.552457063506,24.9870714408941 121.552449052613,24.9870793085455 121.5524412379,24.9870873384169 121.55243362332,24.9870955264581 121.55242621272,24.9871038685198 121.552419009863,24.9871123603812 121.552412018376,24.9871209977493 121.552405241816,24.9871297762505 121.552398683589,24.9871386914483 121.552382192782,24.9871621911764 121.552366320221,24.9871848098808 121.552358281673,24.9871991763825 121.552347874659,24.9872199616444 121.552333748991,24.9872531382689 121.552324299214,24.9872797702022 121.552318744224,24.9872957435188 121.55230544916,24.9872997742654 121.552234543109,24.987321488234 121.552189159128,24.9873355328711 121.552140985563,24.9873504274607 121.552128739533,24.9873542466528 121.552097164598,24.9873640148647 121.552054975595,24.9873770545144 121.5520507224,24.9873784425675 121.552005862556,24.9873923046426 121.551979782106,24.9873991634483 121.551957644164,24.987406043739 121.551917928824,24.9874184783191 121.551872950407,24.9874324130192 121.551851030413,24.9874393015143 121.551829110417,24.9874461900062 121.551805964566,24.9874536247279 121.551789859918,24.9874584693504 121.551753398909,24.9874698806697 121.551746513326,24.9874718291899 121.551707065749,24.9874843439744 121.551681200448,24.9874928089371 121.551656113262,24.9874936241875 121.551614118383,24.9874946916972 121.551611967902,24.9874944739653 121.551599044235,24.9874929509748 121.551598227323,24.9874941276593 121.551568454272,24.9874948248416 121.551532348642,24.9874959788377 121.551496243012,24.9874971328252 121.551491469288,24.9874973039943 121.551454997717,24.9874952543427 121.551421429924,24.9874935279632 121.551411959704,24.9874911976848 121.551374176151,24.9874814879951 121.551367958371,24.9874799220818 121.551149844922,24.9874237986737 121.55080912087,24.9873366206448 121.550777498033,24.9873289915525 121.550741253454,24.98732007048 121.550699861983,24.9873098232532 121.550658471243,24.9872997385188 121.550653730875,24.9872985011499 121.550631594308,24.9873079271715 121.550616543437,24.9873047327342 121.550573899223,24.9872956637643 121.550540257801,24.9872885115524 121.550523223925,24.9872848910916 121.550523223925,24.9872848910916 121.550523223925,24.9872848910916 121.550523223925,24.9872848910916 121.550525234895,24.9872649044045 121.550525234895,24.9872649044045 121.550525234895,24.9872649044045 121.550525234895,24.9872649044045 121.550520029376,24.987263759033 121.550518299565,24.9872623570441 121.550494453743,24.9872438563396 121.550460003177,24.9872173778796 121.550429128253,24.9871396696134 121.550429128253,24.9871396696134 121.550429128253,24.9871396696134 121.55041861134,24.9871136881214 121.550412381061,24.9870980938267 121.550336217628,24.9869068076412 121.550343087588,24.9868746511249 121.550366708707,24.98676927773 121.550374205382,24.9867377237787 121.550374205382,24.9867377237787 121.550374205382,24.9867377237787 121.550374205382,24.9867377237787 121.550374205382,24.9867377237787 121.550418090072,24.9865404503309 121.550427836862,24.9864959056042 121.550460381591,24.9863502427568 121.55047451407,24.9862895846496 121.550488723599,24.9862239878688 121.550493308936,24.9862037659536 121.550493308936,24.9862037659536 121.550493308936,24.9862037659536 121.550440650323,24.9861679204373 121.550422122924,24.9861580851049 121.550438267927,24.98608446419 121.550394760733,24.9860305285481 121.55036058632,24.9859881234135 121.55035153541,24.9859264225318 121.550330481678,24.9858274708292 121.550315135745,24.9857713003814 121.550312311564,24.9857623077745 121.550309426566,24.9857533312278 121.550306480872,24.9857443710658 121.550303474592,24.9857354276402 121.550300407826,24.9857265012846 121.550297280715,24.9857175923327 121.55029409336,24.9857087011451 121.55029084589,24.9856998280464 121.550287538427,24.9856909733701 121.550284171089,24.9856821374589 121.550280744019,24.9856733206553 121.550277257335,24.9856645232839 121.550273711179,24.9856557456783 121.55027010568,24.9856469881809 121.550266440978,24.9856382511253 121.550262717214,24.985629534836 121.550258934519,24.9856208396556 121.550255093051,24.9856121659084 121.550251192942,24.9856035139192 121.55024723436,24.9855948840211 121.550243217437,24.9855862765478 121.550239142332,24.9855776918237 121.550235009206,24.9855691301823 121.550226569498,24.985552077409 121.550222263246,24.985543586935 121.550217899602,24.9855351208414 121.550213478747,24.9855266794434 121.550209000848,24.9855182630564 121.550204466058,24.9855098720049 121.550199874575,24.9855015066131 121.550195226549,24.9854931671965 121.550185761627,24.9854765675589 121.55017607272,24.9854600756056 121.550166161326,24.9854436938589 121.550156028931,24.9854274248141 121.550145677082,24.9854112709482 121.550135107364,24.9853952347018 121.550124321384,24.9853793185426 121.550113320777,24.9853635248752 121.550107740513,24.9853556747233 121.550102107227,24.9853478561037 121.55008770144,24.9853270724251 121.550054348003,24.9852821092166 121.550037254964,24.9852584464628 121.549968616297,24.9851728967676 121.549894941897,24.9850864718601 121.549835069849,24.9850210043841 121.549791469699,24.9849749775364 121.54970957453,24.9848953359431 121.549700860157,24.9848869539116 121.549681185053,24.9848684466863 121.549622814697,24.9848176442882 121.549586338987,24.9847855124459 121.549575336697,24.9847767334796 121.549482668325,24.9847027912866 121.54944783303,24.9846764584415 121.549400317648,24.9846409275898 121.549386586717,24.9846315348507 121.549327996607,24.9845914134244 121.549272887227,24.9845566328108 121.549243643274,24.9845380344464 121.549235222691,24.9845327204431 121.549226780178,24.9845274354284 121.549218315835,24.984522179492 121.549209829801,24.9845169526968 121.549192793126,24.9845065868529 121.549175671105,24.984496338471 121.549158464733,24.9844862081433 121.549141174973,24.9844761964529 121.54913249913,24.984471235275 121.549123802818,24.984466303965 121.549115086155,24.9844614026036 121.54910634926,24.9844565312446 121.549097592253,24.9844516899688 121.549088815283,24.9844468788389 121.549080018449,24.9844420979356 121.54907120189,24.9844373473128 121.549062365725,24.984432627042 121.549053510083,24.9844279371952 121.549044635094,24.984423277835 121.549035740876,24.9844186490332 121.549026827558,24.9844140508435 121.548999974289,24.9844004406644 121.548981978955,24.9843915214882 121.54896391029,24.984382726347 121.548954168524,24.9843780140415 121.548944408554,24.9843733331211 121.548934630498,24.9843686836486 121.548924834495,24.9843640656865 121.548915020655,24.9843594792888 121.548905189107,24.9843549245091 121.54889533997,24.984350401401 121.548885473373,24.9843459100364 121.548875589424,24.98434145046 121.548834907963,24.9843235351915 121.548786280698,24.9843029949398 121.548776676939,24.984299075515 121.548757429717,24.984291318027 121.548728461013,24.9842798857896 121.548718779056,24.9842761295891 121.548709084384,24.9842724007268 121.548699377096,24.9842686992206 121.548689657291,24.9842650251241 121.548679925048,24.9842613784732 121.548660423647,24.984254167606 121.548650654676,24.9842506034793 121.548640873645,24.9842470669232 121.548631080653,24.9842435579734 121.548621275798,24.9842400766747 121.548611459161,24.9842366230449 121.548591790934,24.984229798962 121.548581939543,24.9842264285713 121.548562202643,24.9842197712434 121.548512665899,24.9842036162204 121.548482814282,24.9841942592897 121.548429762458,24.9841788632056 121.54840079387,24.9841709349115 121.54834764938,24.9841569746126 121.548343117361,24.9841557815403 121.548314282675,24.9841490083371 121.548284873533,24.9841422462726 121.548268334089,24.9841383257955 121.548256236917,24.9841354633002 121.548226533389,24.9841293252498 121.548198138945,24.9841235434969 121.548164798113,24.9841169403406 121.548125224064,24.9841097101076 121.54809548417,24.9841043034437 121.548095652178,24.9841064515209 121.547935577732,24.9840808142109 121.54754219885,24.9840317134374 121.547490405636,24.9840253676047 121.547330194953,24.9840069436214 121.546861010114,24.9839486222021 121.546783162589,24.9839392571468 121.546740686303,24.9839342400711 121.546716236562,24.9839312151803 121.546668686536,24.98392569309 121.546504527818,24.9839059194671 121.546479108901,24.9839032411652 121.546468028879,24.9839020230611 121.54644712621,24.9838999349015 121.54641504205,24.9838975831059 121.546393613172,24.9838965467762 121.546382890702,24.9838961882797 121.546372164593,24.9838959362826 121.546361436111,24.9838957908255 121.546350706525,24.9838957519128 121.546329249133,24.9838959937556 121.546307802617,24.9838966616925 121.546297086627,24.9838971553589 121.546286377169,24.9838977554152 121.546272909618,24.9838985812674 121.546244283212,24.9839007989199 121.546231410656,24.9839020943046 121.546205727575,24.9839051500539 121.546192921543,24.9839069098784 121.546182622464,24.9839084615938 121.546172341676,24.9839101109619 121.546162080286,24.9839118577982 121.546151839404,24.9839137019269 121.546141620137,24.9839156431273 121.546131423605,24.9839176812059 121.546121250906,24.9839198159327 121.546111103138,24.9839220470782 121.546100981419,24.9839243744125 121.546090886819,24.9839267976608 121.546080820464,24.9839293165753 121.546070783415,24.9839319308812 121.546060776778,24.9839346402946 121.546050801642,24.9839374445226 121.546040859066,24.9839403432544 121.546030950147,24.9839433361881 121.546021075955,24.9839464229856 121.546011237567,24.983949603327 121.546001436031,24.9839528768474 121.545991672426,24.9839562432179 121.5459819478,24.9839597020463 121.545972263212,24.9839632529767 121.545962619719,24.983966895617 121.545953018349,24.9839706295753 121.545933946184,24.9839783698142 121.5459242713,24.9839824950669 121.545914645886,24.9839867153483 121.545905071059,24.9839910301667 121.545895547926,24.9839954390216 121.545886077624,24.9839999413942 121.545876661231,24.9840045367568 121.545867299863,24.9840092245729 121.545857994618,24.9840140043056 121.545848746562,24.9840188753913 121.545839556793,24.9840238372573 121.545832421099,24.9840279227032 121.545821356363,24.9840340310124 121.545812347837,24.9840392617109 121.545803401847,24.9840445808088 121.545794519419,24.9840499876974 121.54577694942,24.9840610622765 121.545768263904,24.9840667286775 121.54575964606,24.9840724802812 121.545751096905,24.9840783164066 121.545742617417,24.9840842363823 121.545734208603,24.9840902395093 121.545725871431,24.9840963250889 121.545717606888,24.9841024924134 121.545709415931,24.9841087407569 121.545701299519,24.9841150693937 121.545693176975,24.9841218365245 121.54568575801,24.9841280174826 121.545678095479,24.9841345979911 121.54567050614,24.9841412485873 121.545655550115,24.9841547573404 121.545648184949,24.9841616141107 121.545640896014,24.9841685382308 121.545633684049,24.984175528985 121.545626549784,24.9841825856663 121.545619493959,24.9841897075498 121.545612517284,24.9841968939287 121.545605620469,24.9842041440511 121.545598804204,24.9842114572013 121.545592069199,24.9842188326182 121.545585416133,24.9842262695592 121.545572358504,24.9842413249788 121.54556595527,24.9842489419179 121.545559636638,24.9842566173288 121.545553403237,24.9842643504238 121.545547255698,24.984272140406 121.545541194661,24.9842799864968 121.545534946216,24.9842882549695 121.545528793997,24.9842965831804 121.545522738702,24.9843049701973 121.545516781012,24.9843134150696 121.545510921595,24.984321916874 121.545505161091,24.9843304746512 121.54549950015,24.9843390874418 121.545493939401,24.9843477542866 121.545488479475,24.9843564742262 121.54548312097,24.9843652462655 121.545477864497,24.9843740694452 121.545472710637,24.98438294277 121.545467659968,24.9843918652539 121.545462713051,24.9844008358925 121.545458168773,24.9844092602254 121.54545372511,24.9844177290231 121.545449382584,24.9844262412996 121.545445141725,24.9844347960419 121.545441003003,24.9844433922462 121.545436966931,24.9844520288994 121.545433033978,24.9844607049886 121.545429204605,24.984469419474 121.545425479265,24.9844781713517 121.545421858387,24.984486959573 121.545418342424,24.9844957831069 121.545414931757,24.9845046409139 121.545411626816,24.9845135319451 121.545408427975,24.9845224551609 121.545405335614,24.9845314095037 121.545402350106,24.9845403939157 121.545399471793,24.9845494073485 121.545396701015,24.9845584487356 121.545394038097,24.9845675170013 121.545391483369,24.9845766110791 121.545389037115,24.9845857299118 121.545386699626,24.9845948724059 121.545384471176,24.9846040374949 121.545382352036,24.9846132240947 121.545380342451,24.9846224311299 121.545378442662,24.9846316574982 121.545376652883,24.9846409021336 121.545374973337,24.9846501639247 121.545373404218,24.9846594417965 121.545371945707,24.9846687346469 121.545370694739,24.9846777502052 121.54536936119,24.9846873609023 121.545360524293,24.984772393188 121.54536053662,24.9847796788488 121.545359639714,24.9847986592778 121.545359810068,24.9848103320337 121.545360703372,24.9848444280308 121.54536511604,24.9849824881745 121.545367469427,24.9850556616208 121.545370962735,24.9851649434324 121.545375675481,24.9853081485073 121.545377306023,24.9853701477672 121.545379232188,24.9854430248465 121.545381413504,24.9855153593019 121.54538717735,24.9857261722216 121.545391699685,24.9859002993446 121.545401913995,24.9862711737959 121.545408686429,24.986499524661 121.545412204674,24.9866323968723 121.545412962838,24.9866515698502 121.545405504526,24.9866629184644 121.545335158125,24.9867690401594 121.545126482244,24.9870841961554 121.545020375812,24.9872443238371 121.545014766734,24.9872527797169 121.545009224231,24.9872612719888 121.545003748611,24.9872698002185 121.544998340137,24.9872783639714 121.544992999086,24.9872869628044 121.544987725743,24.9872955962829 121.544982520374,24.9873042639637 121.544977383253,24.9873129653943 121.544967314771,24.9873304677318 121.544962383931,24.987339267734 121.544957522362,24.9873480997038 121.544952730319,24.9873569631798 121.544948008039,24.9873658577098 121.544943355777,24.9873747828323 121.544938773759,24.9873837380862 121.54493426223,24.9873927230191 121.544929821417,24.9874017371787 121.544925451544,24.9874107800859 121.544921176403,24.9874197925282 121.544912837656,24.9874378994169 121.544904782378,24.9874561125935 121.544900861558,24.9874652578869 121.544897012197,24.9874744283688 121.544889528691,24.9874928430445 121.544885894908,24.987502086298 121.54488233336,24.9875113528774 121.544878844223,24.9875206423126 121.544875427673,24.9875299541336 121.544872083886,24.9875392878703 121.544865615259,24.9875580191921 121.54486249075,24.9875674158281 121.544859439661,24.9875768324905 121.544721904776,24.9880116433666 121.544718805753,24.9880209658302 121.544715529077,24.9880302376914 121.544712075727,24.9880394561296 121.544708446768,24.9880486183695 121.544696517438,24.9880757401139 121.544692197537,24.9880846499009 121.54468770805,24.9880934897716 121.544683050332,24.9881022570488 121.544678225798,24.988110949064 121.544673235912,24.9881195631846 121.544668082188,24.988128096805 121.54466276619,24.9881365473194 121.54465728953,24.9881449121849 121.544651653862,24.9881531888494 121.544645860908,24.988161374815 121.544639912421,24.9881694675835 121.544633810192,24.9881774647196 121.544621152004,24.9881931623802 121.544614599878,24.9882008581508 121.544607901694,24.9882084487543 121.544601059484,24.9882159318991 121.544586951353,24.9882305667357 121.544579689702,24.988237713988 121.544564762245,24.9882516573498 121.544549311078,24.9882651184658 121.544533354931,24.9882780809987 121.54451691318,24.9882905292315 121.544508516409,24.9882965557377 121.544491383817,24.9883082044001 121.54448265318,24.9883138230255 121.544464876501,24.9883246403207 121.544455835833,24.9883298357296 121.544437463574,24.9883397921471 121.54441872203,24.9883491594013 121.54440921986,24.9883536185091 121.544399633934,24.9883579261327 121.544389967148,24.9883620809433 121.544380222448,24.9883660816935 121.544370402772,24.9883699271625 121.544360511105,24.988373616193 121.544350550454,24.9883771476634 121.544340523835,24.9883805204973 121.544330434286,24.9883837336815 121.544320284882,24.9883867862298 121.544299818787,24.9883924057892 121.54428950831,24.9883949710894 121.54428950831,24.9883949710894 121.544260474084,24.9884015504532 121.543647542699,24.9885193237971 121.543534458011,24.9885410524582 121.543523734617,24.98854274836 121.543512963628,24.9885441718756 121.543502153378,24.9885453219001 121.543491312224,24.9885461975363 121.543480448544,24.9885467981216 121.543469570755,24.9885471231738 121.543458687246,24.9885471724547 121.543447806438,24.9885469459245 121.54343693675,24.9885464437601 121.543426086585,24.9885456663371 121.543415264335,24.9885446142748 121.543404478355,24.9885432883733 121.543393737,24.9885416896585 121.543383048565,24.988539819382 121.54337242132,24.9885376789672 121.543361863482,24.9885352700814 121.543351383203,24.9885325945907 121.543340988595,24.9885296545511 121.543330687702,24.9885264522533 121.543320488477,24.9885229901512 121.54331039881,24.9885192709424 121.543300426507,24.9885152974966 121.543290579269,24.9885110728731 121.543280864718,24.9885066003576 121.543271290359,24.9885018833985 121.54309433798,24.988412547718 121.543087885816,24.9884091838885 121.543078714548,24.9884046779047 121.543060172571,24.9883960125852 121.543041376372,24.9883878148644 121.543022340123,24.9883800909379 121.543003078212,24.9883728466394 121.542983605185,24.988366087441 121.542973794087,24.988362891357 121.542944084721,24.9883540443703 121.542924067139,24.9883487695976 121.542893761523,24.9883418022217 121.542873393877,24.9883377922699 121.542852913029,24.9883342938921 121.542832334452,24.9883313097223 121.542373341172,24.9882737407037 121.542264704922,24.9882577054046 121.542203480345,24.9882491802293 121.542115962529,24.9882533721495 121.541561055623,24.9882806629641 121.541372535415,24.9882899340823 121.541143317909,24.9883010779246 121.541032160927,24.988306573967 121.540943157864,24.9883109240766 121.540859492868,24.9883150290284 121.540791737487,24.9883669432965 121.540784165719,24.9883728571577 121.540755050735,24.9883746060804 121.540733919426,24.9883762898748 121.540727590799,24.9883765385744 121.5405527792,24.9883863914032 121.540161732112,24.9884087476079 121.539868926709,24.9884259885814 121.539817924548,24.9884287375935 121.539817044062,24.9884289935754 121.539433909558,24.9885462861459 121.539353349905,24.9885538277452 121.539304364955,24.9885580498854 121.539212347672,24.9885663371264 121.539049897218,24.988580567191 121.538923935226,24.9885916043995 121.538806765614,24.9886017610219 121.53866199024,24.988614509248 121.538465826122,24.9886322552892 121.538381364356,24.9886422661369 121.538278429794,24.9886594037624 121.538175047329,24.9886828806901 121.538099485023,24.9887029616801 121.538089578717,24.9887059644454 121.53806982444,24.9887121272591 121.538059977131,24.9887152870974 121.538049911367,24.9887186677479 121.538040343835,24.9887217631073 121.538030558521,24.9887250790508 121.53802079452,24.9887284468193 121.53801105218,24.9887318662853 121.538001331827,24.9887353373392 121.537991633797,24.9887388598624 121.537981958397,24.9887424337275 121.537972305972,24.9887460588338 121.537962676849,24.9887497350358 121.537953071345,24.988753462215 121.537943489786,24.9887572402618 121.537933932498,24.9887610690306 121.537924399807,24.9887649483939 121.537905409494,24.9887728583845 121.537895952524,24.9887768887568 121.537886521427,24.9887809691772 121.537877116529,24.9887850995273 121.537867738147,24.9887892796704 121.537849062204,24.9887977887264 121.537821255062,24.9888109221141 121.537784578017,24.9888291173358 121.53775738043,24.9888432713879 121.53772186495,24.9888623846482 121.537695640018,24.9888771147448 121.537669708914,24.9888922707882 121.537618761433,24.9889238411489 121.537585500239,24.988945803801 121.537560937381,24.9889627476905 121.537536711617,24.9889800900431 121.537512830738,24.9889978252784 121.537481539269,24.9890220735518 121.537465328088,24.9890353314507 121.537441275399,24.9890554830716 121.537417544023,24.9890759487187 121.537386410561,24.9891037173397 121.537371064943,24.9891178049575 121.53734832689,24.9891391868476 121.537325929488,24.9891608653515 121.537314966532,24.9891728762489 121.537307197753,24.9891813726944 121.537303280271,24.9891848446165 121.537275969529,24.989214320789 121.537254448977,24.9892381303955 121.537237815313,24.9892589025504 121.537200034533,24.9893037478063 121.537172692449,24.9893404647805 121.537148242501,24.9893732979583 121.537135299879,24.9893905583461 121.53712313488,24.9894082823431 121.537106814746,24.9894331095695 121.537096228092,24.9894498185639 121.537075766885,24.9894836021116 121.537051542891,24.9895264880354 121.537007696757,24.9896142787211 121.536994117484,24.9896439112828 121.536980797634,24.9896736414853 121.536967738043,24.9897034674479 121.53696394889,24.9897123244355 121.536943085321,24.9897660929032 121.536930979187,24.9898024806842 121.536915564495,24.9898577549892 121.536909104729,24.9898856592014 121.536903519547,24.9899065704654 121.536895857841,24.9899365188583 121.536883372904,24.9899969540687 121.536878584948,24.9900266468245 121.536873215387,24.9900643712956 121.536868683161,24.9901021869449 121.53686583462,24.9901305992297 121.536862771982,24.9901685372614 121.536860572496,24.9902066261355 121.536859234213,24.9902642790551 121.536861158328,24.990341143267 121.536863127883,24.9903703944596 121.536869131249,24.9904306527545 121.536881482078,24.9905207078055 121.536887198808,24.9905574407271 121.536912754504,24.9906643048619 121.536921723031,24.99069708978 121.536944028647,24.9907649550534 121.536982267826,24.9908681531205 121.537151696177,24.9913327885634 121.537499574725,24.9922810845368 121.537504083935,24.992292931217 121.537527537955,24.9923604943036 121.537552404484,24.9924453411602 121.537570273906,24.9925134390172 121.537588078534,24.992598519026 121.537596686824,24.992646337036 121.537610393823,24.9927276490569 121.537621531646,24.9928286426627 121.537626327864,24.9929246756503 121.537627748408,24.9929756885021 121.537626879157,24.9930582358705 121.537626985667,24.9930827197844 121.537623644555,24.9931321789453 121.537615297995,24.9932265169876 121.537606713694,24.9932889775481 121.537596200699,24.9933566813937 121.53758373771,24.9934179010556 121.537572852117,24.993468272229 121.537557297929,24.99353393587 121.537551374059,24.9935544240502 121.537539618107,24.9935937298737 121.537525058834,24.9936444483559 121.537475708283,24.9937928595534 121.537464267768,24.9938272619546 121.537457657689,24.9938471386965 121.537437045288,24.9939091461444 121.537427946286,24.9939372063891 121.537418537633,24.9939651816773 121.537408820295,24.9939930691979 121.537398795252,24.9940208660944 121.537384951646,24.9940577828096 121.537366884233,24.9941036849777 121.537340353068,24.994162328238 121.537300613393,24.9942406463535 121.537278109768,24.9942823743937 121.537241812045,24.9943070619845 121.537196593345,24.9943378621495 121.537081935373,24.9944161212321 121.537048048753,24.9944622418876 121.53699748423,24.9945252601981 121.536958902556,24.994569221999 121.536933270489,24.9945954690024 121.536904831164,24.9946254005818 121.53689716679,24.9946329306176 121.536888995356,24.9946405423817 121.536880813321,24.994648144677 121.536864417523,24.9946633208608 121.536847979514,24.9946784590513 121.536831499383,24.9946935591759 121.536823243558,24.9947010949262 121.536814977239,24.9947086211169 121.536809404796,24.9947119906595 121.536804255268,24.9947169385992 121.536777468535,24.994739641686 121.536753790189,24.9947595709456 121.536724270684,24.9947848659276 121.536527521165,24.9949530293603 121.53649910877,24.9949777966741 121.536364979416,24.9950920257171 121.536277601943,24.995166254012 121.536268195285,24.995174079196 121.536252821165,24.9951878483429 121.536170668624,24.9952585457999 121.536146445721,24.9952808693817 121.536114299538,24.9953127191057 121.536085243166,24.9953420749532 121.536056904444,24.9953724483885 121.536037924002,24.9953952586395 121.536016102315,24.9954230626535 121.535993317772,24.995452702844 121.535969278201,24.995485335864 121.53594170524,24.9955255471833 121.53594170524,24.9955255471833 121.535933362361,24.9955388305345 121.535912186555,24.9955739540222 121.5358929575,24.9956079780908 121.535867570087,24.9956564783778 121.535838656663,24.9957165473689 121.535794774584,24.9958108236856 121.53575560322,24.9958847009587 121.53571428107,24.9960058988235</coordinates></LineString></MultiGeometry>
  </Placemark>
  <Placemark>
	<name>大坑溪左岸</name>
	<Style><LineStyle><color>ff0000ff</color></LineStyle><PolyStyle><fill>0</fill></PolyStyle></Style>
	<ExtendedData><SchemaData schemaUrl="#riverlineok">
		<SimpleData name="RIVER">大坑溪左岸</SimpleData>
		<SimpleData name="RIVERCODE">143051</SimpleData>
	</SchemaData></ExtendedData>
      <MultiGeometry><LineString><coordinates>121.624714815532,25.0378285380788 121.624685069624,25.0378818560372 121.624600976272,25.0380714542614 121.624586597402,25.0381086107109 121.624586597402,25.0381086107109 121.624561121435,25.0381673528837 121.62453158306,25.0382244943587 121.624498102665,25.038279802239 121.624460816703,25.0383330511007 121.62441987714,25.038384023912 121.624375450833,25.0384325129173 121.624327718851,25.0384783204845 121.624312891374,25.0384914823961 121.624254117948,25.0385424485676 121.624226888238,25.0385663065733 121.62410461895,25.0386730705801 121.624001694032,25.0387624104855 121.623946657788,25.0388097586755 121.623915272953,25.0388369654008 121.623853056845,25.0388911146961 121.623690974626,25.039032099095 121.623609468617,25.0391027872813 121.623542894141,25.0391593200736 121.623531987076,25.0391698021998 121.623506669156,25.0391916026995 121.623374397771,25.039307770111 121.622998204658,25.0396328297827 121.622998204658,25.0396328297827 121.622956380138,25.0396658628661 121.622912270157,25.039696328901 121.622866064211,25.0397240970046 121.622866064211,25.0397240970046 121.622806366829,25.0397549903973 121.622745227914,25.0397834479303 121.622745227914,25.0397834479303 121.622701944159,25.0397997212987 121.622658040951,25.0398145536215 121.622642534759,25.0398189700911 121.622615361373,25.0398266223286 121.622615361373,25.0398266223286 121.622588005785,25.0398335169732 121.622544256718,25.0398437755153 121.622475002127,25.039854438821 121.622393742121,25.0398641593041 121.622317902228,25.0398737848182 121.622239729599,25.0398885208772 121.622149838334,25.0399068235044 121.62206120576,25.0399296596092 121.622013425411,25.0399462183543 121.621997095205,25.0399523083848 121.621997095205,25.0399523083848 121.621942117528,25.0399737376655 121.62188830893,25.039997502554 121.621835788881,25.0400235502858 121.621835788881,25.0400235502858 121.621761818624,25.0400665153672 121.621690935372,25.0401136017938 121.621631498011,25.0401570764907 121.621602895453,25.0401702235421 121.621563604802,25.0402117902735 121.62150589934,25.0402666239162 121.621451359486,25.0403262742718 121.621262386637,25.0405556081096 121.621183604535,25.0406520946224 121.621038036348,25.0408304281519 121.621022088322,25.0408494716458 121.620965916719,25.040915791303 121.620965916719,25.040915791303 121.620807274251,25.0411251121043 121.620807274251,25.0411251121043 121.620740480835,25.0412252287567 121.620517836439,25.0415776003586 121.620481539995,25.0416353685736 121.620304070313,25.0419162391051 121.620290607216,25.0419368159333 121.619865087144,25.0426149056244 121.619865087144,25.0426149056244 121.619857229337,25.0426269236956 121.619849868711,25.0426392002402 121.619849868711,25.0426392002402 121.619816032856,25.0426858445731 121.619816032857,25.0426858445731 121.619777168651,25.0427327043465 121.619735009601,25.0427771372441 121.619735009601,25.0427771372441 121.619684300514,25.0428216323013 121.619630527429,25.0428630342867 121.619580079299,25.0429011802859 121.619489672508,25.0429685720393 121.619389881263,25.0430439294369 121.619340173586,25.0430815486456 121.619340173586,25.0430815486456 121.619276623065,25.0431305606353 121.619216273841,25.0431828230343 121.619216273841,25.0431828230343 121.619165548901,25.0432313698197 121.6191175287,25.0432821482352 121.619072331381,25.0433350333571 121.619072331381,25.0433350333571 121.61902503442,25.0433950922978 121.618981447804,25.0434574375846 121.618941704387,25.0435218791939 121.61879261122,25.0437929517187 121.618304833548,25.0446769719321 121.618240299673,25.044795678682 121.618224930659,25.0448236571791 121.618099038084,25.0450520564668 121.617952956925,25.0453177891045 121.617944668549,25.0453329093487 121.617372418764,25.0463741933045 121.617269785887,25.0465597386759 121.617232384328,25.0466289581837 121.617180947556,25.0467214830602 121.617157557074,25.0467645805392 121.617147262763,25.0467828869239 121.617126513615,25.0468210892839 121.617117511276,25.0468381444372 121.617085690083,25.0468956946227 121.61703434611,25.0469909635711 121.616987261254,25.0470818272108 121.616942133949,25.0471737480085 121.616860292342,25.0473495377754 121.616830130289,25.047415883304 121.616815048411,25.0474518592595 121.616795627764,25.0474961499482 121.616743800451,25.0476236597441 121.616743800451,25.0476236597441 121.61660803556,25.0479974764242 121.616539993775,25.0482257066843 121.616523062006,25.0482892828965 121.616500757447,25.0483767639367 121.616486720509,25.0484329844337 121.616435189521,25.0486753830382 121.616431431398,25.0486928045904 121.616416703806,25.0487699556773 121.616399958724,25.0488578674649 121.616393165422,25.0489025209877 121.616379537226,25.04897862821 121.616347379781,25.0489700236292 121.616303191253,25.0489585518369 121.615996513411,25.0488773622613 121.615980883876,25.0488732380874 121.615949513787,25.0488650088597 121.615703013254,25.0488033939844 121.615703013254,25.0488033939844 121.615564430421,25.0487689011116 121.615424157565,25.0487406404071 121.615284300124,25.048719395924 121.615284300124,25.048719395924 121.615226135986,25.0487125440209 121.615159148934,25.0487060775322 121.615064353562,25.0486996719883 121.615011082614,25.0486971931788 121.614942435972,25.0486957710801 121.614832048188,25.0486966432966 121.614778887327,25.0486983529345 121.61465984003,25.0487016532777 121.614361150365,25.0487136683068 121.614360949954,25.048713226766 121.614261943901,25.0487189988223 121.614155483524,25.0487284128291 121.614096050199,25.0487342739464 121.613998554565,25.0487450790928 121.613779802182,25.0487747714742 121.613613351755,25.0488036625687 121.613316063851,25.0488564762223 121.613193111408,25.0488778876065 121.613169149573,25.0488818302808 121.613144980844,25.0488845286491 121.613120683021,25.0488859740252 121.613096334321,25.0488861617562 121.613072013123,25.048885091238 121.613001969193,25.048879719751 121.612946027126,25.0488662370769 121.612908329183,25.0488545479012 121.612897665085,25.0488504661096 121.612881055245,25.0488444949146 121.612825312079,25.0488191847073 121.612766766175,25.0487802989152 121.612741888978,25.0487599531353 121.612741888978,25.0487599531353 121.612717221444,25.0487385073611 121.612694232975,25.0487155656234 121.61267303263,25.0486912367601 121.612653720985,25.0486656361901 121.612636389653,25.0486388853649 121.612621120857,25.0486111111932 121.612607987031,25.0485824454382 121.612597050481,25.048553024093 121.612475170441,25.0482035836842 121.61242665584,25.0480632810775 121.612414567611,25.0480285240885 121.612405160044,25.0479930858745 121.612398478623,25.047957137783 121.612395024444,25.0479269715343 121.612393220908,25.0478966861486 121.612393072476,25.0478663565324 121.612395207155,25.0477873528069 121.612406563257,25.0474958553363 121.612407049433,25.0474899851373 121.612411401128,25.0473844660839 121.612413031923,25.0473416847348 121.612415503582,25.047272664574 121.612419443975,25.047166145106 121.612420167748,25.0471263106203 121.612424673361,25.0469300866869 121.612430005985,25.0467307717656 121.61243457349,25.0465789291803 121.612437864947,25.0464634746647 121.612440630645,25.0463718562167 121.612441627455,25.046335117203 121.612444812184,25.0462241139244 121.612445221314,25.0462147050686 121.612450601851,25.0461128200372 121.612458484147,25.0459539670788 121.612463120739,25.0458439689443 121.612473676098,25.0456167540173 121.61247474169,25.0455878780992 121.612480098116,25.0455569531924 121.612489177748,25.0454994886886 121.612492777063,25.0454779330553 121.612493485195,25.045472856403 121.612506389723,25.0453933658784 121.612523138369,25.0452877415151 121.612526490151,25.0452682272279 121.612534122406,25.0452166549397 121.61255405327,25.0450833285913 121.612582654031,25.044899852091 121.612588227952,25.0447950321436 121.612597808897,25.0445911585661 121.61260522908,25.0444271073521 121.612611317242,25.0442881684825 121.612630600662,25.0438370954398 121.612635102837,25.0437160385314 121.612639048248,25.0436125704537 121.612641648891,25.0435675461402 121.612641421842,25.0435557565133 121.612639920198,25.0435188020883 121.612632934344,25.0433844491028 121.612632934344,25.0433844491028 121.612619369103,25.0432420072036 121.612592449309,25.0430277123036 121.612586530261,25.0429832647953 121.612585730926,25.0429759644414 121.612581994869,25.0429460430071 121.612580362431,25.0429286347313 121.612578698785,25.0429109286602 121.612575529288,25.0428773575787 121.612574652095,25.0428543849424 121.612573099331,25.0428270816527 121.612573213934,25.0428182337429 121.612572782255,25.042773230956 121.612574087559,25.0427267855557 121.612575605056,25.0426891415778 121.612579119823,25.0426406106279 121.612580219562,25.042624599454 121.61258207069,25.0426062379027 121.61258608521,25.0425685384887 121.612590703461,25.0425326782968 121.61259316984,25.0425144857404 121.612596791933,25.0424955390949 121.612617268202,25.0424002724872 121.612627660432,25.0423688227746 121.612640086389,25.0423379914514 121.612654502127,25.0423078875577 121.612670856659,25.0422786175607 121.612689092144,25.0422502849785 121.612709144089,25.0422229900137 121.612728301586,25.0421993930768 121.612754228146,25.0421699361325 121.612754228146,25.0421699361325 121.612780987883,25.0421439054837 121.612809652085,25.0421196157298 121.612840084611,25.0420971822351 121.612840084611,25.0420971822351 121.612855174516,25.0420866420357 121.612871001441,25.0420770407574 121.612887495111,25.0420684210316 121.612925838492,25.0420472825731 121.612925838492,25.0420472825731 121.612940499852,25.0420390546272 121.612954524792,25.0420299523822 121.612954524792,25.0420299523822 121.612972129589,25.0420174036238 121.61298881677,25.042003854202 121.613004517923,25.0419893596665 121.613019168676,25.0419739794417 121.613032708965,25.041957776583 121.613032708965,25.041957776583 121.613047612418,25.0419385424874 121.61306120864,25.0419185207414 121.613073447626,25.0418977849832 121.613084284364,25.0418764114772 121.613093678997,25.0418544788333 121.613118775175,25.0417895903637 121.61315002433,25.0417085524909 121.613230840535,25.041567781652 121.613321519635,25.0414727846536 121.613392626178,25.0414213997083 121.613459631143,25.0413804880527 121.613532539197,25.0413475823123 121.613590592839,25.041333275151 121.613636713461,25.0413294257183 121.613736893907,25.0413238569522 121.613869211087,25.0413161330756 121.613910537252,25.0413145219127 121.613951698011,25.0413107910315 121.613992562465,25.0413049522968 121.613992562465,25.0413049522968 121.614036313897,25.0412970373026 121.614079363608,25.0412863977894 121.614121507426,25.0412730842172 121.614162545477,25.041257159728 121.614196113652,25.0412425621919 121.614228684862,25.0412261971838 121.6142601471,25.0412081209815 121.614290392169,25.0411883957475 121.614319316059,25.0411670893153 121.614319316059,25.0411670893153 121.614357369442,25.0411351244389 121.614393769212,25.0411015993224 121.614393769212,25.0411015993224 121.614424534156,25.0410684794502 121.61445275998,25.0410335332134 121.614478316442,25.0409969218675 121.614478316442,25.0409969218675 121.614499454656,25.0409640771639 121.614518672306,25.0409302673918 121.614535916464,25.0408955856735 121.614551139635,25.0408601275328 121.614551139635,25.0408601275328 121.614570129911,25.0408036988302 121.614585279403,25.0407463139466 121.614605770954,25.0406405564734 121.61463830075,25.0404806985759 121.614734531364,25.0399950275224 121.614757624168,25.0398843390003 121.61477121101,25.039818865909 121.614774034133,25.0398086977318 121.614783060416,25.0397785881224 121.614793108201,25.0397446644688 121.614793108201,25.0397446644688 121.614812063946,25.0396990076179 121.614834011734,25.039654477047 121.614867085474,25.0395978610294 121.614926027301,25.0395221430433 121.615109040439,25.0393256856115 121.615241352516,25.0391843010448 121.615300543451,25.0391387353967 121.615332943589,25.0391140179857 121.615369267265,25.0390851946355 121.615384403207,25.0390740636244 121.61540541278,25.0390564171543 121.615434741806,25.0390318839728 121.615456244629,25.0390137930809 121.615488726178,25.038983559192 121.615488726178,25.038983559192 121.615574727346,25.0388955005592 121.615653926618,25.0388022967802 121.615682081323,25.038764876434 121.615697017497,25.0387455036564 121.615712516153,25.038723672931 121.615723836163,25.0387084409303 121.615723836163,25.0387084409303 121.615737253327,25.0386896238973 121.615749475625,25.0386701429357 121.615760463591,25.038650060949 121.615770181745,25.0386294427816 121.615784399363,25.0385917919942 121.615795905919,25.0385533802155 121.615795905919,25.0385533802155 121.615801368837,25.0385283714995 121.6158049827,25.0385030858134 121.615806731309,25.038477636496 121.615806606829,25.0384521376197 121.615804609818,25.0384267034787 121.615800589357,25.0383915470561 121.615788457787,25.0383156808866 121.615776374646,25.0382376026545 121.615767996212,25.0381810589029 121.615767400308,25.038170868761 121.615766251641,25.0381472201626 121.615770462036,25.0381469860446 121.615773209944,25.0381197913493 121.615777305449,25.0380846374035 121.615777305449,25.0380846374035 121.615780452303,25.0380598454352 121.615785379745,25.0380352953052 121.615792066495,25.038011093039 121.615800483673,25.0379873431601 121.615810594926,25.0379641482379 121.615810594926,25.0379641482379 121.615823518291,25.0379383238781 121.615838087865,25.037913237374 121.615854253115,25.0378889757314 121.615871957978,25.0378656230952 121.615911577402,25.0378241648118 121.615918142035,25.0378171318742 121.615952380558,25.0377915490509 121.615974134476,25.0377741883124 121.615974134476,25.0377741883124 121.616005141255,25.0377554200497 121.616037347081,25.0377384101129 121.616122294171,25.0377012327109 121.616154488625,25.0376870245684 121.616154488625,25.0376870245684 121.616189636162,25.0376711290426 121.616223855142,25.0376536325222 121.616257057775,25.0376345798961 121.616403605286,25.0374869601201 121.616455548248,25.0374348697581 121.616471870131,25.0374070340564 121.616486365781,25.0373783715597 121.616498984958,25.0373489816068 121.616509683928,25.0373189660577 121.616509683928,25.0373189660577 121.616520325315,25.0372839426535 121.616528533844,25.0372483800037 121.616534277175,25.0372124182284 121.616537354047,25.0371360917805 121.616537354047,25.0371360917805 121.616537659755,25.0371240001497 121.616537205825,25.037111912384 121.616535993744,25.0370998680612 121.616529248824,25.0370561699533 121.616519374717,25.0370129685536 121.616506413889,25.0369704496428 121.616490422078,25.0369287960665 121.616471468057,25.036888186949 121.616451098405,25.0368525009224 121.616428427409,25.0368179860156 121.616403535889,25.0367847652669 121.616376512578,25.0367529571012 121.616347453812,25.0367226749078 121.616347453812,25.0367226749078 121.616306189559,25.0366836817903 121.616262455362,25.0366469910755 121.616262455362,25.0366469910755 121.616231775495,25.0366243504839 121.616199870329,25.0366031621308 121.616166822599,25.0365834809607 121.616131746035,25.0365642161982 121.616028754256,25.0365694198135 121.615925611806,25.0365705597582 121.615835454616,25.0365678679518 121.615745475153,25.0365620525843 121.615492777954,25.0365428857555 121.615481259368,25.0365411986574 121.615469889422,25.0365388174517 121.615458718452,25.03653575268 121.615447795912,25.0365320179101 121.615437170156,25.0365276296759 121.615426888225,25.0365226074043 121.615416995637,25.036516973329 121.615407536187,25.0365107523922 121.615398551752,25.0365039721341 121.615398551752,25.0365039721341 121.615389218327,25.0364964097794 121.615380420865,25.0364883317324 121.61537219363,25.0364797694563 121.615364568667,25.0364707563002 121.615357575673,25.0364613273693 121.615351241886,25.0364515193882 121.615345591975,25.0364413705578 121.615341305155,25.036436206236 121.615339463257,25.0364304991379 121.615336912851,25.0364218157329 121.615334369021,25.0364124642284 121.615148231034,25.0361324549779 121.615112111976,25.0360789510708 121.615091128828,25.0360481531278 121.615091128828,25.0360481531278 121.615054016202,25.0360011547666 121.615013579998,25.0359564902848 121.614969996528,25.0359143544267 121.614923455826,25.0358749309108 121.614874160819,25.0358383916294 121.614822326441,25.0358048958992 121.614768178701,25.0357745897662 121.61471195369,25.0357476053693 121.614653896559,25.0357240603641 121.614616761621,25.035711222659 121.614616761621,25.035711222659 121.614554239827,25.0356930137919 121.614490532762,25.0356786131844 121.614425919561,25.0356680839334 121.614360683327,25.0356614721732 121.614295109896,25.0356588068735 121.614229486579,25.0356600997125 121.614164100906,25.0356653450257 121.614164100906,25.0356653450257 121.614153322939,25.0356613038491 121.614142277429,25.0356579149235 121.614131011872,25.0356551928219 121.614119574714,25.0356531492496 121.614108015135,25.0356517929944 121.614096382842,25.0356511298882 121.614084727857,25.0356511627826 121.614073100297,25.0356518915361 121.614061550163,25.0356533130149 121.614050127121,25.0356554211066 121.614038880293,25.035658206746 121.61386116442,25.0357256579196 121.61372504473,25.0357765332151 121.61372504473,25.0357765332151 121.613703738662,25.035784475517 121.61368191828,25.0357911590673 121.613659673076,25.0357965564551 121.613659673076,25.0357965564551 121.613628631196,25.0358026507884 121.613597202271,25.0358067826011 121.613565535603,25.0358089322655 121.613533781619,25.0358090895697 121.613502091163,25.0358072537665 121.613470614778,25.0358034335766 121.613439501988,25.0357976471474 121.613408900592,25.0357899219666 121.613378955958,25.0357802947319 121.613349810334,25.0357688111762 121.613321602173,25.035755525851 121.613294465475,25.0357405018665 121.613268529148,25.0357238105925 121.6132439164,25.0357055313189 121.61322074415,25.0356857508791 121.613199122474,25.0356645632376 121.613182351922,25.0356461986845 121.613166881172,25.0356269103225 121.613152771373,25.0356067743901 121.613140078295,25.0355858704758 121.613128852107,25.0355642812035 121.613024464627,25.0353365290154 121.613024464627,25.0353365290154 121.613022295858,25.0353324870111 121.613020433202,25.035328320224 121.61301888525,25.0353240478699 121.613017659138,25.0353196896515 121.613016760523,25.0353152656675 121.613016193547,25.0353107963197 121.613015960827,25.0353063022192 121.612975057536,25.0350156698408 121.612961699521,25.0349538018441 121.612961699521,25.0349538018441 121.612953738612,25.0349180391038 121.612943717261,25.0348827089523 121.6129316634,25.0348479098515 121.6129316634,25.0348479098515 121.612913223468,25.0348054547799 121.612891867637,25.0347641496339 121.612864302767,25.0347128578444 121.612824024098,25.0346535474398 121.612824024098,25.0346535474398 121.612788306002,25.034610092176 121.612749623192,25.0345687972472 121.612708132678,25.0345298302635 121.612664002867,25.0344933493865 121.612617412877,25.0344595026865 121.612418063492,25.0342909408556 121.612383586522,25.0342651794892 121.612347497301,25.034241321302 121.612309922223,25.0342194498507 121.612270992882,25.0341996417337 121.612232310915,25.0341824312092 121.612220204,25.0341756299964 121.612220204,25.0341756299964 121.612178600605,25.0341607397501 121.612136144013,25.0341480044234 121.612092968577,25.0341374643164 121.612049210922,25.0341291527826 121.612049210922,25.0341291527826 121.611985324063,25.0341211655956 121.611921032049,25.034116617098 121.611792654429,25.0341179491417 121.611080276858,25.0341256198028 121.611007141524,25.0341265976132 121.610872265497,25.0341283528121 121.610820253479,25.0341286839643 121.610701056151,25.0341308981894 121.610634313932,25.0341322106648 121.610573602568,25.0341327399796 121.610524218499,25.0341334755197 121.61051117801,25.0341334929799 121.61049710555,25.034133225782 121.61049710555,25.034133225782 121.61048322872,25.0341320529795 121.610469465752,25.0341300560497 121.610455875548,25.0341272435386 121.610442516269,25.034123627483 121.610429445089,25.0341192233585 121.610416717949,25.0341140500133 121.610404389316,25.0341081295878 121.610409013804,25.0341074966885 121.610409013804,25.0341074966885 121.610395264273,25.0341004324742 121.610382038085,25.0340925825471 121.610369389258,25.034083978967 121.610369389258,25.034083978967 121.610357527406,25.0340747544557 121.610346315186,25.0340648785408 121.610335795618,25.0340543891163 121.610326009066,25.0340433264301 121.61031699308,25.0340317329299 121.61031699308,25.0340317329299 121.610305113485,25.0340114746766 121.610294784236,25.0339905229105 121.610286053814,25.0339689759703 121.610278963194,25.0339469349884 121.610272731253,25.0339451278937 121.610262810248,25.033942749127 121.610244433257,25.0339376786233 121.610239674994,25.0339353057392 121.610233381859,25.0339331468018 121.610206643774,25.0339225313151 121.610178141918,25.0339111697233 121.610177259532,25.0339018127077 121.610231445924,25.0338142287677 121.610318882394,25.033615434037 121.610353069727,25.0335915138539 121.610363724373,25.0335939708541 121.610364029154,25.033549425397 121.610413215694,25.0334707699635 121.610400140841,25.0334602649125 121.610434237715,25.0333983781492 121.610570703896,25.0332736160768 121.610583087321,25.0332822263215 121.610655490566,25.0331955127159 121.610652174633,25.0331932251841 121.610677125424,25.033166118894 121.610684267986,25.0331697278327 121.610705285758,25.0331477936795 121.61074152705,25.0331064589631 121.610779750157,25.0330591214939 121.610834791318,25.032998227043 121.610891183161,25.0329479620168 121.610929512113,25.0329100132061 121.610961849572,25.0328727841735 121.610993463747,25.0328355761636 121.611016980331,25.0327980042068 121.611045218407,25.0327393865961 121.61108587448,25.0326511421558 121.611114707038,25.0325845232694 121.611147584016,25.0324822090455 121.611166558179,25.0324038401051 121.61116985467,25.0323563212198 121.611165511628,25.0323100164535 121.611152598573,25.032246088345 121.611141036278,25.0322086338085 121.611123112553,25.0321592886074 121.611086964329,25.0320956822994 121.61105791957,25.0320496963675 121.610914756917,25.0318435830188 121.610872152682,25.0317808790653 121.610807314822,25.0317604097861 121.610783373891,25.0317662505778 121.610748662529,25.0317364210671 121.610425423801,25.0314586558666 121.610380343657,25.0314319837704 121.610369163107,25.0314253763136 121.610125020458,25.0312811961875 121.610051230125,25.0312218708521 121.610011489023,25.0311947793627 121.609970105094,25.0311527348822 121.60996948167,25.0311523315367 121.609792854787,25.030980152402 121.609768171476,25.0309644567185 121.609681706498,25.0310625354071 121.609836253611,25.0312237965701 121.609807684288,25.0312533638765 121.609830424972,25.0313110493116 121.610009707693,25.0314542247839 121.610076296436,25.031502033043 121.610131154722,25.0315541870492 121.610142708015,25.0315421049943 121.610163679485,25.0315229783039 121.61022682737,25.031548375116 121.610284653694,25.0315876248005 121.610327401208,25.0316134850114 121.610372109496,25.0316450698982 121.610410515755,25.0316746856171 121.610486647878,25.0317445277519 121.610508542887,25.0317656169995 121.610607360505,25.0318680106244 121.610628987098,25.0318909065654 121.610684363647,25.0319495493583 121.610735406913,25.0320035967273 121.61081590129,25.0320976879515 121.61089639579,25.0321917791285 121.610953280436,25.0322606984858 121.610963011922,25.0322727828645 121.610979198473,25.0322976512982 121.610996827821,25.0323276958426 121.611006839321,25.0323681360479 121.611012433738,25.0323971199159 121.611013487246,25.0324156500688 121.611007815373,25.0324705638421 121.611002109893,25.0325127663123 121.610986700295,25.0325603173852 121.610974228717,25.0326028908996 121.610951984819,25.0326656589557 121.610892035557,25.0327619092605 121.610801979375,25.0328755990064 121.610792150128,25.0328797290925 121.610665480757,25.0329876829638 121.610600686382,25.0330580787812 121.61057203676,25.0330756476333 121.610527525959,25.0331072348377 121.610500407678,25.0330885269437 121.61042785248,25.0331741761434 121.610442443333,25.0331844358616 121.610373764416,25.0332457930046 121.610239022831,25.0334197326016 121.610159711385,25.0335375868467 121.610043530903,25.0337417566452 121.610013237805,25.0338349731459 121.610010413416,25.0338472675537 121.610010413416,25.0338472675537 121.610004435857,25.0338465168936 121.609998416277,25.0338461360473 121.609992382209,25.0338461267568 121.60998636125,25.0338464890644 121.60998038094,25.0338472213132 121.60997446863,25.033848320154 121.609968651361,25.0338497805611 121.609962955741,25.0338515958549 121.609957407818,25.0338537577328 121.609952032968,25.033856256307 121.609946855775,25.0338590801497 121.609941899916,25.0338622163455 121.609937188059,25.0338656505502 121.609929813779,25.0338733004568 121.609924059627,25.0338799416029 121.609954498293,25.0339656098627 121.609962227935,25.0339877419038 121.609993062481,25.0340712959743 121.610007579493,25.0341093616755 121.610021253704,25.0341394476737 121.610037052927,25.0341686569256 121.610054909863,25.0341968650079 121.610074748447,25.0342239517617 121.610096484175,25.0342498018045 121.610120024457,25.0342743050221 121.610120024457,25.0342743050221 121.610135716268,25.0342895618782 121.61015248047,25.0343038405878 121.61015248047,25.0343038405878 121.610181757138,25.0343269579951 121.610212616011,25.0343482990077 121.610244927462,25.0343677739786 121.610278555759,25.0343853010995 121.610313359642,25.0344008067444 121.61034919291,25.0344142257788 121.61034919291,25.0344142257788 121.610383538098,25.0344247091031 121.610418495444,25.0344333512301 121.610453946146,25.034440122789 121.610489769721,25.0344450007663 121.61052584442,25.0344479685841 121.610542337986,25.0344488848808 121.610733890127,25.0344460574636 121.611133419964,25.0344415982636 121.611301798812,25.0344396869578 121.61161094873,25.0344357607254 121.611809094761,25.034433798558 121.611827203862,25.0344343945982 121.611845253981,25.0344358525246 121.611845253981,25.0344358525246 121.611892609406,25.0344401642545 121.611939548045,25.0344473205268 121.611985864276,25.0344572899924 121.612031355204,25.0344700289785 121.612075821548,25.0344854816801 121.612119068518,25.0345035804043 121.612160906663,25.0345242458669 121.612161751944,25.0345228520718 121.612202656214,25.0345485578408 121.612363040566,25.0346828206152 121.612473724674,25.0347760751994 121.612561293067,25.0348718354598 121.612717233264,25.0354338721176 121.612720451379,25.0354553274472 121.612723606543,25.0354760788518 121.612731923387,25.0355201827252 121.612743452633,25.0355636825464 121.612758142869,25.0356063843297 121.612775928587,25.0356480976479 121.612796730477,25.0356886364817 121.612820455774,25.0357278200493 121.61284699868,25.0357654736124 121.61287624083,25.0358014292555 121.61290805182,25.035835526635 121.612918379276,25.0358458752726 121.612918379276,25.0358458752726 121.612952184352,25.0358781361293 121.6129876789,25.0359088539506 121.613024778165,25.0359379553877 121.613027985474,25.0359392783015 121.61305792051,25.0359509905234 121.613074837766,25.0359573576985 121.613168414378,25.0359936794794 121.613228262085,25.0360165803273 121.613228262085,25.0360165803273 121.613262481484,25.0360281779382 121.613297437765,25.0360377797649 121.613332990844,25.0360453473297 121.613368998248,25.0360508503066 121.613405315682,25.0360542666433 121.613441797611,25.0360555826493 121.613478297836,25.0360547930509 121.613560972512,25.0360469313942 121.613699507428,25.0360354179581 121.613757754722,25.0360348457331 121.613815928391,25.0360375737414 121.613873803373,25.0360435914289 121.613898646142,25.0360470972159 121.613923219987,25.0360519264008 121.613947440045,25.0360580623072 121.613947440045,25.0360580623072 121.613950190589,25.0360583862888 121.613952958938,25.0360585392624 121.613955732298,25.0360585205209 121.613958497851,25.0360583301511 121.613961242817,25.0360579690326 121.613963954508,25.0360574388346 121.613966620393,25.0360567420073 121.61396922815,25.0360558817713 121.613971765727,25.0360548621023 121.613974221397,25.0360536877129 121.61397658381,25.0360523640307 121.613978842047,25.0360508971733 121.613980985673,25.0360492939201 121.613983004779,25.0360475616807 121.613984890035,25.0360457084611 121.613986632727,25.0360437428261 121.613988224801,25.0360416738602 121.613989658899,25.0360395111256 121.613990928393,25.0360372646177 121.613992027416,25.036034944719 121.613992950889,25.0360325621514 121.614086648236,25.0359855904868 121.614139223195,25.035972170423 121.614192670332,25.0359620045229 121.614234194213,25.0359569755171 121.614275993654,25.0359544789088 121.614317882794,25.0359545257992 121.614359675374,25.0359571159796 121.614401185564,25.0359622379329 121.614442228791,25.0359698688843 121.614482622555,25.0359799749029 121.614522187247,25.0359925110524 121.614560746943,25.036007421591 121.614598130187,25.0360246402192 121.614634170755,25.0360440903746 121.614668708393,25.0360656855722 121.614701589527,25.0360893297892 121.614732667953,25.0361149178917 121.614761805477,25.0361423361023 121.61478887254,25.0361714625061 121.6148647319,25.036273408833 121.614965081056,25.0364098400498 121.615026404103,25.0364920209496 121.615032174944,25.0365006820033 121.615035114588,25.0365079373784 121.615066085481,25.0365822450692 121.615078858778,25.0366120568301 121.615096715406,25.036653746455 121.615112022085,25.0366729307959 121.615119980719,25.0366831356061 121.615166510658,25.0367417694512 121.615172352787,25.0367448508988 121.61526532868,25.0367955915425 121.615271917164,25.0367953295352 121.615290321572,25.0368057709531 121.615386594545,25.0368321042075 121.615441680196,25.0368259356495 121.615530333442,25.0368146626304 121.615635315016,25.0367870173426 121.615642479538,25.0367850285843 121.615667762415,25.0367857995524 121.615734407199,25.0367885207161 121.61576948078,25.036789323322 121.615836572183,25.0367981364898 121.615853913213,25.0368020008314 121.61588148104,25.0368082108881 121.615908516659,25.0368161282957 121.615934892832,25.0368257157932 121.615934892832,25.0368257157932 121.615958563035,25.0368362700394 121.615981535707,25.0368480342403 121.616003736409,25.036860970276 121.616025093201,25.0368750362292 121.616045536881,25.0368901865211 121.616045536881,25.0368901865211 121.616065883551,25.0369069701249 121.616084998142,25.0369249157091 121.616102800862,25.0369439483642 121.616119217398,25.0369639886431 121.616134179223,25.0369849528923 121.616134179223,25.0369849528923 121.616146887732,25.0370041557235 121.616158209255,25.0370240658302 121.616168096573,25.0370446001761 121.61617650845,25.0370656731219 121.616183409804,25.0370871967817 121.61618877185,25.0371090813898 121.61618877185,25.0371090813898 121.616190789096,25.0371266722693 121.616191582882,25.0371443440996 121.616191150038,25.037162026324 121.616189492292,25.0371796483445 121.616186616262,25.0371971398036 121.616182533431,25.0372144308648 121.6161772601,25.0372314524917 121.616170817321,25.0372481367238 121.616163230818,25.0372644169473 121.616154530881,25.0372802281619 121.616154530881,25.0372802281619 121.616144268731,25.0372961522906 121.616132822186,25.0373113916189 121.616120246072,25.0373258731529 121.616106600627,25.0373395275285 121.61609195121,25.0373522893432 121.616076367988,25.0373640974699 121.616059925604,25.0373748953496 121.616042702812,25.037384631262 121.616024782108,25.0373932585736 121.615900968412,25.0374479578612 121.615876054573,25.0374595989055 121.615851331935,25.0374718259733 121.615836232434,25.0374802845917 121.615836232434,25.0374802845917 121.615804556947,25.0374976095792 121.615774181043,25.0375167691057 121.615745232545,25.037537682548 121.615745232545,25.037537682548 121.615717254521,25.037558202947 121.615690525939,25.0375800620332 121.615665123873,25.0376031967722 121.615658941941,25.0376084003826 121.615653094061,25.0376139151797 121.615647599077,25.0376197233935 121.615642474695,25.0376258063086 121.615642474695,25.0376258063086 121.615609249592,25.0376613379373 121.615578135894,25.0376984222795 121.615578135894,25.0376984222795 121.615553526313,25.037732269523 121.61553085599,25.0377672228766 121.615525456857,25.0377754787776 121.615500176892,25.0378230616347 121.615478479627,25.037872090416 121.615460464016,25.03792234153 121.615460464016,25.03792234153 121.615447734054,25.0379659061007 121.61543788473,25.038010085926 121.615430951259,25.0380547230594 121.615426958432,25.0380996579193 121.615423904175,25.038148882196 121.615430965613,25.038243385135 121.615461579194,25.038438570081 121.615462693839,25.0384478396554 121.615463099726,25.0384571573524 121.615462794899,25.0384664782478 121.615461780826,25.0384757574019 121.615460062397,25.0384849500764 121.615457647897,25.0384940119496 121.615454548967,25.0385028993308 121.615450780548,25.0385115693705 121.615446360809,25.0385199802669 121.615441311058,25.0385280914678 121.615435655643,25.0385358638658 121.615366275448,25.0386266027321 121.615366275448,25.0386266027321 121.615314194359,25.0386860741706 121.61525910014,25.0387432478096 121.615201114769,25.0387979970633 121.615193233037,25.0388052250106 121.615170154476,25.0388252814645 121.615127786927,25.0388602597984 121.615081035512,25.038896466019 121.615038149251,25.038928783215 121.615011094839,25.0389504179451 121.614994265941,25.0389618719055 121.614988641871,25.0389687564621 121.614958470983,25.0390013460163 121.614888844117,25.0390765214134 121.614863056548,25.0391038114301 121.61485350705,25.0391144317606 121.614730797802,25.0392460260218 121.614730797802,25.0392460260218 121.614700506009,25.0392760185962 121.614672390579,25.0393077212388 121.614672390579,25.0393077212388 121.614619650804,25.0393722042849 121.614591500556,25.0394119262612 121.614565246434,25.0394527117227 121.614551937027,25.0394744429962 121.614523402181,25.0395211906275 121.614510424148,25.0395418100829 121.614510424148,25.0395418100829 121.614486776209,25.0395942262114 121.614466100407,25.0396476751422 121.614466100407,25.0396476751422 121.614449229346,25.0396953865691 121.614435528083,25.0397439335695 121.614425045903,25.0397931415285 121.61440537237,25.0398900481676 121.614401101318,25.0399099454817 121.614395555028,25.0399384246676 121.614378154612,25.0400221771366 121.614373158718,25.040047756058 121.614266629558,25.0405790157226 121.614260472938,25.0406103141604 121.614238699325,25.0407173769226 121.614230685713,25.0407405211531 121.614221453501,25.0407632854516 121.614211024272,25.040785616601 121.614211024272,25.040785616601 121.614200637179,25.0408053781028 121.614189038868,25.0408245722687 121.614176266532,25.0408431375474 121.614162361127,25.0408610144041 121.614162361127,25.0408610144041 121.614148825491,25.0408772580638 121.614134228755,25.0408927203194 121.614118625143,25.0409073437306 121.61410207262,25.0409210739738 121.614084632676,25.0409338600429 121.614084632676,25.0409338600429 121.614068910121,25.0409446068367 121.614052452595,25.0409543978559 121.614035329994,25.0409631915179 121.614017615037,25.040970950476 121.613999382959,25.0409776417778 121.613999382959,25.0409776417778 121.613978358219,25.0409846332588 121.61395686305,25.0409903147749 121.613934995668,25.0409946603657 121.613912855991,25.0409976501752 121.613890545182,25.040999270542 121.613644712893,25.0410132321866 121.613624689146,25.0410140280956 121.613579612628,25.0410169824782 121.613534823361,25.0410224736538 121.613490493194,25.0410304805541 121.613490493194,25.0410304805541 121.613451495476,25.0410399397599 121.613413150326,25.0410514012487 121.613375581504,25.0410648280286 121.613375581504,25.0410648280286 121.613317883223,25.0410909625106 121.613262261015,25.0411205980977 121.613208970474,25.0411535986101 121.613208970474,25.0411535986101 121.613145552879,25.0411973516013 121.613084438918,25.0412437457664 121.613048846513,25.0412763663684 121.613040540538,25.0412840292978 121.613015299313,25.041307768741 121.612986541667,25.0413378061745 121.612943130182,25.0413923338196 121.612913557125,25.0414337769654 121.612894126628,25.0414622321174 121.61287804558,25.0414906734507 121.612863102915,25.041516871143 121.612856180831,25.0415318139488 121.612833388572,25.0415797473241 121.612784314355,25.0417052493197 121.612766392066,25.0417500569678 121.61276196659,25.041756891358 121.612752976678,25.0417705155712 121.61274011109,25.041779966776 121.612723467681,25.0417909773469 121.612707661158,25.0417988968894 121.612707661158,25.0417988968894 121.612662375689,25.0418253792952 121.612619078581,25.0418544911403 121.612577953506,25.0418861089297 121.612577953506,25.0418861089297 121.612553059578,25.0419058768497 121.612529265337,25.0419267384702 121.612506628614,25.0419486430868 121.612506628614,25.0419486430868 121.61246962072,25.0419870753823 121.61243540366,25.0420275971641 121.61243540366,25.0420275971641 121.612416792789,25.0420510300951 121.612399439519,25.0420752507317 121.612353554856,25.0421480594311 121.612315421309,25.0422244867605 121.612300358027,25.0422623580956 121.612291746644,25.0422863719473 121.612285361313,25.0423076501693 121.612278288262,25.042330131949 121.612271543658,25.0423568916458 121.612267732203,25.0423756314208 121.612264097373,25.0423940183758 121.61226228705,25.0424126235121 121.612260070211,25.0424271948084 121.612253595833,25.0424644710084 121.612250243533,25.04248587215 121.612245074947,25.0425226825407 121.612237950459,25.0425886975362 121.612232469424,25.0426464090286 121.612229425949,25.0426923280466 121.612228942022,25.0427383285819 121.612228694277,25.0428141738116 121.61222877834,25.0428211250234 121.612230183274,25.0428506046744 121.612229773068,25.0428538113039 121.612233751777,25.04292264242 121.612234406349,25.042928733621 121.612237869129,25.0429734891896 121.612240568581,25.0429962376473 121.612241868046,25.0430044748541 121.612242164253,25.0430102425238 121.612244648074,25.0430294799789 121.61225813676,25.0431355033622 121.612259228213,25.0431417642962 121.612277560203,25.0432871568661 121.612281213051,25.0433262781794 121.612285237048,25.0433663007626 121.612287213186,25.0433930606313 121.612287407248,25.043400210005 121.612289369575,25.0434301748676 121.612291385889,25.0434630284665 121.612291649893,25.0434782756652 121.612292150166,25.0434932059084 121.612293101152,25.0435290521644 121.612291605215,25.0436927900767 121.612277313238,25.0439957833954 121.612264329875,25.0442769325865 121.612251303732,25.0445594541985 121.612244083956,25.0447280366268 121.612238431,25.0448688876211 121.612227831255,25.044931576561 121.612190028926,25.0451680491357 121.612188430611,25.0451894430418 121.612179366005,25.0452260076614 121.612180524741,25.0452298488142 121.612129377464,25.0455589855231 121.612122131427,25.0457342938903 121.612097112722,25.0462881199564 121.612089160628,25.046544791492 121.612084447646,25.046691371353 121.612083096001,25.0467404982328 121.61207329495,25.0471138100094 121.612070247863,25.0471847374461 121.612065714658,25.0473355958225 121.612062231884,25.0474624895765 121.612055688505,25.0476216619822 121.612055498276,25.0476252649348 121.612048704956,25.0477560543603 121.61204687896,25.0478214245449 121.612045360599,25.047840967375 121.61204533701,25.0478801309007 121.612046561334,25.047921130995 121.612047636874,25.0479421437284 121.61204981038,25.0479627366504 121.612058125606,25.0480184262809 121.612069931285,25.0480735901574 121.612085188601,25.048128046885 121.612120878815,25.0482304307212 121.612165937993,25.0483614759218 121.612205512639,25.0484757155331 121.612239845992,25.0485742409451 121.612253256275,25.0486144505129 121.612268825824,25.0486604020112 121.612276391394,25.0486811442328 121.612297813687,25.0487315632963 121.61232303954,25.0487805004332 121.612351946395,25.0488277178726 121.612384393804,25.0488729861989 121.61242022412,25.0489160854666 121.612459263255,25.0489568062685 121.612501321534,25.0489949507538 121.612532557318,25.0490224837177 121.612606171306,25.04907217716 121.612641086017,25.0490941517425 121.612741152688,25.049138183803 121.612741152688,25.049138183803 121.612783987354,25.0491544309163 121.612827729782,25.0491685288136 121.612872250134,25.0491804356491 121.612917933272,25.0491895821035 121.612917933272,25.0491895821035 121.612979252281,25.0491991516405 121.613041151889,25.0492048269413 121.613103334433,25.0492065807146 121.613165500889,25.0492044045269 121.613211798239,25.0491975597866 121.613222045309,25.0491974904015 121.613484620168,25.0491491446984 121.613614389078,25.0491275283532 121.613702997334,25.0491113813808 121.613836844279,25.0490847826007 121.613891165513,25.0490772364215 121.613891165513,25.0490772364215 121.614143475197,25.0490457002768 121.614498393774,25.0490206209894 121.614670568112,25.0490146995022 121.614842919457,25.0490104924006 121.614969265694,25.0490102182756 121.615095418963,25.0490165829298 121.615220959263,25.0490295651731 121.615247248923,25.0490329862325 121.615278191082,25.0490373088715 121.61535840328,25.0490506179004 121.615393430183,25.0490572528146 121.615420949314,25.0490627722706 121.615431411288,25.0490652963217 121.615447411036,25.0490728642654 121.615444604308,25.0490684792645 121.615502365743,25.0490810596808 121.615539166693,25.0490896914226 121.615548770177,25.0490917280648 121.615593632858,25.0491032514541 121.615619233216,25.0491115233325 121.615636428634,25.0491156500824 121.615645786845,25.049118184274 121.615912952002,25.0491458038312 121.615928025018,25.0491496143396 121.615933212817,25.0491325993912 121.615934699591,25.0491361652613 121.615972411856,25.0491545063113 121.616026749454,25.0491759107125 121.616065354611,25.049193171041 121.616114415245,25.0492377309271 121.616160460011,25.0492497818916 121.616175217001,25.0492538103572 121.616178010776,25.0492506545742 121.616187351426,25.049261556873 121.616216028589,25.0492950285092 121.616235101205,25.049326219171 121.616236044891,25.0493266576274 121.616243503909,25.0493378394417 121.616241586238,25.0493388314476 121.616243036545,25.0493516700994 121.616257071944,25.0493835550399 121.616265627486,25.049394028121 121.616275087684,25.0494289806424 121.616284792428,25.0494952259203 121.616287717384,25.0495302092835 121.616152573568,25.0503347617309 121.616150480726,25.0503344183206 121.616103730179,25.0506055600984 121.616095980132,25.0506517411101 121.616091724274,25.0506982975014 121.616090982641,25.0507450101452 121.616093758728,25.050791659179 121.616093758728,25.050791659179 121.616099598508,25.0508552791847 121.616109991677,25.0509184153013 121.616124893771,25.0509807973898 121.616144241038,25.0510421585372 121.616174074775,25.0511071146865 121.616208544278,25.0511701380064 121.616247499598,25.05123095432 121.616247499598,25.05123095432 121.616295681094,25.0512891627925 121.616347918671,25.0513443917632 121.616403990893,25.0513964071093 121.616463660066,25.0514449883304 121.616949023638,25.0517443171292 121.617086661261,25.0518291139737 121.617089861396,25.0518284910507 121.617132179134,25.0518544830785 121.617165334178,25.0518750464835 121.61718219395,25.0518852863844 121.617390384872,25.0520133858848 121.617545120053,25.0521082767304 121.617571097519,25.0521244100611 121.617631439811,25.0521612099904 121.617729859394,25.0522218118008 121.617808547007,25.0522686015572 121.617838331437,25.0522869489161 121.618208852941,25.0525141762326 121.618228888791,25.0525292598449 121.61823414038,25.0525329936257 121.618269296211,25.0525512733982 121.618508317185,25.0526982287909 121.618596916653,25.0527530207716 121.618837750025,25.0529035160656 121.619190378628,25.0531193589042 121.619487795629,25.0533017116753 121.619600881008,25.0533713783244 121.619892652107,25.0535501967902 121.620252966023,25.0537760350368 121.620290209257,25.05380131131 121.620344125038,25.0538406372318 121.620395631883,25.0538825568767 121.620444579605,25.053926948015 121.62049082548,25.0539736812105 121.62049082548,25.0539736812105 121.620507890547,25.0539922555506 121.620507890547,25.0539922555506 121.620521578734,25.0540078376819 121.620535943876,25.0540229056862 121.620535943876,25.0540229056862 121.620581490886,25.0540852521675 121.620626189583,25.0541523238093 121.620664535608,25.0542193574524 121.620664535608,25.0542193574524 121.62068164315,25.0542543052925 121.620696993332,25.0542899238504 121.620696993332,25.0542899238504 121.620710419977,25.0543245726228 121.620710419977,25.0543245726228 121.620736814298,25.0544026700322 121.620734110293,25.0544474100283 121.620733910675,25.0544494627725 121.620727724206,25.0544588867916 121.62072566423,25.054492632941 121.6207311282,25.0545030825555 121.620728556025,25.0545551666613 121.620733414483,25.0545555887267 121.620728052964,25.0546638655731 121.620720408876,25.054663298271 121.620712479265,25.0546740291824 121.620622383838,25.0546777858845 121.620617388347,25.0547151103488 121.620591780352,25.0549063666484 121.620585884209,25.0549518019942 121.620581390107,25.0549863437465 121.620558238694,25.054988408579 121.620519227155,25.054978135236 121.62046065976,25.0549636011249 121.620440193744,25.0552588923412 121.620436760863,25.0553667997799 121.620441424995,25.0554746688801 121.62045416439,25.0555819960924 121.620474919599,25.0556882803956 121.620503593752,25.0557930256357 121.620540053015,25.0558957428423 121.620584127205,25.0559959525108 121.620635610595,25.0560931868414 121.620694262865,25.0561869919226 121.620759810227,25.0562769298506 121.620831946707,25.0563625807733 121.620910335565,25.0564435448507 121.620994610873,25.0565194441215 121.621900548812,25.0572813425237 121.621937405885,25.0573144929475 121.621971738683,25.0573498207803 121.622003392542,25.0573871668769 121.622032224864,25.057426363 121.622058105762,25.0574672325781 121.622080918645,25.057509591501 121.622100560741,25.057553248949 121.622116943562,25.0575980082527 121.622129993304,25.0576436677787 121.622139651174,25.057690021838 121.622145873663,25.0577368616127 121.622148632735,25.0577839760966 121.622147915956,25.0578311530457 121.622143726553,25.0578781799343 121.622136083392,25.0579248449125 121.622125020903,25.0579709377607 121.622110588916,25.0580162508362 121.622092852441,25.0580605800089 121.622071891378,25.058103725581 121.622047800148,25.0581454931863 121.622020687278,25.058185694666 121.622020687278,25.058185694666 121.621085695072,25.0594732045217 121.621085695072,25.0594732045217 121.620758470475,25.0598957330391 121.620403614385,25.0602993341324</coordinates></LineString><LineString><coordinates>121.621302439736,25.0561230610498 121.621245789322,25.0560692799434 121.621193333944,25.05601207695 121.621145322041,25.0559517229992 121.621105238542,25.0558936224861 121.62106927419,25.0558333266393 121.621037573315,25.0557710774464 121.621010263137,25.0557071247343 121.620987453254,25.0556417251662 121.620969235202,25.0555751412117 121.620955682088,25.0555076400932 121.620946848299,25.0554394927138 121.620946848299,25.0554394927138 121.620942886968,25.0553754880709 121.620943088283,25.0553113820541 121.620947451532,25.0552473991015 121.620948127984,25.0552409074224 121.620974247954,25.0549979367031 121.620976569809,25.0549611018914 121.620985876031,25.0548123651207 121.620990731579,25.0548134262971 121.620993150281,25.0548084018281 121.620995327945,25.0548090375397 121.62099615735,25.0548066800395 121.620986759044,25.0548039364505 121.621031153337,25.0546826676429 121.621031613992,25.0546796774574 121.621037703441,25.0545684002732 121.621033572589,25.0545392933021 121.621031494128,25.0545280531374 121.621016712884,25.0544710735921 121.62100898876,25.0544426219533 121.621010578676,25.0544171958064 121.621010575491,25.0544171820802 121.620990435209,25.0543336990554 121.620990435209,25.0543336990554 121.620977759587,25.0542924671263 121.620939902039,25.0541965726612 121.620895902084,25.0541028788216 121.620895902084,25.0541028788216 121.620883028894,25.0540814370288 121.620838815622,25.0540073223952 121.620789531907,25.0539359108779 121.620735376137,25.053867489927 121.620679495121,25.0538058158279 121.620619535921,25.053747406149 121.620555727856,25.0536924842778 121.620488314965,25.0536412602621 121.620419727392,25.0535952936181 121.620419727392,25.0535952936181 121.620117950148,25.0534106979544 121.6200994751,25.0533993968193 121.619867418287,25.053256405352 121.619844737152,25.0532426172816 121.619830795014,25.0532341417242 121.619451004742,25.0530015765351 121.61916953258,25.052830595652 121.619153667973,25.0528209213765 121.619024930419,25.0527424167857 121.618982790309,25.0527167195595 121.618880985951,25.0526546387142 121.618519435992,25.0524341625194 121.61848109694,25.0524107829448 121.618392129536,25.0523564175839 121.618367270324,25.0523412268331 121.618231335749,25.0522579490344 121.618216173201,25.0522486599656 121.617700879879,25.0519349418441 121.617695940326,25.0519319366531 121.61753181692,25.0518327258369 121.617418381623,25.0517640127218 121.617333026718,25.0517116112285 121.617300709685,25.0516921457913 121.617281602438,25.0516803714586 121.616633262248,25.0512871332098 121.616592136345,25.0512589119777 121.616553263488,25.0512281548094 121.616516831743,25.0511950105081 121.616483017365,25.0511596394261 121.616451983944,25.0511222126885 121.616423881619,25.0510829113657 121.616398846345,25.0510419255969 121.616377641016,25.0510009886047 121.616359234464,25.0509589429811 121.616343696118,25.0509159473297 121.616331084588,25.050872163838 121.616321447445,25.0508277576648 121.616315725889,25.050785807223 121.616313060104,25.0507436040517 121.616313461743,25.0507013326565 121.616316929045,25.0506591778409 121.61632344685,25.0506173238984 121.616367690601,25.0503345012216 121.616373943814,25.050284884557 121.616452134479,25.0497550687978 121.616455438922,25.0497341191878 121.616473031568,25.0496135406363 121.616475638492,25.0495957988549 121.616519370353,25.0493019099197 121.616567622491,25.0489785619403 121.616570053433,25.0489791386694 121.616572197252,25.0489500506296 121.616577403058,25.0489169324268 121.616588266671,25.0488519038941 121.616593018296,25.0488250710536 121.616598922843,25.0487949382125 121.616605724041,25.0487578230162 121.616619464996,25.0486914825069 121.616621123334,25.0486842171225 121.616661791088,25.0484990558469 121.616680556531,25.0484247859569 121.616686063921,25.0484024368841 121.616690013661,25.0483876687578 121.616706007796,25.0483309771878 121.616741657516,25.0481952424671 121.616783109484,25.0480608822571 121.616783109484,25.0480608822571 121.616823999095,25.047937740557 121.616823999095,25.047937740557 121.616840913887,25.0478884684252 121.616840913887,25.0478884684252 121.616885791966,25.0477713672597 121.616885791966,25.0477713672597 121.616943852876,25.0476256599206 121.616943852876,25.0476256599206 121.617129497293,25.0472211340874 121.617129497293,25.0472211340874 121.617139544037,25.0472008786877 121.617164696086,25.0471473736533 121.617282356859,25.0469229004308 121.617285233477,25.0469174897415 121.617333540016,25.0468272258079 121.617348439579,25.046800404937 121.617394433207,25.04671533266 121.617515860498,25.0464951048088 121.617644869642,25.0462612221032 121.617655573453,25.0462415958957 121.618094541275,25.0454419578785 121.618099692944,25.0454317528743 121.618314146845,25.0450421153072 121.618493062888,25.0447178796839 121.618522649368,25.0446635344102 121.619064982018,25.043681215147 121.619110634244,25.0435976875472 121.61915108331,25.0435358693203 121.619186766089,25.0434849090953 121.619225142926,25.0434356002971 121.619248215525,25.0434084021078 121.619288517111,25.0433638231128 121.619330721749,25.0433207304568 121.619364728932,25.0432883948818 121.619420616207,25.0432420288635 121.619754193094,25.0429930632071 121.619808451833,25.0429511629967 121.619859410324,25.0429059544595 121.61990682604,25.0428576527597 121.61990682604,25.0428576527597 121.619949954729,25.0428083907033 121.619989529024,25.0427567117546 121.620025386202,25.0427028284147 121.620025386202,25.0427028284147 121.620036695189,25.0426834703509 121.620046486144,25.0426676937052 121.620347456307,25.0421901657859 121.620470126251,25.0419962559628 121.620481740617,25.0419785306561 121.620726941825,25.0415781801713 121.620988790043,25.0411866770103 121.620988790043,25.0411866770103 121.621099266243,25.0410404341033 121.621099266243,25.0410404341033 121.621447667805,25.0406143006597 121.621559668479,25.0404767872849 121.621578445395,25.0404547526633 121.621620964611,25.0404050325856 121.621667086178,25.0403580531656 121.621667090911,25.0403580486447 121.621680370641,25.040345367427 121.621693929146,25.0403329558378 121.621693933939,25.0403329513568 121.621748008727,25.0402879363567 121.621805030617,25.0402460483177 121.621864782101,25.0402074470177 121.62192703526,25.0401722796976 121.621991552634,25.0401406804996 121.622058088126,25.0401127699556 121.622058088126,25.0401127699556 121.622116911571,25.0400923852443 121.622176884835,25.0400750023008 121.622237823515,25.040060674573 121.622237823515,25.040060674573 121.622248602711,25.0400582009028 121.622259443506,25.0400561512894 121.622342177365,25.0400439058957 121.622386038487,25.0400381609376 121.622438777971,25.0400322704389 121.622499307341,25.0400245868279 121.622561984144,25.0400152068684 121.622624007423,25.0400027320725 121.622685193197,25.0399871994451 121.622685193197,25.0399871994451 121.622740313119,25.0399699597096 121.622765993468,25.0399614663543 121.622791267392,25.0399520151744 121.62282609138,25.0399385348667 121.622860503873,25.039924027085 121.622989294244,25.03985613835 121.623106948905,25.0397731382094 121.623142703333,25.0397437736933 121.623291328406,25.0396142847968 121.62345930979,25.0394736371955 121.62349713559,25.0394404360368 121.623507876274,25.0394303608708 121.623595037294,25.0393550266758 121.62363944614,25.0393165616198 121.623777348167,25.0391969126189 121.623777352615,25.0391969087571 121.623787365901,25.0391880283939 121.623790816098,25.0391850346206 121.623974081844,25.0390260083027 121.624044728697,25.0389647112981 121.624051709956,25.0389586494782 121.624205910778,25.0388248508454 121.624208825772,25.0388223215278 121.624208998292,25.0388221717523 121.624307826062,25.0387358823243 121.624356743538,25.038693543163 121.624443543626,25.0386175870639 121.624476645287,25.0385869875176 121.624513780336,25.0385505569872 121.624535288037,25.0385200151835 121.624570143607,25.0384815809783 121.62460259391,25.0384417394812 121.624613393711,25.0384277187568 121.624667402596,25.0383517468885 121.624667402596,25.0383517468885 121.624692486284,25.038309671041 121.624715786629,25.0382667526011 121.624715786629,25.0382667526011 121.62472796245,25.0382426779337 121.624735180508,25.0382277965442 121.624746071858,25.0382044675683 121.624757336635,25.0381785640444 121.62476791876,25.0381528800617 121.624771576927,25.0381434033478 121.624775107305,25.0381331566739 121.624775913087,25.0381308182444 121.624781663226,25.0381176311596 121.624835824227,25.0379935123319 121.624843415014,25.0379720118534 121.624850837798,25.0379520960399 121.624859713353,25.0379326798817 121.624870001525,25.0379138512226 121.624881655766,25.0378956952482 121.624894623349,25.0378782941007 121.624908845604,25.0378617265074 121.624924258187,25.0378460674242 121.624940791366,25.0378313876966 121.624958370341,25.0378177537393 121.624976915579,25.0378052272358 121.624996343178,25.037793864859 121.625016565242,25.0377837180149 121.625037490281,25.0377748326105 121.625059023626,25.0377672488453 121.625081067853,25.0377610010302 121.62510352323,25.0377561174316 121.625126288164,25.0377526201443 121.625149259659,25.0377505249906 121.625172333789,25.0377498414496 121.625195406159,25.0377505726138 121.625218372385,25.0377527151751 121.625241128563,25.0377562594402 121.625263571738,25.0377611893739 121.625285600371,25.0377674826719 121.625307114801,25.037775110862 121.625307114801,25.037775110862 121.625697621978,25.0379318631115 121.625767569883,25.0379545754408 121.625839033756,25.0379729580623 121.625911691094,25.0379869280195 121.625985214013,25.0379964222691 121.626059270718,25.0380013979659 121.626133527009,25.0380018326558 121.626207647782,25.0379977243773 121.626281298546,25.0379890916703 121.626354146933,25.0379759734925 121.626425864193,25.0379584290434 121.626496126683,25.0379365374975 121.626564617325,25.0379103976464 121.626564617325,25.0379103976464 121.626613410502,25.0378876569308 121.626703795685,25.0378537658513 121.626791070345,25.0378133293985 121.626912286551,25.0377537991258 121.627009853546,25.0376932947933 121.62709652129,25.037629171297 121.627182719882,25.0375643997275 121.627267535575,25.0375063237196 121.627291755955,25.0374795070673 121.627300364835,25.0374538400555 121.627326819699,25.0374163518556 121.627324559552,25.0374140319558 121.62734751878,25.0373966190611 121.627375061606,25.0373800350547 121.627399837956,25.0373650517174 121.627426752855,25.0373496981745 121.627462899127,25.0373335109588 121.62758842701,25.0372859600278 121.62763680715,25.0372747403641 121.627696426835,25.0372600784099 121.62776700342,25.0372409642181 121.627905539483,25.0372102942554 121.628035547218,25.0371610176215 121.628065053629,25.0371524961635 121.628128837234,25.0371421046307 121.628182973682,25.0371422987787 121.62826026915,25.0371387380942 121.628314321407,25.0371399075751 121.628337386483,25.0371429602526 121.628410442264,25.0371397064163 121.628455593813,25.0371346843915 121.628576027977,25.0371123333581 121.628696197571,25.0370828422152 121.628779968712,25.0370589678175 121.62884829473,25.0370338951941 121.628916078447,25.0370016295421 121.628977569805,25.036975195643 121.629113032435,25.036925037194 121.629240043591,25.0368809453123 121.629336129351,25.0368430518611 121.629410368651,25.0368117154551 121.629484948148,25.0367771635997 121.629566191755,25.036735866489 121.629630775067,25.0366998765655 121.629686866594,25.036662081096 121.629728154859,25.0366284293501 121.629803801786,25.0365702194616 121.629852507213,25.0365298192425 121.629892926847,25.0364891293247 121.6299213749,25.0364559656095 121.629944188394,25.036421634218 121.629976033482,25.0363668881482 121.629994414631,25.0363339388735 121.630017928971,25.0362682231997 121.630041453149,25.036202498452 121.630091465409,25.0358880299749 121.630141477434,25.0355735614727 121.630162382031,25.0353908386968 121.630188227271,25.0352495855514 121.630186865386,25.0352445625655 121.63018588433,25.0352394663914 121.63018528871,25.0352343209654 121.630185081326,25.0352291504553 121.63018526315,25.0352239791468 121.630185833328,25.0352188313291 121.630186789183,25.0352137311814 121.630188126224,25.0352087026585 121.630189838172,25.0352037693793 121.630191916986,25.035198954515 121.630194352901,25.0351942806808 121.630197134477,25.0351897698294 121.630200248648,25.0351854431479 121.630203680787,25.0351813209585 121.630207414774,25.0351774226229 121.63021143307,25.0351737664514 121.630215716802,25.0351703696166 121.630220245849,25.0351672480733 121.630224998938,25.0351644164833 121.630229953745,25.0351618881463 121.630235086997,25.0351596749377 121.630240374584,25.0351577872529 121.630245791669,25.0351562339581 121.63025131281,25.0351550223491 121.630256912075,25.0351541581167 121.630262563162,25.0351536453202 121.630268239531,25.0351534863681 121.630268239531,25.0351534863681 121.630356380232,25.0351607321418 121.630528973237,25.0352271410765 121.630631896961,25.0352728102674 121.630750686862,25.0353303560689 121.630823033043,25.0353571329395 121.630868051669,25.0353785548297 121.63099510186,25.0354120148102 121.63109869091,25.0354443374838 121.63127444971,25.0354921524992 121.631386287604,25.0355233475422 121.631529210008,25.0355601251173 121.631628273738,25.0355862622601 121.631729069439,25.0356061579609 121.63175886413,25.0356153030389 121.631929729909,25.0356653860401 121.632071230627,25.0357108630826 121.632228416623,25.0357618796351 121.632314816856,25.0358006483345 121.632535706428,25.0358404455099 121.632775845982,25.0359026998379 121.632963508483,25.035976788463 121.633145339408,25.0359977678068 121.633374219227,25.0359577553789 121.633377164272,25.0359655974967 121.633419457196,25.0359443188344 121.633471989731,25.0359159546845 121.633501979795,25.035872420299 121.633527703909,25.0358356479972 121.633560976225,25.0357674802987 121.633598499322,25.0357216274025 121.633628953345,25.0356857881515 121.633649515758,25.0356728393331 121.633761852333,25.0354868780051 121.633835121921,25.0353055958303 121.633856793685,25.0352519758717 121.633864105594,25.0352127617547 121.6338669874,25.0351973064873 121.633880342121,25.0351256844074 121.633903080001,25.0350143566285 121.633947111182,25.0348726861619 121.634004184724,25.0348045917246 121.634041689212,25.0347798062891 121.634096187026,25.0347609178954 121.634148103404,25.0347496129228 121.6341792622,25.0347582838325 121.634263786833,25.0347665345505 121.634343340275,25.0347828752183 121.634420285275,25.0348031761504 121.634458346238,25.0348201640611 121.634499210477,25.0348512439836 121.63453034277,25.0348922263224 121.634536404729,25.0349224490964 121.63452482656,25.0349613392009 121.634531305585,25.0350326875791 121.634572152137,25.0350571378311 121.634633723203,25.0350582544555 121.634706812666,25.035043814457 121.634820342245,25.0350055550774 121.634836372528,25.0350229272549 121.634857232116,25.0350597536 121.63502083037,25.0350220950398 121.635049115997,25.0350118921973 121.635053682335,25.0349592344372 121.635105437786,25.0348604260573 121.635154073319,25.0348264461551 121.635359387896,25.0347079970879 121.635439536961,25.0346662430455 121.635544806704,25.0345573216828 121.635601807549,25.0345097893327 121.635777392914,25.0344219994801 121.635919608209,25.0343927452056 121.636148208192,25.0343665606985 121.636288666091,25.0343212979571 121.636313911311,25.0343167751823 121.636335150104,25.0343174155077 121.636478615557,25.0342712369122 121.636694169004,25.0341614090355 121.636753166128,25.0341340723195 121.636843924252,25.0340860066538 121.636929395236,25.0340522368311 121.637043585347,25.0340131527652 121.63709322026,25.0339919860468 121.637197938815,25.033968587958 121.637209241471,25.0339678623969 121.637220527364,25.0339696466854 121.637229389258,25.0339481826021 121.637332197809,25.0339302005401 121.637426160142,25.0338846782167 121.637523750083,25.0338432996553 121.637602591276,25.0338094946946 121.637662873904,25.0337817097354 121.637721483837,25.0337619758603 121.637885142129,25.0336378061545 121.638000620912,25.0335251812037 121.638156115711,25.0333619185473 121.638146530641,25.0333582075793 121.638178756622,25.0333182558053 121.638260634382,25.0332011272599 121.638296771355,25.0331490972823 121.63834726914,25.0330914257283 121.638366843995,25.0330773217864 121.638388239667,25.033060446866 121.638583395257,25.0329312756954 121.638581891816,25.0329298918465 121.638689977396,25.0328584764828 121.638690421146,25.0328580592887 121.638922849416,25.0326946669531 121.638924516118,25.0326939174636 121.639004313809,25.032630730612 121.639058231183,25.0326005078259 121.639101970587,25.032587247224 121.639160748844,25.032561905691 121.639411686619,25.0324089575929 121.639501168798,25.0323576266932 121.639566619241,25.0322826543485 121.639642363075,25.0321636073146 121.63971604951,25.032107037036 121.639763392974,25.0320624759382 121.639823933781,25.0320119292282 121.639973109152,25.0319452873978 121.640069611588,25.031935533115 121.640217235397,25.03190772519 121.640495462756,25.0317737186026 121.640615193541,25.0317362934602 121.640764233663,25.0316841173454 121.640997532636,25.0316154314466 121.64113987264,25.0315756739491 121.641188708301,25.0315622251527 121.641328085902,25.0314512588302 121.641484091855,25.0313704987442 121.641669476314,25.031328291977 121.641838083352,25.0313107209532 121.642026450303,25.0312187723837 121.642154328621,25.0312414883852 121.64216213127,25.0312333086376 121.642184872898,25.03120657074 121.642192912173,25.0311993593395 121.642205065466,25.0311850697038 121.642295257061,25.031080406809 121.642339843527,25.0310096174769 121.642347684181,25.0310116578754 121.642395920484,25.0309658851862 121.642438327102,25.0309575586508 121.642590389624,25.030906127925 121.642703881247,25.030861318848 121.642794989234,25.0308242622203 121.64289866501,25.0307688243791 121.642936695188,25.0307440405739 121.642986573642,25.0307339301333 121.643027875932,25.0307513921134 121.643306074665,25.0306611813957 121.643339351477,25.0304868605851 121.643356638857,25.0304462501345 121.643518501834,25.0303457270453 121.643553474952,25.030304814297 121.643529979238,25.0302930893802 121.643567235798,25.030249223621 121.643579930678,25.0302419282126 121.643644230131,25.0302135547058 121.643768208311,25.0301391237597 121.6438610338,25.0300762751448 121.643941409823,25.0300126949774 121.643998808523,25.0299455941091 121.644089555588,25.0298635307873 121.644193943003,25.0297517669807 121.644333400778,25.0296886138987 121.644463579035,25.029649436002 121.644706495329,25.0295942319202 121.644826688496,25.0295987638904 121.644991659879,25.0296027705887 121.645159113414,25.0295858988025 121.645325881601,25.0295348013061 121.645750605233,25.0294369702953 121.645931666368,25.0293670718733 121.645912782986,25.0293127242683 121.646057586538,25.0291813969102 121.64627329901,25.029052316027 121.646316450956,25.0290332328368 121.646380855783,25.0289949540131 121.646439501986,25.0289450270345 121.646463917208,25.0288939579204 121.646491752198,25.0287939603529 121.646503355084,25.0287277167635 121.646499350136,25.0287235903424 121.646481682756,25.0286611755355 121.64648573125,25.0286471374793 121.646410030259,25.0283392245156 121.646408995566,25.0283005983026 121.646406075111,25.0282670540133 121.646410936245,25.0281925159509 121.646433404212,25.0281594029256 121.646627104266,25.027915828141 121.64681577436,25.0279434333747 121.646972783883,25.0279747278615 121.647105702955,25.0280180691344 121.647190019037,25.0280517081906 121.647282818614,25.0280894798927 121.647304825136,25.0281008435757 121.647347512698,25.0281228864757 121.647412028958,25.0282212423685 121.64751851071,25.0283299514901 121.647558637375,25.0284065499498 121.647669464342,25.0284881135269 121.647913079142,25.0285221574223 121.647970303408,25.0285511424921 121.64806089124,25.0285156738673 121.648146434806,25.0285328963881 121.648197402864,25.028489023868 121.648211192631,25.0284620061982 121.64822133346,25.0284401684421 121.648256412959,25.0283878427857 121.648272640282,25.0283570588416 121.648335215064,25.0282478904792 121.648479438111,25.0281482424981 121.648675708771,25.0279783553015 121.648744210434,25.0279110326507 121.648746360965,25.0279129823349 121.648801615889,25.0279043180578 121.648858642218,25.0278989954058 121.648928769376,25.0279033838049 121.6489309863,25.0278953482569 121.649048454991,25.0279181455884 121.6490698322,25.0279208148002 121.649198211955,25.0279891014668 121.649314427617,25.0280336073076 121.649420657029,25.0280501880255 121.649450497256,25.0280530368767 121.64965039212,25.0280034303262 121.649804682742,25.0279097497047 121.650046613314,25.0278231698606 121.650155771534,25.0276649976967 121.650206287787,25.027610239841 121.650313037876,25.0276174269638 121.650533553067,25.0275984719651 121.650629632936,25.0276171151007 121.650738738327,25.0276374678401 121.650927620983,25.0276948651872 121.651000048837,25.0277258098992 121.651172995783,25.0277405276603 121.651329062907,25.0277462989268 121.651505302059,25.0277519931075 121.65155010624,25.0277754085768 121.65156435506,25.0278477872971 121.651606970604,25.0279276942847 121.651779962111,25.0280281788281 121.651932745487,25.027970429935 121.652086780803,25.0278239807102 121.65215660356,25.0277450076178 121.652194309153,25.0277274623583 121.652251526664,25.0277008377365 121.652271622386,25.0276922941683 121.652396075965,25.0276529908197 121.652462889299,25.0276228872699 121.65251202381,25.0275811700005 121.652537160871,25.0275554154144 121.652599129252,25.0274981904714 121.652654654874,25.0274648390379 121.652681112468,25.0274598923595 121.65272612397,25.0274661785956 121.652762648598,25.0274767753937 121.652850202505,25.0275070755251 121.653130787108,25.0274496597069 121.653297213612,25.027424259271 121.653512286182,25.0275533690742 121.653602246221,25.0276348812524 121.653762200243,25.0276628156836 121.653967542749,25.0278857833919 121.654104814411,25.0279285303747 121.654203981838,25.0278879932585 121.654311851453,25.0278406345474 121.654319900603,25.0278319768609 121.654402347104,25.0277698364959 121.654511995567,25.027681062732 121.654576632773,25.0276685932312 121.654706592708,25.0276710416227 121.654844731971,25.0276661271169 121.654914006936,25.0276273745661 121.654914483274,25.0276269057486 121.654928039407,25.0275922768067 121.654963878205,25.027490379069 121.654987692375,25.0274365089073 121.655049917409,25.0274198670754 121.655188395205,25.0274986548468 121.65531994726,25.0275655502904 121.655452375819,25.0276345960656 121.655500250535,25.0276511235889 121.655525555237,25.0276783395891 121.655687213623,25.0276917781994 121.65577353772,25.0276675684186 121.655808685918,25.027669648615 121.655820114588,25.0276703343559 121.655829542339,25.0276607919126 121.65586396099,25.0276668502369 121.655865426808,25.0276358297668 121.655928452799,25.027631730904 121.65593052742,25.0276364418855 121.655975066128,25.0276133683316 121.655932527629,25.0275168004568 121.655885423222,25.0275340206448 121.655858875797,25.0275390990983 121.655829369069,25.027515207456 121.655760831055,25.0275083754146 121.65574653377,25.0275188800062 121.655667465611,25.0275538977522 121.655602594838,25.0275472467522 121.655579025528,25.0275512954242 121.65553848517,25.0275523375008 121.655477502214,25.0275370127481 121.655365779456,25.0274650881253 121.655245232235,25.0273592902452 121.655160029437,25.0273239368474 121.655007215043,25.0273177037047 121.654916608979,25.0273533916106 121.654881130894,25.0274518925952 121.65484850881,25.0275514866318 121.65481393504,25.0275898259757 121.65476347462,25.0276069575259 121.654712768114,25.0276143348263 121.654609705573,25.0275950908025 121.654478887385,25.0276244361377 121.654374068905,25.0277046963007 121.65435439843,25.0277298082567 121.654295957529,25.0277605636131 121.654289128103,25.0277622430879 121.654233790374,25.0277897921425 121.654051542773,25.0277845214163 121.653925792355,25.0276827634513 121.653819917632,25.0275719056847 121.653567994932,25.0275024314182 121.653408879849,25.0273960193425 121.653306134129,25.0273689588572 121.653263143298,25.0273693691719 121.653197966175,25.0273543100789 121.65286308882,25.0274463315168 121.652796031409,25.0274268271526 121.652689326604,25.027374720321 121.652514935461,25.0274501171592 121.652498377276,25.0274548292739 121.652252009865,25.027550725694 121.652222901883,25.0276087608764 121.652196643329,25.0276679136243 121.65214576803,25.0276990034791 121.652140251614,25.0276957685845 121.652124679901,25.027691936468 121.652058362595,25.027734451581 121.652042282936,25.0277536072504 121.652046215431,25.0277571199361 121.651977623169,25.0278031836061 121.651850420384,25.0279054145177 121.651827136099,25.0278662449548 121.651839492282,25.0278568739021 121.651784019041,25.027794147066 121.651730517656,25.027678042553 121.651460794228,25.0276039724523 121.65138979887,25.0275852616599 121.651363811233,25.0275878727928 121.651284117102,25.027609504168 121.651116063318,25.0276167467111 121.650909517797,25.0276020175113 121.650909517797,25.0276020175113 121.65084861759,25.0275949601286 121.650788345088,25.0275843324734 121.650728952159,25.0275701789565 121.650670686994,25.0275525587227 121.650487210257,25.0275331235933 121.650359098889,25.0275176775931 121.650330846637,25.0275246985775 121.650310965114,25.0275162812115 121.650257811858,25.0274724391865 121.649728887006,25.0278318265698 121.649655082423,25.0278704729156 121.649618626254,25.0279020766833 121.649533360382,25.0279413237669 121.649452926368,25.0279478955091 121.649332673591,25.0279214001641 121.649264299916,25.0279112986171 121.649172881635,25.0278754054573 121.649083020691,25.0278548891078 121.649062080827,25.0278505929526 121.649061175928,25.0278551162923 121.648946722206,25.027806967909 121.648930269721,25.0277986617785 121.648884327449,25.0277504994879 121.648844034185,25.0277647138844 121.648816886318,25.0277650851726 121.648815473368,25.0277828042266 121.648813796744,25.0277956041853 121.648788557389,25.0278140862829 121.648720631954,25.0278326824593 121.648716873137,25.0278094157174 121.64853997396,25.027841614053 121.648470323032,25.0279334886892 121.648397470535,25.0280308391844 121.648084337624,25.0283406636539 121.64807607263,25.0283762969958 121.648003837803,25.0284064674472 121.647978754793,25.0284208048875 121.647917145465,25.0284214255528 121.647755861769,25.0283989627333 121.647623534669,25.028284604203 121.647532098641,25.0281810996 121.647467698809,25.0281049944393 121.647367539446,25.0280611755652 121.647355579317,25.0280535629037 121.647297267878,25.0280387130507 121.647168914461,25.0279318119569 121.647021702896,25.0279152094089 121.646860279901,25.0278622406756 121.646725457247,25.0278386323736 121.646666456735,25.027834068134 121.646536914706,25.0278708248257 121.646460735166,25.0279159439632 121.646426036252,25.0279445781414 121.646388931498,25.0279773756436 121.64636074193,25.0280077780665 121.646333418043,25.0280521159168 121.646317154453,25.0281271369034 121.646310858486,25.0282115126703 121.646261343078,25.0282112314296 121.646282132303,25.0283021701306 121.64631198924,25.0284349501828 121.646354139093,25.0286804723079 121.646364321219,25.0286891490546 121.646374903315,25.028755260047 121.646378979868,25.0287541409059 121.646383873365,25.02876899773 121.646373525669,25.0287684378556 121.64635049068,25.0289278818086 121.646302913954,25.0289200872541</coordinates></LineString><LineString><coordinates>121.622775971697,25.0569186623642 121.622766166834,25.0569353185949 121.622736275397,25.056970749363 121.622668576896,25.0570093810943 121.622605294897,25.0570278596583 121.622531963785,25.0570303330588 121.622461860377,25.0570137328205 121.62243137945,25.0570031375198 121.622393913194,25.0569901140779 121.62223785622,25.0568632225663 121.622101818609,25.0567535427993 121.622028483228,25.0566944163142 121.62191269702,25.0566010637514 121.621806818167,25.0565117228879 121.621602478659,25.0563388000101 121.621588787951,25.0563272141824 121.621470350536,25.0562265789593 121.621322697348,25.0561058717497 121.621321695858,25.0561050322334</coordinates></LineString><LineString><coordinates>121.624714815536,25.0378285380691 121.624701438053,25.0377699214024 121.62473268289,25.0377425525986 121.624734803149,25.0377405214147 121.624724956026,25.0377332772264 121.624729672301,25.0377253217949 121.624730062361,25.0377045106379 121.624728975741,25.0376758423098 121.624719319257,25.0376201531242 121.624719319257,25.0376201531242 121.624709830712,25.0375879916339 121.624698165965,25.0375564297365 121.624684370139,25.0375255895226 121.624668496603,25.037495590291 121.62465060676,25.037466548087 121.624630769815,25.0374385752542 121.624558794002,25.0373440297194 121.624515249677,25.0372888350357 121.624507501074,25.0372791715387 121.624454230899,25.0372113062989 121.624244392717,25.0369421065665 121.624323949246,25.03689187463 121.624360208318,25.0368684571529 121.624369907754,25.0368622051409 121.624404234326,25.0369033549397 121.624569724967,25.0371152325444 121.624581500131,25.0371294653337 121.624650362454,25.0372177856082 121.624659990834,25.0372307634964 121.624659990834,25.0372307634964 121.624707643231,25.0372847811408 121.624751250632,25.0373415640553 121.62479062029,25.0374008612635 121.624825578187,25.0374624106764 121.624855969805,25.0375259402494 121.624855969805,25.0375259402494 121.62487138471,25.0375720355415 121.624881639121,25.0376185949042 121.624882311907,25.0376301208182 121.624884649467,25.0376592443119</coordinates></LineString><LineString><coordinates>121.646164037395,25.0290301308494 121.646058166705,25.0290840366923 121.645970413014,25.0291386672137 121.64584142982,25.0292540906753 121.645659506587,25.0293360154896 121.64559286931,25.029364336816 121.645559820509,25.0293751514309 121.645286295854,25.0294754449183 121.645291020595,25.0294863245806 121.645246986645,25.0294999343994 121.645231486244,25.0294650874284 121.645203726922,25.0294736671479 121.645156451998,25.0294864756072 121.645028655183,25.0295073159479 121.644963174581,25.0295029506984 121.644943921909,25.0295010932264 121.64491637451,25.0295123081424 121.644923349292,25.0295367527242 121.644727174676,25.0295275058527 121.64466236812,25.0295249658831 121.644637533559,25.0295168039697 121.644584733459,25.0295479357305 121.644536434288,25.0295643413793 121.64440931658,25.0296028281329 121.644344498008,25.0296265728634 121.644341357697,25.0296229301463 121.64425577905,25.0296502767193 121.64405440732,25.0297463043404 121.644022705534,25.0297760354212 121.643970868262,25.0298170303747 121.643858126012,25.0299121229939 121.643811782323,25.0299691097275 121.643804713025,25.0299682917193 121.643771357593,25.0299896116307 121.643771357593,25.0299896116307 121.643772304332,25.0299910493742 121.643773140902,25.0299925427574 121.643773863383,25.0299940847832 121.643774468391,25.029995668227 121.643774953091,25.0299972856698 121.643775315211,25.0299989295335 121.643775553055,25.0300005921163 121.643775665509,25.0300022656284 121.643775652046,25.0300039422291 121.643775512729,25.030005614063 121.643775248211,25.0300072732971 121.64377485973,25.0300089121576 121.643774349108,25.0300105229659 121.643773718737,25.030012098175 121.643772971569,25.0300136304046 121.643772111106,25.0300151124758 121.643771141379,25.0300165374448 121.643770066932,25.0300178986351 121.643768892798,25.0300191896693 121.643767624479,25.0300204044985 121.643766267918,25.0300215374309 121.643764829469,25.0300225831585 121.643763315873,25.0300235367817 121.643761734221,25.0300243938326 121.643760091923,25.0300251502957 121.643758396675,25.0300258026266 121.643756656418,25.0300263477692 121.643754879307,25.0300267831692 121.643634541483,25.0300867264906 121.643552938931,25.0301507632044 121.64352947724,25.0301816501954 121.643432281307,25.0302482280255 121.6433392487,25.0303075292777 121.64318870185,25.0303947952712 121.64318802905,25.0303952713167 121.64280711271,25.0306787510042 121.642653187702,25.0307663289976 121.642590472723,25.0307984237861 121.642536334222,25.0308182124485 121.642342132625,25.0308760455222 121.642306897601,25.0308953100307 121.642271345105,25.0309308598846 121.642219896447,25.0309161433946 121.642179861097,25.0309745468468 121.642170920329,25.0309777994384 121.642069258982,25.0310300863391 121.641931576426,25.031072462561 121.641877672291,25.0310725870363 121.641877672291,25.0310725870363 121.641769583666,25.0311046607641 121.641640354462,25.031128212992 121.641584043436,25.0311456814718 121.641378052368,25.0312727455947 121.64133216206,25.0313048033638 121.641334741987,25.0313093062205 121.641311258529,25.03132662391 121.641309535349,25.0313249070016 121.641159830711,25.0314222154762 121.640997484621,25.0315200387517 121.640830421401,25.0315930281651 121.640648800165,25.0316619182491 121.640346632894,25.0317780383117 121.640137507481,25.0318438503745 121.640138087836,25.0318468451641 121.63996327795,25.0318746006892 121.63996327795,25.0318746006892 121.639867511642,25.0318983954982 121.639771483375,25.0319557574037 121.639614198742,25.0320936687162 121.639595863274,25.0320719269975 121.639576456459,25.0320920074908 121.639577237304,25.0320935388871 121.639452487769,25.0322150235387 121.639296474337,25.0323440545468 121.639211114643,25.0324046834726 121.639100156106,25.0324913959338 121.639017634571,25.0325452144764 121.63896371721,25.0325754372477 121.638951725478,25.0325808423965 121.638847101519,25.0326432602266 121.638749234374,25.0327016405205 121.63856310114,25.0328240292369 121.638470759912,25.0328952143671 121.638313947697,25.0330138656154 121.638294791354,25.0330268849879 121.638234409455,25.0330660278241 121.63817270352,25.0331365575818 121.638152985399,25.0331654956782 121.638081658476,25.033270679988 121.63795832939,25.0334546580168 121.637919375267,25.0335099952189 121.637818337128,25.0335992461586 121.637712205501,25.0336635745778 121.6376138662,25.0337094704661 121.637523604103,25.0337632852912 121.637420125384,25.033806043307 121.637303022108,25.0338374212279 121.637296768544,25.0338391723896 121.637150130454,25.033875272085 121.637038679264,25.0339132022876 121.637036333232,25.0339098134725 121.636962289427,25.0339381627293 121.636850271504,25.0339949142106 121.636592106662,25.0341273593793 121.636465635384,25.0341696284089 121.636279741352,25.0341984952195 121.636278961689,25.0341957963997 121.636253112649,25.0342004391172 121.636253683966,25.0342023812325 121.63613468959,25.0342239042367 121.63599359853,25.0342482155968 121.635837215209,25.0342797785266 121.635695928406,25.0343276625038 121.635502873105,25.0343962161147 121.63536964343,25.034440481221 121.635346124731,25.0344473888702 121.635343233774,25.0344421108322 121.635317592872,25.0344467795823 121.635280732582,25.0344645056116 121.635251519178,25.0344797162494 121.635085075271,25.0346128591155 121.634977981245,25.03470435492 121.634891134413,25.0347751984054 121.634760771517,25.0348683101656 121.634769372232,25.0348788626081 121.634679725849,25.0348860983826 121.634653374425,25.0348990667698 121.634605031489,25.0348325203164 121.634567261234,25.0347774213219 121.634506239493,25.0347022079413 121.634454842074,25.0346987349364 121.634365549935,25.0346775934136 121.634309352547,25.0346656545438 121.634206741801,25.0346655959449 121.634130922239,25.0346802830166 121.634073156417,25.0346928617243 121.634004270988,25.0347167367166 121.633953094969,25.0347505571926 121.633953094969,25.0347505571926 121.633931286858,25.0347718790296 121.633911075267,25.0347944689424 121.633892548804,25.0348182278969 121.633875788689,25.0348430517342 121.6338608684,25.0348688316265 121.633847853348,25.034895454555 121.633836800594,25.0349228038046 121.633827758592,25.0349507594762 121.633820766986,25.034979199012 121.633815856427,25.0350079977326 121.633770263243,25.0351274698955 121.633757112811,25.0351651231361 121.633751823354,25.035180268277 121.633735253414,25.0352277124474 121.633730386432,25.0352475334275 121.633708343092,25.0353373057212 121.633645119298,25.0354838528522 121.63360187413,25.0355421660978 121.633576412162,25.0355084197215 121.633565648382,25.035517629015 121.633530992971,25.0355460885158 121.633464948245,25.035606099197 121.633464160814,25.0356302885196 121.633372664793,25.035685658932 121.63333356225,25.0357280675193 121.633267297177,25.0357837997894 121.633231285239,25.0357951208628 121.63320766104,25.0358008549899 121.633112074369,25.0358161042625 121.632987395941,25.0358105324744 121.632946625735,25.0358060657488 121.632871382186,25.0358037861548 121.632767644736,25.0357755189269 121.632757220744,25.0357833725185 121.6325639202,25.0357353179657 121.63256749421,25.0357250198787 121.63225612268,25.0356366600107 121.632204902809,25.0356151575655 121.632200488837,25.0356181826625 121.632172809494,25.0356176865117 121.632098311418,25.0355964897257 121.632024968304,25.0355724893145 121.631837957817,25.0355270944309 121.631536912012,25.0354657679974 121.631359492609,25.0354207138839 121.631193415868,25.0353768843255 121.631073803088,25.0353406123113 121.630917308073,25.0352855223528 121.630918665099,25.0352829592821 121.630916551412,25.0352823724089 121.6308736465,25.0352615374065 121.63086395767,25.0352581479032 121.63081371933,25.0352352675781 121.630668753467,25.0351572581342 121.630479432375,25.0350828583402 121.630385663227,25.035050403291 121.630251889946,25.0350159421021 121.630212152567,25.0350118494154 121.630156556394,25.035014748433 121.630156556394,25.035014748433 121.630146964691,25.0350186550389 121.630137674721,25.0350231261088 121.63012872645,25.0350281424073 121.630120158377,25.0350336823536 121.630112007363,25.0350397221138 121.630104308474,25.0350462357039 121.630097094833,25.0350531951011 121.630090397474,25.0350605703651 121.630084245211,25.035068329766 121.630078664511,25.0350764399216 121.630073679384,25.0350848659406 121.630069311277,25.0350935715727 121.630059036349,25.0351830102658 121.630010804528,25.0355931677616 121.63000604332,25.0356385446737 121.629995700034,25.0356852454168 121.629985694053,25.0357358809234 121.629978953289,25.0357894275751 121.62996709692,25.035857946385 121.629962624148,25.0359131806271 121.629954753009,25.0359704516271 121.629947163333,25.0360439356918 121.629936931542,25.0360969194329 121.629927805747,25.0361337203045 121.629914572939,25.0361734998649 121.629899434778,25.0362127458679 121.6298732936,25.0362628723608 121.629834993059,25.0363225481252 121.629797776497,25.0364003474575 121.629780710157,25.0364191893883 121.629764904865,25.0364443184492 121.629739349655,25.0364696335125 121.629723557796,25.0364742238411 121.629609180135,25.0365662550743 121.629545793239,25.0366075122348 121.629508019418,25.0366308570517 121.629463523413,25.0366496442808 121.629336059008,25.0367057635596 121.629213263303,25.0367602378104 121.629105440046,25.036804934095 121.628966770656,25.0368558284262 121.628920525834,25.0368659921833 121.62885341029,25.0368874755756 121.628761523095,25.0369170812129 121.628690187074,25.0369426270316 121.628610140885,25.0369701599208 121.628456222535,25.0370079287684 121.628248383826,25.0370393363179 121.628128236739,25.0370577586905 121.627948274495,25.0370874854633 121.627846772462,25.0371050338999 121.6277531602,25.0371229459764 121.627651110128,25.0371495968212 121.627533755585,25.0371831738735 121.6274661879,25.0372015890489 121.627405589197,25.0372263303037 121.627320737072,25.0372752973026 121.627253321137,25.0373233957653 121.627243648653,25.0373309842288 121.627207318323,25.03735768978 121.627122778665,25.0374290357254 121.627061845148,25.0374736037269 121.627036210935,25.0374913712701 121.626944082155,25.0375591832689 121.626878595401,25.0376047816529 121.626841960084,25.0376261348129 121.626808834745,25.0376440063248 121.626758170786,25.0376659967731 121.626735895476,25.0376749470188 121.626723637461,25.0376513911672 121.626624478147,25.0376953242544 121.626476026131,25.0377640934531 121.626476026131,25.0377640934531 121.626417270823,25.0377858124987 121.626357022853,25.0378038203957 121.626295564266,25.0378180328416 121.626233182776,25.0378283833021 121.626170170415,25.0378348233221 121.626106822171,25.0378373227532 121.626043882052,25.0378353033825 121.625981227325,25.0378294872021 121.62591913364,25.0378198998001 121.625857874178,25.0378065833562 121.625797718449,25.0377895964559 121.625738931109,25.0377690138329 121.62538616812,25.0376275768088 121.625343008389,25.0376132321987 121.625298868598,25.0376016238486 121.625253957478,25.0375928066529 121.625221865741,25.0375899173066 121.625202912523,25.037588687993 121.62516720149,25.0375874146169 121.625131475029,25.0375882552885 121.625095883763,25.0375912064636 121.625060577744,25.0375962557001 121.625025705822,25.0376033817104 121.624988333698,25.0376144537403 121.624988333698,25.0376144537403 121.624961419171,25.0376236466282 121.624935112229,25.037634198811 121.624909495506,25.0376460771423 121.624884649469,25.0376592443103</coordinates></LineString></MultiGeometry>
  </Placemark>
  <Placemark>
	<name>大坑溪右岸</name>
	<Style><LineStyle><color>ff0000ff</color></LineStyle><PolyStyle><fill>0</fill></PolyStyle></Style>
	<ExtendedData><SchemaData schemaUrl="#riverlineok">
		<SimpleData name="RIVER">大坑溪右岸</SimpleData>
		<SimpleData name="RIVERCODE">143051</SimpleData>
	</SchemaData></ExtendedData>
      <MultiGeometry><LineString><coordinates>121.616067408588,25.0648242831043 121.616156598757,25.0648050244618 121.616246977812,25.0647911040211 121.616338161067,25.0647825810321 121.616429760415,25.0647794917713 121.616479431158,25.0647801251493 121.616530309687,25.0647824507533 121.616563169105,25.0647848511658 121.616563169105,25.0647848511658 121.616623047118,25.0647910665324 121.616623047118,25.0647910665324 121.616845433128,25.0648498447517 121.616920741188,25.0648733657003 121.616920741188,25.0648733657003 121.616985311858,25.0648970833294 121.61704856426,25.0649235847118 121.617110353835,25.0649528092802 121.617110353835,25.0649528092802 121.617173969999,25.0649871131863 121.617235504892,25.0650244341546 121.617294786209,25.0650646676833 121.617351647956,25.065107701115 121.617351647956,25.065107701115 121.61740773658,25.0651556102946 121.617461189381,25.0652059573851 121.617461189381,25.0652059573851 121.617492318542,25.065230445819 121.617521847039,25.0652565271084 121.617549676777,25.0652841146112 121.617594566272,25.0653412825587 121.617594566272,25.0653412825587 121.617646185047,25.0654165477783 121.61769192644,25.0654949032635 121.617731568522,25.0655759688673 121.617764918953,25.0656593512934 121.617783650275,25.0657162848089 121.617799441583,25.0657739530734 121.617802344075,25.065832884561 121.617813783338,25.065880522667 121.617831748796,25.0662234383046 121.61784576904,25.0663825249115 121.61784576904,25.0663825249115 121.617842656078,25.0664120976032 121.617837798261,25.0664414745684 121.617837798261,25.0664414745684 121.617829378358,25.0664773493552 121.617818351314,25.066512633044 121.617804766194,25.0665471686361 121.617788683445,25.0665808024612 121.617770174625,25.0666133848616 121.617749322092,25.0666447708577 121.617726218628,25.0666748207935 121.617700967035,25.0667034009578 121.61767367967,25.0667303841792 121.61767367967,25.0667303841792 121.617650091688,25.0667511117831 121.617625257708,25.0667705946209 121.617599256796,25.0667887706643 121.617557093142,25.0668167341188 121.617557093142,25.0668167341188 121.617524355661,25.0668399184068 121.617493343833,25.0668649937941 121.617464189102,25.0668918539998 121.617464189102,25.0668918539998 121.617439125127,25.066917951454 121.6174157986,25.0669453526683 121.617394291092,25.0669739618224 121.617374677816,25.0670036788723 121.617357027358,25.0670343998995 121.617341401444,25.0670660174745 121.617329671771,25.0670936782691 121.617319499013,25.0671218457854 121.617310909407,25.0671504473766 121.617311039379,25.0671585810308 121.617313448126,25.0673089136798 121.617315682649,25.0674482148674 121.617315682649,25.0674482148674 121.617325402964,25.0674771220495 121.61733673583,25.0675055379109 121.617349651508,25.0675333878812 121.617349651508,25.0675333878812 121.617361727289,25.0675562976129 121.617374876581,25.0675787116956 121.617374876581,25.0675787116956 121.617396464677,25.0676111664364 121.617420310236,25.0676422827333 121.617446313579,25.0676719305161 121.617474366013,25.0676999858533 121.617538022338,25.067759657731 121.617538022338,25.067759657731 121.617544405548,25.0677655715791 121.617544405548,25.0677655715791 121.61757454214,25.0677917200669 121.617606183632,25.0678163496683 121.617606183632,25.0678163496683 121.617628671118,25.0678323144542 121.617651796082,25.067847505 121.617651796082,25.067847505 121.617677641841,25.0678631400553 121.617704154382,25.0678778197342 121.617704154382,25.0678778197342 121.617710961951,25.0678813845393 121.617710200014,25.0678816404923 121.617755124666,25.0678926610746 121.61779933677,25.0679058574378 121.617842709401,25.0679211916977 121.617842709401,25.0679211916977 121.617883388572,25.0679373545154 121.61792310635,25.0679553922002 121.61792310635,25.0679553922002 121.617960918003,25.0679626525707 121.61799913021,25.0679678919394 121.61864999398,25.0680398514956 121.618684933294,25.0680437233424 121.618684933294,25.0680437233424 121.618750825426,25.0680530635186 121.618750825426,25.0680530635186 121.618816804124,25.0680666070148 121.618881621628,25.0680841974585 121.618881621628,25.0680841974585 121.618926925133,25.0680991575187 121.619002824973,25.0681295090637 121.619002824973,25.0681295090637 121.619046512015,25.0681502176089 121.619046512015,25.0681502176089 121.619101464149,25.0681802809075 121.619154462418,25.0682131256733 121.619236426083,25.0682686217587 121.619265328802,25.0682882092391 121.619386469472,25.0683702645799 121.619443320121,25.0684087753895 121.619541834127,25.0684755052502 121.619714534825,25.0685925000146 121.619834651674,25.0686738640982 121.619847521674,25.0686825765124 121.620085448428,25.0688437431276 121.620126127381,25.0688712980745 121.620749243619,25.0692933690821 121.620780702855,25.0693146699078 121.620839155687,25.0693542658479 121.620914341397,25.069405907299 121.62092431041,25.0694132685283 121.62092431041,25.0694132685283 121.620968928418,25.0694483117107 121.621011129677,25.0694857561308 121.621050758673,25.069525463803 121.621087669365,25.0695672884014 121.621121725733,25.0696110757987 121.621139534428,25.0696359635868 121.621178483189,25.0696977053138 121.621178483189,25.0696977053138 121.621197730664,25.0697329578094 121.621215309054,25.0697689262381 121.621215309054,25.0697689262381 121.621238680001,25.0698246738306 121.621258054699,25.0698816782274 121.621273352466,25.0699397020616 121.621284509596,25.0699985037205 121.621291479625,25.0700578383526 121.621294233523,25.0701174588865 121.621292759816,25.0701771170601</coordinates></LineString><LineString><coordinates>121.621188761794,25.0701775342499 121.621126051259,25.0708546874415 121.621098767555,25.0711492969264 121.62108246689,25.0713253109377 121.621049114201,25.0716854507234 121.621036423166,25.0718224870593 121.62102777194,25.0718229204815 121.620872318591,25.0722123324403 121.620778735599,25.0722632713361 121.620530342673,25.0729024597393 121.62039348275,25.0732546253885 121.620481919712,25.0732878586061 121.62052778046,25.0733479998817 121.620617615233,25.0735109851065 121.620716208307,25.0736809393366 121.620749355567,25.073736024711 121.620789898875,25.0737323884276 121.620914179812,25.0738049137733 121.62106233217,25.0739820182246 121.621087298367,25.0740246069431 121.621119984093,25.0740804976385 121.62111055082,25.0741971060048 121.62110507378,25.0742648204929 121.621099057269,25.0743474243273 121.621042019898,25.0744199407432 121.621254553688,25.0747048672353 121.621254553688,25.0747048672353 121.621280525415,25.0747393855502 121.621309061617,25.0747721813537 121.62134002504,25.0748030969025 121.621373266756,25.0748319834972 121.621408626878,25.0748587021973 121.621445935331,25.0748831244893 121.621485012667,25.0749051329053 121.621525670928,25.0749246215876 121.621567714556,25.0749414967981 121.621610941325,25.0749556773693 121.621655143321,25.0749670950942 121.621700307593,25.074977422882 121.621746126368,25.0749849904807 121.621792396518,25.074989764341 121.621838912912,25.0749917232989 121.621885469331,25.0749908586699 121.621931859374,25.0749871742872 121.62197787738,25.0749806864848 121.622023319338,25.0749714240252 121.62206798379,25.0749594279718 121.622111672725,25.0749447515067 121.622154192458,25.0749274596951 121.622195354486,25.0749076291968 121.622234976327,25.0748853479264 121.622272882325,25.0748607146633 121.622308904435,25.074833838614 121.622512765552,25.0746496261707 121.622554287408,25.0746434303889 121.62256293969,25.0746423406742 121.62257165299,25.0746417852101 121.622580387585,25.074641766529 121.622589103653,25.074642284716 121.62259776146,25.0746433374087 121.622606321534,25.0746449198079 121.62261474485,25.0746470246997 121.622622993008,25.0746496424879 121.622631028404,25.0746527612381 121.622638814406,25.0746563667323 121.622646315517,25.0746604425332 121.622653497541,25.0746649700594 121.622660327735,25.0746699286702 121.622666774961,25.0746752957597 121.622672809826,25.0746810468596 121.622678404817,25.0746871557509 121.622729801586,25.0747499642401 121.622779097843,25.074814342967 121.622779097843,25.074814342967 121.622815871653,25.0748709971944 121.622848303063,25.0749298102671 121.622876240058,25.0749905065221 121.622899551688,25.0750528014692 121.62291812868,25.0751164031247 121.622931883956,25.0751810133795 121.622940753035,25.0752463293969 121.622949155384,25.0753220476365 121.623012479325,25.0758926098893 121.623030780459,25.0760556861122 121.623043787927,25.0761657995359 121.623054866147,25.0762668479696 121.622801311331,25.076886109686 121.622883282185,25.0771296375876 121.622893260956,25.0771566875502 121.622899143196,25.0771787552672 121.622916551928,25.0772908273344 121.622923447824,25.0773352249081 121.622939119443,25.0773331910432 121.622939119443,25.0773331910432 121.622962830968,25.0773644254405 121.622988776696,25.0773941502532 121.623016841124,25.0774222331529 121.623046899315,25.0774485491204 121.623046899315,25.0774485491204 121.623072000429,25.0774680366852 121.62309819751,25.0774862886056 121.623125417307,25.0775032538481 121.623125417307,25.0775032538481 121.62315641338,25.0775203547524 121.623188445115,25.0775357916632 121.623221404934,25.077549512736 121.623255182141,25.0775614718887 121.623255182141,25.0775614718887 121.623284310457,25.0775701676422 121.623313867724,25.0775775660341 121.623377014728,25.0775918537814 121.62368307416,25.0776610943984 121.623698689301,25.0776651359636 121.623713973247,25.077670118189 121.623728857763,25.0776760188323 121.623743276401,25.0776828115508 121.623757164791,25.0776904660195 121.623770460929,25.0776989480662 121.623783105457,25.077708219824 121.623795041925,25.0777182399004 121.623806217045,25.0777289635624 121.623806217045,25.0777289635624 121.623816131285,25.0777398166047 121.623825264621,25.0777512238853 121.623833579798,25.0777631388754 121.6238410429,25.0777755129753 121.623847623485,25.0777882957124 121.623853294711,25.0778014349476 121.623858033447,25.0778148770875 121.623858033447,25.0778148770875 121.623862047026,25.0778295201117 121.623864955673,25.0778443781825 121.623866745866,25.077859382228 121.623867409282,25.0778744624974 121.623866942837,25.077889548886 121.623865348699,25.0779045712603 121.623862634278,25.0779194597844 121.623859105816,25.0779331461323 121.623854629981,25.0779466007369 121.623849224849,25.0779597692644 121.623842912247,25.0779725985359 121.623835717666,25.0779850367428 121.623827670162,25.0779970336556 121.623818802231,25.0780085408267 121.623809149685,25.0780195117867 121.623798751505,25.0780299022311 121.623798751505,25.0780299022311 121.623772840361,25.0780553064565 121.623748601928,25.0780820450709 121.623726118893,25.0781100268586 121.623705467956,25.0781391563628 121.623686719567,25.0781693342113 121.623686719567,25.0781693342113 121.623674194992,25.0781921228937 121.623662756964,25.078215380578 121.623662756964,25.078215380578 121.623648190028,25.0782497304969 121.623635991567,25.0782848374478 121.623626208601,25.0783205661212 121.623618878835,25.0783567788109 121.623614030524,25.078393335945 121.623611682355,25.0784300966241 121.623660184072,25.0784552162062 121.623658191052,25.0786057745453 121.623657939332,25.0786245717785 121.623636843583,25.0787025896176 121.623636843583,25.0787025896176 121.623659841458,25.0787329656003 121.62368488655,25.0787619677019 121.623711880184,25.078789481656 121.623740716009,25.0788153990595 121.623771280413,25.0788396177992 121.623803452976,25.0788620424548 121.623837106941,25.0788825846744 121.623872109713,25.0789011635228 121.623872109713,25.0789011635228 121.623903701504,25.0789157322412 121.623936122535,25.0789287021992 121.623969275347,25.0789400344096 121.624003060286,25.0789496948079 121.624003060286,25.0789496948079 121.624025676038,25.0789564149509 121.624047733062,25.0789645305498 121.624069127687,25.0789740034596 121.624089759354,25.0789847891562 121.62410953109,25.078996836945 121.624128349964,25.0790100901991 121.624146127525,25.079024486626 121.624162780214,25.07903995856 121.62417822976,25.0790564332802 121.624192403547,25.0790738333525 121.624205234955,25.0790920769933 121.624216663673,25.0791110784543 121.624226635985,25.079130748425 121.624235105017,25.079150994453 121.624242030963,25.0791717213779 121.624247381268,25.0791928317794 121.624251130784,25.0792142264345 121.624253261888,25.0792358047839 121.624253764561,25.0792574654054 121.62425263644,25.0792791064894 121.624249882827,25.0793006263187 121.624245516662,25.0793219237454 121.624239558468,25.0793428986673 121.624232036249,25.0793634524979 121.624222985359,25.0793834886297 121.624212448338,25.0794029128886 121.624200474714,25.0794216339763 121.624189822931,25.0794360812114 121.62417838407,25.0794500204129 121.62417838407,25.0794500204129 121.624173481728,25.0794546658655 121.624168910251,25.0794595831932 121.624164687777,25.0794647528856 121.624164687777,25.0794647528856 121.624125877538,25.0795059913215 121.624090220266,25.0795495269748 121.62405787942,25.0795951602737 121.624029003258,25.0796426820307 121.624003724156,25.0796918744008 121.623982157999,25.0797425118808 121.623964403656,25.0797943623423 121.623950542517,25.0798471880965 121.623940638131,25.0799007469833 121.623934428259,25.0799544835508 121.623932151837,25.0800084771153 121.623933818927,25.0800624891324 121.623939422171,25.0801162809756 121.623948936818,25.0801696149908 121.623962320836,25.0802222555465 121.623979515099,25.0802739700745 121.624005860855,25.080345757849 121.624019078989,25.0803817779187 121.624019440928,25.0803827784982 121.624034120648,25.0804188009758 121.624051487986,25.0804538178498 121.624071460571,25.0804876630356 121.624071460571,25.0804876630356 121.624090325342,25.0805154805882 121.624110941118,25.0805422477064 121.624133237578,25.0805678730855 121.624157138668,25.0805922693152 121.62418256286,25.0806153531778 121.624209423432,25.0806370459324 121.624209423432,25.0806370459324 121.624237279617,25.080657070943 121.624266324692,25.0806756422174 121.624296467299,25.080692701341 121.624327612627,25.0807081946558 121.624327612627,25.0807081946558 121.624362320624,25.0807257295904 121.624395614869,25.0807454072954 121.624427336126,25.0807671336578 121.624427336126,25.0807671336578 121.624454866509,25.0807885840418 121.624480894569,25.0808115373645 121.624505321553,25.0808359065393 121.624528054784,25.0808615991078 121.624549008007,25.0808885175905 121.624568101724,25.0809165598566 121.62458526349,25.0809456195114 121.624637048612,25.0809221004541 121.624722747173,25.080883172382 121.624750776912,25.0808704431018 121.624774977308,25.0808594527892 121.624795428381,25.0808406568541 121.624741274486,25.0807450559385 121.62472176917,25.0807168466326 121.624689914188,25.0806784853609 121.624672845505,25.0806603965965 121.624654749896,25.0806431555861 121.624654749896,25.0806431555861 121.624639299061,25.0806299860239 121.624622976067,25.0806177201005 121.624605844523,25.0806064056146 121.62453424991,25.0805592188196 121.624435552894,25.0804933111933 121.624435552894,25.0804933111933 121.624395541801,25.0804625799882 121.624395541801,25.0804625799882 121.624385410679,25.0804544193734 121.624375829817,25.0804457250055 121.624366833064,25.0804365276005 121.624358452203,25.0804268596514 121.624350716843,25.0804167553137 121.624350716843,25.0804167553137 121.624332287136,25.0803914877875 121.624315531892,25.0803652711253 121.624300509858,25.0803381972512 121.6242850526,25.0803164743133 121.624279711136,25.0803055474128 121.624268689176,25.0802829998087 121.624257293917,25.0802580668533 121.624252626375,25.0802478540903 121.6242303942,25.080170343152 121.624205954247,25.0800837485438 121.624184412112,25.0800150374798 121.624177426049,25.0799814771978 121.624174727821,25.0799612525842 121.624173443803,25.0799409128186 121.624173579169,25.0799205398382 121.624175133371,25.0799002157139 121.624179403963,25.0798729009465 121.624183423771,25.07984973986 121.624193980659,25.0798154795192 121.62420968445,25.0797817435187 121.624234692264,25.079739661481 121.624274397335,25.0796845116978 121.624345141243,25.0795858511799 121.624397680734,25.0795129724627 121.624426365142,25.0794755364062 121.624428425494,25.079472721786 121.624449768385,25.0794435709931 121.624482124302,25.0793924272228 121.624495232801,25.0793713841446 121.624514371435,25.079316953606 121.624530245925,25.0792691515193 121.624537726161,25.0792291417174 121.624540510083,25.079172635701 121.62454046257,25.0791365422933 121.624531226528,25.0790884095386 121.624516784931,25.0790350671664 121.6244917324,25.0789782396627 121.624473226703,25.0789420188802 121.62444867111,25.0789050240038 121.624410424793,25.078860419582 121.624367089459,25.0788222059948 121.624318345386,25.0787873238544 121.624266937482,25.0787579847759 121.624220736371,25.0787365997863 121.624163077704,25.078718052014 121.624119423719,25.0787087558107 121.624075180625,25.0787008518755 121.624040050573,25.0786961763234 121.624008145915,25.0786826515847 121.623979829353,25.0786641584403 121.623958472391,25.0786458675632 121.623955327497,25.0786413954709 121.623936697234,25.0786149029086 121.623921244981,25.0785811363748 121.623916843831,25.0785420784041 121.623859402173,25.0785427682343 121.623854849391,25.078510310172 121.623853142725,25.0784610325679 121.623856893498,25.0784130907846 121.623867024677,25.0783667525531 121.623877813735,25.0783261989956 121.623892864161,25.0782878158498 121.6239079745,25.0782568714968 121.623927644521,25.0782258847126 121.62395901622,25.0781862730003 121.623986542332,25.0781541312776 121.624003596168,25.0781355576348 121.624035717576,25.0781097109424 121.624067279687,25.0780877210426 121.624120441896,25.078062917696 121.624143803424,25.0780609552624 121.624442534673,25.0780179806319 121.624580101642,25.0778416638763 121.624589860339,25.0777409612559 121.624587828131,25.0776256649299 121.624538099013,25.077547060856 121.624466524543,25.0775239016806 121.62432784234,25.0774790487568 121.62425452103,25.0774553266031 121.624181550409,25.0774398457122 121.624033753961,25.0774084928389 121.623889995543,25.0773780019353 121.623862185615,25.0773743579655 121.62375154104,25.0773598703106 121.62343078259,25.0772585906553 121.623344767928,25.0772237431985 121.623306981874,25.0772191034769 121.623177315588,25.0771488993312 121.623154040783,25.0771301815819 121.623114414012,25.0769724568979 121.623155666297,25.0769716156567 121.623211734754,25.076950534723 121.623251617626,25.0768142890479 121.623278384862,25.0765877557919 121.623309187242,25.0765708796055 121.62336819206,25.0765561509849 121.623309028783,25.0763653229892 121.623300931068,25.0761853668484 121.623316582505,25.0761441336912 121.623428254192,25.0760102587451 121.623445677757,25.0760097070816 121.623496250804,25.0759174998887 121.623555182867,25.0758414988368 121.623533481559,25.0757411541065 121.62345968074,25.0757036370189 121.623425122864,25.0756600507989 121.623403575222,25.0756115619217 121.623403866179,25.0755535200346 121.623414674577,25.0755277946684 121.624075571209,25.0754681278913 121.624092267681,25.0754666181923 121.62411081044,25.0752776738162 121.624078532452,25.0752647461534 121.624105869699,25.075166701309 121.624061680318,25.0750886593038 121.624079770272,25.0749844274691 121.624087706574,25.0749386993547 121.62407627797,25.0748777452373 121.624137660377,25.0748470784453 121.624148748881,25.0748266651182 121.624148612897,25.0748175834969 121.624144306374,25.0747920490055 121.624089690203,25.0747386883226 121.624080993762,25.0747330119564 121.62407611575,25.074725417847 121.624031610743,25.0746819267247 121.624005816009,25.0746300037426 121.623904446264,25.0745652446097 121.623791539062,25.0745502587348 121.623769588475,25.0745337485843 121.623724927813,25.0744995126916 121.623672298117,25.0744115760549 121.623674112776,25.074357962206 121.623674546463,25.0743451320833 121.623643997796,25.0741596841341 121.623652478454,25.0741479376004 121.623655187287,25.0741499366531 121.623678119153,25.0741507972668 121.623707961825,25.0741207081192 121.623732020117,25.0740732793514 121.623733896498,25.0740362512405 121.6237281185,25.0739992568057 121.623709344801,25.0739577903526 121.623666835847,25.07392589623 121.62361798494,25.0739173755825 121.623534332061,25.0739272173031 121.623498465421,25.073927541527 121.623441516319,25.0739192854236 121.623415165394,25.0739107292644 121.62338345762,25.0739013559979 121.623346355884,25.0738818760178 121.623252164413,25.0738073223694 121.623184570901,25.073755695628 121.623047693714,25.0736464108967 121.6229397174,25.0735609947489 121.622899293487,25.0735328749629 121.622906922977,25.0735243090188 121.622857357582,25.0734844509647 121.622821471944,25.0735410534617 121.622787628765,25.0735944343306 121.62275824553,25.0736555566687 121.622735143482,25.0737117365096 121.622712228617,25.0738171427371 121.62271111615,25.0739424705933 121.622707235306,25.0740116939381 121.622700062427,25.0740561696312 121.62269044364,25.0740836921842 121.622640702751,25.0741301018715 121.622606675614,25.0741462231136 121.622481980206,25.0742126070093 121.622467190333,25.0742204806589 121.622323928369,25.074292651551 121.622234776398,25.0743509896195 121.622163344253,25.0744071650073 121.622081803944,25.0744866017763 121.622032108686,25.0745276177698 121.621972870079,25.0745631612355 121.621922779489,25.0745703046791 121.621900160104,25.0745625528234 121.62186853428,25.0745346377465 121.621848949294,25.0744963324379 121.621827547156,25.074386833058 121.621800858211,25.0743091587043 121.621764913532,25.07425629626 121.621678234636,25.0741814477242 121.621560584064,25.074098102496 121.621477711694,25.0740323845906 121.621453734358,25.0740054507059 121.621442458033,25.0739905386015 121.621417432381,25.0739540726634 121.621389898051,25.0739191385891 121.621359967712,25.0738858793262 121.62132776384,25.0738544309688 121.62129341821,25.0738249222009 121.621257071365,25.0737974737697 121.621218872032,25.0737721979917 121.621178976522,25.073749198293 121.621137548083,25.0737285687863 121.620972685398,25.0735970261521 121.620863656704,25.0735101187274 121.620796049401,25.0734521711966 121.620704583097,25.0734376764146 121.620696605344,25.0734255171293 121.620667570099,25.0733598639098 121.620667271038,25.0733584849722 121.620670500076,25.0732930459219 121.620661723622,25.073270819512 121.620655008805,25.0732271273603 121.620645022168,25.0731621919796 121.620641630005,25.0731401353516 121.620649468483,25.0730264476641 121.620657400396,25.0729113513072 121.620771274251,25.0727616217505 121.620837000751,25.0726996510119 121.620838611872,25.0727009727281 121.621056222185,25.0725425812958 121.621076756996,25.0725122329579 121.621113821883,25.0725006525217 121.621240283833,25.0724075397121 121.621286671128,25.0724020850613 121.621322105162,25.0723941302246 121.621350408608,25.0723852693738 121.621404821371,25.0722193165906 121.621404379113,25.072219124363 121.621414701511,25.0722067587248 121.621448765297,25.0721370647815 121.621484450271,25.0719506235898 121.621509566957,25.0718090143065 121.621508163238,25.0715740947952 121.621490123065,25.0713737858753 121.621463957337,25.0711327046136 121.621474433444,25.0710146383196 121.621554444091,25.0708436479353 121.621569403465,25.0707026228299 121.621727461687,25.0705256450212 121.621727498463,25.0705250761061 121.621648853866,25.0703876920939 121.621567153047,25.0702449691413 121.621566833531,25.0702013022631 121.621565314288,25.0701739950591 121.621565642289,25.0701672456695 121.621605422149,25.0701660851434 121.62162943574,25.070165388748 121.6216464722,25.0701648930962 121.621648182739,25.0701071070361 121.621646652008,25.0700493164806 121.621645557067,25.0700382602505 121.6216360822,25.0699425871199 121.62163405923,25.069930773333 121.621626808639,25.0698884311383 121.621614663006,25.0698347566351 121.621601402532,25.0697860431456 121.621585785954,25.0697379173085 121.621567738288,25.0696892689985 121.621547276101,25.0696414162267 121.621528354257,25.0696002129908 121.621507215954,25.0695599135074 121.621483913036,25.0695206166132 121.621483913036,25.0695206166132 121.621438579181,25.0694507054923 121.621388219692,25.0693837084052 121.621333059497,25.0693199245818 121.621273344966,25.0692596389003 121.621209342807,25.0692031206143 121.621141338879,25.0691506221512 121.621101262914,25.069122803155 121.621095037339,25.0691187124523 121.621029963725,25.0690752713137 121.620820252656,25.068935294234 121.620711677673,25.0688628203862 121.620681781501,25.0688428581735 121.620647419918,25.0688199353965 121.620640598166,25.0688153845712 121.620587635416,25.0687800528289 121.620581017708,25.0687756381165 121.620368767724,25.0686339234034 121.620025227367,25.0684045907179 121.619916475515,25.068331992336 121.619387385133,25.0679787903848 121.619295724976,25.0679197906394 121.619295724976,25.0679197906394 121.619224360761,25.0678800751996 121.619150514362,25.067844321896 121.619074450631,25.0678126589571 121.618996442368,25.0677851999416 121.618916769349,25.0677620433304 121.618911893147,25.0677607800115 121.618892411413,25.0677558868186 121.618852568928,25.0677467270166 121.618831335176,25.0677423105717 121.618788838169,25.0677335229354 121.618732086005,25.0677243794096 121.618694879532,25.067721022586 121.618317618151,25.0676849025094 121.618118428319,25.0676652565251 121.618043161769,25.067660270454 121.617994024842,25.0676516817608 121.617946260699,25.0676381490425 121.61791750865,25.0676259102841 121.61791750865,25.0676259102841 121.617899809372,25.0676168477927 121.617882725182,25.0676068539127 121.61786631509,25.0675959631642 121.617850635778,25.0675842131654 121.617835741405,25.0675716445024 121.617821683418,25.0675583005889 121.617821683418,25.0675583005889 121.617805328935,25.0675405564759 121.617801220578,25.0675359522611 121.617797364231,25.0675311706368 121.617793769113,25.0675262230352 121.617786987828,25.0675163493089 121.617745562282,25.0674560326034 121.617745562282,25.0674560326034 121.617733986877,25.0674374284565 121.617723827527,25.067418150307 121.617715131282,25.0673982874385 121.617707938417,25.0673779318428 121.617702282243,25.0673571777937 121.617698188955,25.0673361214101 121.61769567751,25.0673148602114 121.617694759539,25.0672934926651 121.617695439292,25.0672721177315 121.617697713619,25.067250834405 121.617701571988,25.0672297412556 121.617706996528,25.0672089359726 121.617712238303,25.0671931365477 121.617719508553,25.0671736873429 121.617728242152,25.0671547441882 121.617738397046,25.0671363982975 121.617749924337,25.0671187380089 121.617762768518,25.0671018483591 121.617776867743,25.0670858106739 121.617792154121,25.0670707021769 121.617808554047,25.0670565956176 121.617825988552,25.0670435589208 121.617844373687,25.0670316548599 121.617844373687,25.0670316548599 121.617883445529,25.0670065521891 121.617920732224,25.0669792900027 121.617956090117,25.0669499733358 121.617989382982,25.0669187151391 121.618020482553,25.0668856358432 121.61804926901,25.0668508628949 121.61807563145,25.0668145302663 121.61807563145,25.0668145302663 121.61810230582,25.0667722932065 121.618126060918,25.0667286342975 121.618146805782,25.0666837207206 121.618164460978,25.0666377244613 121.618178958903,25.0665908216508 121.618190244045,25.0665431918916 121.618198273194,25.0664950175694 121.618202437214,25.066463628061 121.618204951155,25.0663937772734 121.618204951155,25.0663937772734 121.618214886619,25.0662085190587 121.618214886619,25.0662085190587 121.61822004427,25.066137438382 121.618221494273,25.0660662148807 121.618219233371,25.0659950089063 121.618219708389,25.0659727572052 121.618218900282,25.0659505134728 121.618216811278,25.0659283390499 121.61821344714,25.0659062950861 121.61821344714,25.0659062950861 121.618204261414,25.0658277990791 121.618201675257,25.0658101872593 121.618186258987,25.0657253615055 121.61818492771,25.065718036342 121.618169710596,25.0656525368518 121.618169710596,25.0656525368518 121.618141808676,25.0655551283607 121.618107964109,25.065459295194 121.618068283039,25.065365337871 121.618022889915,25.0652735510277 121.617990955281,25.0652136604211 121.617955477908,25.0651554474395 121.617916563657,25.0650990857787 121.617916563657,25.0650990857787 121.617864127254,25.0650271224272 121.617807906301,25.0649575698269 121.617807906301,25.0649575698269 121.617740861356,25.0648839333068 121.61767093196,25.0648125571814 121.617517506245,25.0646777226208 121.617487134455,25.0646515504683 121.617487134455,25.0646515504683 121.617477308104,25.0646427500649 121.61746817468,25.064633350781 121.617459778067,25.0646233977778 121.617452158607,25.0646129388765 121.61744535291,25.0646020243293 121.617439393675,25.0645907065776 121.617434309534,25.0645790399999 121.617430124914,25.0645670806508 121.617426859923,25.0645548859917 121.617424530246,25.0645425146143 121.617423147076,25.0645300259596 121.61742271706,25.0645174800321 121.617423242263,25.0645049371111 121.617424720161,25.0644924574619 121.617427143653,25.0644801010454 121.617430501094,25.0644679272306 121.617434776354,25.0644559945091 121.617439948889,25.0644443602141 121.617445993848,25.0644330802449 121.617459524724,25.0644200684627</coordinates></LineString></MultiGeometry>
  </Placemark>
  <Placemark>
	<name>雙溪</name>
	<Style><LineStyle><color>ff0000ff</color></LineStyle><PolyStyle><fill>0</fill></PolyStyle></Style>
	<ExtendedData><SchemaData schemaUrl="#riverlineok">
		<SimpleData name="RIVER">雙溪</SimpleData>
		<SimpleData name="RIVERCODE">11403H</SimpleData>
	</SchemaData></ExtendedData>
      <MultiGeometry><LineString><coordinates>121.553169772477,25.1012513489373 121.553571951691,25.1013908954295 121.553733655925,25.1014620074504 121.554067956399,25.1015461583646 121.554068511381,25.1015571072399 121.554505834373,25.1016667356488 121.554486071898,25.1016881977336 121.554704863705,25.1018618418603 121.554720308506,25.1018503185548 121.554758285008,25.1018903140407 121.554823593938,25.1019780745601 121.554835692682,25.1019742817846 121.554889609768,25.1020596563588 121.554872015385,25.1020738058394 121.554981964533,25.1022344347754 121.555038322137,25.1023181110216 121.555053686654,25.102308565111 121.55513933567,25.1024322159499 121.555199560941,25.102520436786 121.555292036796,25.1026144862961 121.555354777929,25.1026691767384 121.555488457544,25.1027690293991 121.555524207582,25.1028013149917 121.555501839607,25.1028122684633 121.555482967969,25.1028202305048 121.555372264981,25.1028391542491 121.555008052114,25.1028964965263 121.554977242202,25.1028998989052 121.55477241766,25.1029483356577 121.554609515488,25.1029887565098 121.554554098876,25.1030024984791 121.554507095574,25.1030141668429 121.554486222564,25.1030189493625 121.554465159798,25.1030229877797 121.554443940949,25.1030262738436 121.554411889148,25.1030297854727 121.554379666027,25.1030315842238 121.554358143946,25.1030318280751 121.554336627341,25.1030313072324 121.554313525277,25.1030298904164 121.554290509473,25.1030275939486 121.55426761961,25.1030244221949 121.554256233685,25.1030225092831 121.554233607636,25.1030180347027 121.554199587447,25.1030100438632 121.554122437363,25.1029916532229 121.55396455118,25.102954018528 121.553913286524,25.1029403944683 121.55387398734,25.1029268186953 121.553826513992,25.1029063363308 121.553790089065,25.1028872391198 121.553722155105,25.1028422363693 121.553710527299,25.1028207299774 121.553638884111,25.1026867241885 121.553610038765,25.1026441926809 121.553604034778,25.1026363607432 121.553566321521,25.1025885177583 121.553517437759,25.1025084052878 121.553474266031,25.102470378014 121.553469195359,25.1024659199574 121.553421866323,25.1024131194362 121.553335467073,25.1023642934339 121.553255678103,25.1023192164212 121.553163941584,25.1021925257795 121.553138734046,25.1021232758194 121.553093816458,25.1019990286314 121.553050570787,25.101776938888 121.552963044905,25.1013274818208 121.552978312901,25.1013121161391 121.552995126957,25.1012981530578 121.553013332981,25.1012857213484 121.553042882377,25.1012701904649 121.553063811454,25.1012620540437 121.553096567274,25.1012533607284 121.553107748332,25.1012514276702 121.553169772477,25.1012513489373</coordinates></LineString></MultiGeometry>
  </Placemark>
  <Placemark>
	<name>雙溪</name>
	<Style><LineStyle><color>ff0000ff</color></LineStyle><PolyStyle><fill>0</fill></PolyStyle></Style>
	<ExtendedData><SchemaData schemaUrl="#riverlineok">
		<SimpleData name="RIVER">雙溪</SimpleData>
		<SimpleData name="RIVERCODE">11403H</SimpleData>
	</SchemaData></ExtendedData>
      <MultiGeometry><LineString><coordinates>121.508198911377,25.0977367087244 121.508219599646,25.0977423995382 121.508240264413,25.0977481608483 121.508260905674,25.0977539917518 121.50830211571,25.0977658650546 121.508353488115,25.0977810998666 121.508384236878,25.0977904495488 121.508414554547,25.0977998431337 121.508463745443,25.0978154735895 121.508497946427,25.0978264969486 121.508606764161,25.097861567949 121.508622549221,25.0978666507776 121.508667571475,25.0978811669541 121.508779119448,25.0979171222397 121.508800017324,25.0979238576992 121.508826802333,25.097932486905 121.508936374787,25.097967807857 121.509191140609,25.0980499192405 121.509273689912,25.0980765303662 121.509397111859,25.0981163174417 121.509556651032,25.0981677258215 121.50969938266,25.0982137298211 121.509986792107,25.0983063717027 121.510135788491,25.0983543940741 121.510301582764,25.0984078114389 121.510529863004,25.0984813988662 121.510666529436,25.0985254456598 121.510855148314,25.0985862319459 121.511039637428,25.0986456960685 121.511235752181,25.0987088936086 121.511433535045,25.0987726358448 121.51144403873,25.098776021253 121.511484842262,25.0987891698214 121.511484727196,25.0987877257333 121.511785176412,25.0988850046731 121.511828869134,25.0988991091766 121.512371008363,25.099075351519 121.512473862304,25.0991086707554 121.512489122249,25.0991137640099 121.512537116024,25.0991297583564 121.512573709118,25.099138876613 121.512680078549,25.0988757554348 121.512694544979,25.0988788670502 121.512741679293,25.0988956226569 121.512873037028,25.0989430757749 121.51307030578,25.099014008414 121.513163385266,25.0990476137643 121.513610230876,25.0992058145637 121.513684852553,25.0992280034519 121.513928603489,25.0993159317236 121.514201108694,25.0994137178278 121.514403958956,25.0994841914616 121.51454333669,25.0995311232401 121.514569578347,25.0995400421794 121.514735812931,25.0995888667703 121.514875544236,25.0996278342864 121.514951036742,25.0996450143696 121.515114132335,25.0996876110633 121.515259334783,25.0997213771275 121.515394626038,25.0997488488403 121.515536549392,25.0997761168179 121.515750079932,25.0998113331415 121.515886197526,25.0998324819119 121.516139057011,25.0998623426838 121.516555557242,25.0999038571812 121.516801670169,25.0999278359859 121.517208889841,25.099967495023 121.517853032942,25.1000346089604 121.518064756455,25.1000642579548 121.518178988342,25.100079585751 121.518340462696,25.1000946942073 121.518406096788,25.1000991684313 121.51851203857,25.100104729539 121.518678335155,25.1001065947162 121.518706177059,25.1001069577844 121.518756798485,25.1001062842107 121.518845006461,25.1001032763112 121.518914204916,25.1000995313697 121.518940959698,25.1000983724613 121.519050539181,25.1000896020139 121.51906562328,25.1000881769694 121.519177019049,25.1000775132161 121.519358104757,25.1000503729995 121.519383838711,25.1000469605802 121.519399850303,25.1000444759756 121.519502030118,25.1000255474979 121.519556365735,25.1000145957824 121.519607182113,25.1000037556835 121.519717454866,25.0999784158964 121.519793347696,25.0999571020324 121.51984248798,25.099943570154 121.519929307471,25.0999189190872 121.519996536417,25.0998972779791 121.52002409178,25.0998885054472 121.520089972588,25.0998669322196 121.520125254816,25.0998542685827 121.52012452178,25.0998520773439 121.520175481173,25.0998253833443 121.520299157922,25.0997605978348 121.520305281258,25.099757330782 121.520348184185,25.0997344432106 121.520446819101,25.0996791977636 121.520593786147,25.0995978180391 121.520606445411,25.099590388687 121.520871092977,25.0994444515204 121.521020419487,25.099360815115 121.52109279374,25.0993239946853 121.521111252041,25.0993154064848 121.521148579312,25.0992989824739 121.521195964502,25.0992798842227 121.521244094161,25.0992623993562 121.521253804401,25.0992590979929 121.521263334385,25.0992558414996 121.521272889403,25.0992526436 121.521311336021,25.0992404371175 121.521359877315,25.0992265105159 121.521379433808,25.0992213571956 121.521408905782,25.0992140763234 121.521458364972,25.099203149183 121.521508200409,25.0991937410222 121.521558353643,25.0991858628796 121.521639121602,25.0991764605642 121.521750845496,25.0991700125299 121.52182209389,25.0991698287078 121.521843553687,25.0991702208637 121.521978501672,25.0991797030498 121.52198899873,25.0991809860071 121.522097519636,25.0992026667532 121.522206208094,25.0992236372271 121.522286305521,25.0992440546657 121.522526723666,25.0993068915966 121.522659639166,25.0993419937151 121.522762778233,25.0993694004481 121.522803122174,25.0993814009453 121.522885743753,25.0994075771624 121.522946704671,25.0994290285992 121.52300685871,25.0994516808737 121.523046584778,25.0994675871981 121.523084526867,25.0994836442512 121.523133836668,25.0995056702527 121.523173351335,25.099523847835 121.523231864077,25.0995524381172 121.523270345202,25.0995723698518 121.523306203417,25.0995921826319 121.523351510233,25.0996171116481 121.52336038848,25.099622867283 121.523455483937,25.0996797964457 121.523497925454,25.0997070467005 121.523667498813,25.0998242998837 121.5239132842,25.0999945760877 121.523926133499,25.1000038656725 121.524090716403,25.1001201338741 121.524123756204,25.1001443747216 121.524187957166,25.1001870760736 121.524236987163,25.1002177795165 121.524253076475,25.100226569205 121.524313543337,25.1002631482585 121.524357396273,25.1002883457168 121.524388499622,25.1003055605238 121.52442866229,25.1003270243798 121.524464785301,25.1003455972925 121.52451038065,25.1003680855553 121.524613803983,25.1004153516128 121.524655639647,25.1004334032182 121.524739771531,25.1004672947051 121.524834513686,25.1005022364769 121.524940141877,25.1005373292494 121.524988606506,25.1005521090185 121.525096139103,25.1005820245933 121.525214733553,25.1006105413011 121.525317915497,25.1006320571053 121.525390715386,25.1006446425112 121.525474391624,25.1006565104432 121.525542646646,25.1006649201676 121.525619843233,25.1006743698 121.525848784407,25.1007023847806 121.526050899471,25.1007287792273 121.526226343885,25.1007525848954 121.526662773825,25.1007885671563 121.526769320723,25.1008032565547 121.526964652021,25.1008297740541 121.527030616296,25.1008387292991 121.52722644545,25.1008650225941 121.527255883114,25.1008698517634 121.527269453127,25.1008714105114 121.52729067243,25.1008741454996 121.527333168854,25.100879225251 121.527370573787,25.1008819261556 121.527418366188,25.100887821241 121.527461053211,25.1008913357232 121.527526517014,25.1008954733728 121.527565647899,25.1008969700722 121.527684587075,25.1009016487088 121.527733535286,25.1009030914782 121.527840101496,25.1008991299661 121.527973058518,25.1008923570078 121.528136134392,25.10087749051 121.528189765904,25.1008691436293 121.528404390094,25.1008274633342 121.5284522782,25.1008180155405 121.528560225278,25.1007967184194 121.528626613356,25.1007843057486 121.528959654297,25.1006918668903 121.529093505545,25.1006554164714 121.529275144057,25.1006059521698 121.529600706993,25.1005161946069 121.529661530196,25.1004992936587 121.529669243428,25.1004969007761 121.529717254398,25.1004840359379 121.529813102392,25.1004651157632 121.529850177535,25.1004577952256 121.529982963133,25.1004323222671 121.53004922244,25.1004209386168 121.530080007914,25.1004139014077 121.530101491028,25.1004116001292 121.530133895004,25.1004101833814 121.530155521694,25.1004105990135 121.530187831214,25.1004132605444 121.530230323361,25.1004205802342 121.530271669742,25.1004321237005 121.530281767202,25.1004356545688 121.530311364109,25.1004477510144 121.530404503423,25.1004870238701 121.530547841853,25.1005472155796 121.530682031349,25.100610211481 121.531102161601,25.1008090763033 121.531205097894,25.1008563214125 121.531291338709,25.1008975603323 121.531474657599,25.1009844662461 121.531589638644,25.1010386059496 121.531643151613,25.1010643453022 121.531802634697,25.1011273397879 121.53189023837,25.1011583059119 121.532098985161,25.101219260928 121.532362027421,25.1012699437165 121.532433486314,25.1012801055403 121.532545590022,25.101291024203 121.532772217473,25.1013084649687 121.532880869638,25.1013122275367 121.533080877988,25.1013063222399 121.533271450626,25.1013006853267 121.533466875694,25.1012013786815 121.533506919921,25.1011942018334 121.533686337193,25.1012171014189 121.533941965943,25.1012506864562 121.534053527724,25.1012655601955 121.534727242143,25.1013553810498 121.534836747618,25.1013542576644 121.534979028426,25.1013533987733 121.535084854978,25.1013532896799 121.535182424713,25.1013520836086 121.535209757909,25.1013519073408 121.535390512973,25.1013494764745 121.535419884714,25.1013481787536 121.535453825744,25.1013465575795 121.535554789457,25.1013378782673 121.535744278445,25.1013047364668 121.535931503378,25.101271272181 121.536029123945,25.1012453521092 121.536178421185,25.1011978578313 121.536242185616,25.1011712113715 121.536310603379,25.1011453334954 121.536446486066,25.1010819981655 121.53658056317,25.1010093523434 121.536938481695,25.100806615233 121.537107311084,25.1007116974369 121.537320568074,25.100591854699 121.537345022509,25.10057594092 121.537352556271,25.1005642756264 121.537355471702,25.1005510056341 121.537353445061,25.100537599167 121.537346700953,25.1005255396151 121.53732836051,25.1005018768492 121.53725736841,25.1004140333216 121.537361148079,25.1003579545933 121.537582690459,25.1001763208869 121.537711264955,25.1000673237781 121.538256442357,25.0996208426938 121.538547104772,25.0993778849834 121.538780665146,25.0992569282356 121.538973183968,25.0991572945386 121.539055412533,25.0991066546769 121.539259581255,25.0989771199551 121.53941945308,25.0988753257008 121.539512416246,25.0988311295616 121.539751088728,25.098718124437 121.539792653654,25.098698526865 121.539956823,25.0986236947848 121.540069797229,25.0985772379702 121.54020926456,25.0985205380153 121.540444812711,25.0984258077194 121.540662320518,25.0983336589132 121.540731682998,25.0983076491851 121.540925582135,25.0982263519508 121.540965216558,25.0982097313066 121.541086535885,25.0981691015627 121.541228387481,25.0981224915894 121.5412969353,25.0980959311551 121.54137565824,25.0980682276237 121.541497563831,25.0980261572458 121.541727627713,25.0979461479582 121.541824030021,25.0979096883658 121.541966700553,25.0978600620563 121.542078224649,25.0978279680637 121.542195060725,25.0977913477927 121.542370381301,25.0977408397907 121.542511621981,25.097698009956 121.542565366346,25.0976818609079 121.54265584461,25.0976560303509 121.542691561678,25.0976437389654 121.542877461913,25.0975895001125 121.542878305447,25.0975604810242 121.542879888385,25.0975152404225 121.54288209657,25.0974607104257 121.542886096144,25.0973562797105 121.543387896175,25.0969654997862 121.543584297705,25.096951493708 121.543577307243,25.0968458646046 121.543770518274,25.0966439584104 121.543863301381,25.0965472226722 121.543869897101,25.0965402044965 121.543895020329,25.0965158252512 121.543917606417,25.0964956948547 121.543940944104,25.0964764834579 121.543961178166,25.0964609867252 121.543998413962,25.0964350950932 121.544045426505,25.0964065666288 121.544063340217,25.0963968138825 121.544090722966,25.0963829944979 121.54411972416,25.096369720783 121.544156779709,25.0963546444178 121.544208476004,25.0963369377417 121.544245418234,25.0963265048723 121.544279198641,25.0963185058077 121.54432890113,25.0963093125898 121.544370436038,25.0963038941432 121.544388833269,25.0963021474222 121.544427872106,25.0962997227774 121.544459670305,25.0962990445318 121.544491501395,25.0962995253544 121.544528363771,25.0963015206566 121.544560428222,25.0963045492129 121.544592332331,25.0963087583109 121.544623593205,25.0963132369923 121.544644655543,25.0963159998733 121.544675856444,25.096319696036 121.544707297373,25.0963229669947 121.544728757764,25.0963249438686 121.544760392629,25.0963274557517 121.544780828189,25.0963288306025 121.544811388702,25.0963305284831 121.544834348762,25.0963315257124 121.544866085888,25.0963325024369 121.544887101062,25.0963328974115 121.544908420681,25.0963330854263 121.544940175839,25.096332985028 121.544961544748,25.0963326618692 121.544982807631,25.0963321278415 121.545004062658,25.0963313870985 121.545025308832,25.0963304387409 121.54504593657,25.0963293157036 121.545067836062,25.0963279117338 121.545088505645,25.0963263876936 121.545098871322,25.0963255479181 121.54511958714,25.0963237185572 121.545137784954,25.0963219426838 121.545151334555,25.0963205296626 121.54516914075,25.0963185295245 121.545189600881,25.096316052883 121.545209986818,25.0963133896316 121.545224736232,25.0963113465535 121.545245634872,25.0963082661248 121.545264945437,25.0963052312536 121.545284233418,25.0963020222225 121.54529771148,25.0962996804695 121.545315199159,25.0962965033305 121.545333161635,25.096293080688 121.545349519776,25.0962898372789 121.545364448962,25.096286749889 121.545376850988,25.0962841105494 121.54542152849,25.0962739540966 121.545448188837,25.0962674100781 121.545482697349,25.0962584041497 121.545508760856,25.0962511915344 121.545531307795,25.0962446599188 121.545558785148,25.0962363451932 121.545583334186,25.0962285630509 121.545588431695,25.096226900304 121.545613171053,25.0962186642512 121.545634113649,25.0962114180863 121.545656111299,25.0962035405916 121.545667071561,25.0961995135105 121.545678005785,25.0961954278423 121.54568891298,25.0961912835907 121.545699794137,25.0961870807522 121.545710647273,25.0961828193339 121.545721472393,25.0961785002386 121.545732269496,25.0961741234665 121.545765796817,25.0961600626929 121.545787988687,25.096150378864 121.545810049584,25.0961404490491 121.545821029059,25.096135391791 121.545852663435,25.0961203737724 121.545873586501,25.0961100743757 121.545883997092,25.0961048395491 121.545904713415,25.0960941996504 121.54591501816,25.0960887954847 121.545949763822,25.096070024792 121.547036435766,25.095469054032 121.547100680783,25.0954335266556 121.547146421724,25.0954093497941 121.547183771475,25.0953912472139 121.547212199985,25.0953784065509 121.547250627263,25.0953622798201 121.547279816921,25.095350942207 121.547309302946,25.0953402589277 121.547339067534,25.0953302390757 121.547369093847,25.0953208863241 121.547399363082,25.0953122079647 121.547439830086,25.0953017432436 121.54747041286,25.0952946824333 121.547501176126,25.0952883025648 121.547532101064,25.0952826073185 121.547563168849,25.0952775994722 121.547594361649,25.0952732818 121.547626116495,25.0952696120626 121.547657960782,25.0952666588115 121.547679230748,25.095265088862 121.547700525926,25.0952638375048 121.547732504578,25.0952625611443 121.54775383802,25.0952621104218 121.547785846804,25.0952620346627 121.547807183811,25.0952623847031 121.547828510348,25.0952630552731 121.547930928026,25.0952707543776 121.548002066633,25.0952805361612 121.548072499467,25.0952939028286 121.548142007239,25.0953108118566 121.548190970636,25.0953250305913 121.548239275647,25.0953410085917 121.548286845819,25.0953587199598 121.54830990627,25.0953680410013 121.548366650203,25.0953931105626 121.548462097775,25.0954427186637 121.548504552669,25.0954680811437 121.548525364241,25.0954813232014 121.548628187196,25.0955484994936 121.548683142398,25.095587717005 121.548787961248,25.0956842222852 121.548796465831,25.0956960265307 121.548825691367,25.0957356325796 121.548868771621,25.09579401074 121.548933857809,25.0959026295254 121.549001014756,25.0960131455234 121.549455887365,25.0967641210935 121.549594754171,25.0969920736804 121.549672662368,25.0971209756508 121.549697090337,25.0971628833725 121.549728845689,25.0972226781895 121.54975769462,25.0972836826882 121.549780068132,25.0973368459893 121.549800233008,25.0973907361009 121.549812437284,25.097427029455 121.549826281997,25.0974727690396 121.550028634312,25.098184237448 121.550049105396,25.0982258437937 121.550140961941,25.0984095749377 121.550185061888,25.0984991803373 121.550339028185,25.0988116151645 121.550361767494,25.0988571131387 121.550444776555,25.0990216364331 121.550486383777,25.0991053358386 121.550489219141,25.099109721949 121.550554249759,25.0991786259959 121.550588649039,25.0992153325274 121.550620445608,25.0992486812704 121.550650531662,25.0992808627171 121.550681583674,25.0993139885105 121.55071223666,25.0993465650709 121.550743162324,25.0993802510554 121.550774531849,25.0994134207893 121.550805296208,25.0994465024834 121.5508449482,25.0994871527357 121.550981670885,25.0996311469845 121.551024538851,25.099681436164 121.551063113677,25.0997135462643 121.551100204534,25.099753893591 121.551273764433,25.0999518283594 121.551560379507,25.1002687106567 121.551599017637,25.1003117677173 121.55170013972,25.1004241855426 121.551711593125,25.100431256998 121.551813586227,25.1004778953673 121.551824047734,25.1004826584355 121.551902869574,25.1005688903346 121.55206082906,25.1007409537871 121.552189127516,25.1008806267246 121.552230296576,25.1009255140938 121.552560954999,25.1012859529168 121.552599775641,25.1013315260253 121.552623589758,25.1013632835307 121.552645684275,25.1013960558655 121.552656070835,25.1014127983905 121.552666007288,25.1014297655832 121.552670005739,25.1014370100901 121.552704402597,25.1015159129307 121.552739526887,25.1016081925298 121.55277192801,25.1017181987918 121.552813200486,25.1018583236543 121.552821637829,25.1018869678051 121.552827230664,25.1019094447053 121.55286243586,25.1020421684487 121.552887596879,25.1021180903151 121.552951686888,25.1022084553738 121.553000350008,25.1022845893264 121.553003761618,25.1022887619812 121.553041880825,25.1023312590331 121.55310260227,25.1024216826243 121.553154088,25.1024988478255 121.553235472897,25.1026436601354 121.553294208302,25.1027287067573 121.553350524603,25.1028038460392 121.553418294196,25.1028769112652 121.553493367314,25.1029425227816 121.55358527486,25.1030067921594 121.553673162745,25.1030553668862 121.55373789586,25.103084421934 121.553803267654,25.1031086626519 121.553822581181,25.1031149056104 121.553895074236,25.1031348259858 121.553957589972,25.1031494624965 121.553998739465,25.1031591023553 121.554166086711,25.1031894801734 121.554166086711,25.1031894801734 121.554234962897,25.1032036766107 121.554281489099,25.1032101996993 121.55432424651,25.1032140501308 121.554383169909,25.1032149926977 121.554421491616,25.103215370365 121.554457207318,25.1032132461794 121.554490392809,25.1032089376444 121.55451387532,25.1032069855716 121.554539216272,25.1032024824605 121.554583469424,25.1031943687561 121.554629690871,25.1031841008234 121.554683244946,25.1031722047914 121.554897842477,25.1031245350849 121.555218270068,25.103054678989 121.555618819529,25.1030134143311 121.555830331654,25.1030080274722 121.555970806021,25.1030204552136 121.55615472933,25.1030567821863 121.556270658015,25.1030921054651 121.556374384841,25.1031327548928 121.556424828235,25.1031558759074 121.556498492522,25.1031939494946 121.556592567475,25.1032508302802 121.556648716266,25.1032897847487 121.556723590587,25.1033485033841 121.556764293948,25.103384150152 121.556812921302,25.1034307424774 121.556879499843,25.103500374505 121.557239985634,25.1038955096156 121.557284465882,25.1039403352362 121.557373965954,25.1040547273947 121.557428991126,25.1041475115023 121.557473511486,25.104252761186 121.557495400436,25.1043495726107 121.557518625748,25.1044406516561 121.557546392293,25.1045558138173 121.557564292605,25.1046331749935 121.55757623815,25.1046843322722 121.557588184701,25.1047354904486 121.557600130271,25.1047866486271 121.557612075847,25.1048378059014 121.557624022429,25.1048889640733 121.557635318879,25.1049373422649 121.557632166239,25.1049568735135 121.557629322197,25.1049744905728 121.557626479146,25.1049921076282 121.557623635103,25.1050097246874 121.55761794801,25.1050449597044 121.55761226091,25.1050801938183 121.557606573807,25.1051154279319 121.557595199592,25.1051858961581 121.557589511488,25.1052211302745 121.55758664143,25.1052389162535 121.557474604493,25.1059330121325 121.557486650088,25.1061242967989 121.557496252103,25.1062767586027 121.557516563078,25.1065808808664 121.557521722895,25.1066810196583 121.557541699667,25.1069982138622 121.557545517352,25.1070383008809 121.557552888135,25.1071757891214 121.557561566541,25.1073136678678 121.557572047647,25.1075363946876 121.557569321847,25.1075975875328 121.557565634616,25.1076807201693 121.557879339331,25.1076642550924 121.557877486957,25.1076486951218 121.55787376499,25.1076076616246 121.557887858219,25.1073394957669 121.557892318519,25.1072587463076 121.557895166956,25.1070917649695 121.557896830758,25.1070203212328 121.557899104897,25.1067337719103 121.557899205562,25.1066102119267 121.557860733164,25.1063133154287 121.557842907355,25.1059924198117 121.55790500177,25.1056594375207 121.557977972852,25.1051884116841 121.558040662272,25.1048322369019 121.557994155489,25.104552690775 121.55796709445,25.1044246322882 121.557934568671,25.1043088823353 121.557893491886,25.104181895814 121.55768670984,25.1037003337826 121.557267118022,25.1032446797847 121.557122741128,25.1030878915414 121.557070679891,25.1030313642791 121.556916812556,25.1028630917636 121.556893746197,25.1028402202142 121.556878232666,25.1028251629116 121.556862260914,25.1028105081701 121.556837471995,25.1027893060334 121.556811725727,25.1027690716751 121.556787413126,25.1027514590732 121.556745301612,25.1027240339593 121.55671027948,25.1027038930838 121.556646436314,25.1026726647686 121.556608658218,25.1026571962626 121.556560295844,25.1026403672245 121.556480747462,25.1026193912661 121.556450371305,25.1026134519705 121.556399262013,25.102605923883 121.556347728022,25.1026013865362 121.556306336921,25.1025999221712 121.556264918854,25.1026003871758 121.556233900691,25.102602002152 121.556213270574,25.1026036801813 121.556202974672,25.1026046992313 121.556150670883,25.1026084009325 121.556119193656,25.1026089189004 121.556077245101,25.1026076208709 121.556035455826,25.1026040525972 121.556004306463,25.1025998955243 121.555963150809,25.1025923931678 121.555912513871,25.1025799031669 121.555863035535,25.1025640233123 121.555824472049,25.1025489349177 121.555810911617,25.1025430272657 121.555786230782,25.1025314285141 121.555749309912,25.1025118885647 121.555722506408,25.1024959200863 121.55569652686,25.1024788606437 121.555679690003,25.1024668993523 121.555655199754,25.1024481027551 121.55563940285,25.1024350180928 121.55547796201,25.1022971876881 121.555367054609,25.102145607857 121.555122395041,25.1018112604866 121.555082928734,25.1017573125013 121.555027618926,25.1016748592451 121.554974127983,25.1016151298244 121.554940009579,25.1015791455363 121.554903610466,25.1015450638442 121.554865058097,25.1015130052445 121.554832758122,25.1014888895412 121.554773344737,25.1014501370582 121.554701401742,25.1014115153703 121.554616085571,25.1013756989947 121.554527067826,25.1013483565347 121.554469580872,25.1013337574238 121.554392962394,25.1013143005196 121.55435014523,25.1013034265474 121.554280632874,25.1012857748042 121.554109641795,25.1012413640403 121.553559832545,25.1010258334741 121.553118773638,25.1008517969412 121.553107140595,25.1008442703529 121.553007077918,25.1007960503047 121.552955527596,25.1007737962039 121.55290356123,25.1007441226286 121.552869213304,25.1007230583594 121.552802398312,25.1006785059939 121.552753042833,25.1006422764385 121.552709440172,25.1006076576898 121.552679317062,25.100582204474 121.552631786124,25.1005391727104 121.552578933235,25.1004866976185 121.552564973591,25.1004715148905 121.552431597299,25.1003257573583 121.55214081636,25.10000680682 121.551942808407,25.0997896170768 121.551806188757,25.0996357286721 121.551568305999,25.0993788371777 121.551548279176,25.0993546534308 121.551443093745,25.0992414813935 121.55136667834,25.0990327222868 121.551254825739,25.0987724276263 121.551178925907,25.0985931789967 121.551056847604,25.0983110382994 121.551009216892,25.0981978290469 121.55100228049,25.0981831698773 121.550923023106,25.0980014255877 121.550775708392,25.0976636196431 121.550762427821,25.0976323580601 121.550676504737,25.0974355616122 121.550235679679,25.096673049754 121.550179155739,25.0965750257684 121.550121258184,25.0964735491299 121.550116388598,25.0964643134913 121.550056443986,25.0963617610561 121.549648737018,25.0956694976891 121.549620316381,25.0956214837565 121.549577906761,25.0955601602048 121.549409313672,25.0953135348788 121.549384749009,25.0952786513828 121.549339681801,25.0952127062353 121.549327302964,25.095193630771 121.549301886206,25.0951766168265 121.549202852799,25.0951099686495 121.548904752003,25.0949189380481 121.548808489303,25.0948532363161 121.548725767803,25.0947960429781 121.548531713119,25.0946617468766 121.548467003048,25.0946172433563 121.548433915784,25.0946119849902 121.548331221262,25.0945956627992 121.548291701996,25.0945886947986 121.548166703409,25.0945685548283 121.548101381499,25.0945580257759 121.548040217033,25.0945482577443 121.548003426888,25.0945418934885 121.547940526599,25.0945319332116 121.547749558586,25.0945584224061 121.54771401986,25.0945636905522 121.547603358298,25.0945794105643 121.547566202258,25.0945866166375 121.547432444076,25.0946053468432 121.547398161591,25.0946099783182 121.547364206426,25.0946146446896 121.546913354121,25.094756349863 121.545712429977,25.0954408969676 121.545598284609,25.0955051538261 121.545547504167,25.0955322972929 121.545526819932,25.0955425578476 121.545481340234,25.0955635779665 121.545425610159,25.0955866110864 121.545378291835,25.0956039436754 121.545330255998,25.0956195536356 121.545271773128,25.0956359792915 121.545232335758,25.09564551427 121.545192586962,25.0956539056318 121.545152565367,25.0956611442067 121.545112311592,25.0956672235257 121.545049862227,25.0956743106586 121.545008050927,25.0956774850438 121.544945175423,25.0956799143459 121.544913707231,25.095680076885 121.544861281769,25.0956787906601 121.544829868751,25.0956770841821 121.544788075088,25.0956737212634 121.544746423658,25.0956691182657 121.544690258973,25.0956612137397 121.544647536622,25.09565589692 121.544626116817,25.0956536553631 121.544593927473,25.0956508186707 121.544561678453,25.0956486105394 121.544529383649,25.0956470336265 121.544507836828,25.095646333599 121.54447550207,25.0956458094863 121.544444297317,25.09564590686 121.544413101121,25.0956465937244 121.544392315348,25.0956473787021 121.544361163155,25.0956490476409 121.544330057183,25.0956513041266 121.544309350395,25.0956531351486 121.544278347888,25.0956563689766 121.544257723291,25.0956588506089 121.544272751651,25.095685582462 121.544286225404,25.0957100612107 121.544079741161,25.0957476077761 121.544075521445,25.0957486840429 121.544038790878,25.0957585193414 121.544026429164,25.0957364189819 121.544001387693,25.0957489793897 121.543893382496,25.0958023526464 121.543621266734,25.0959460990715 121.543503433177,25.0960286495581 121.543287568081,25.0962394587425 121.543035813908,25.0964973373973 121.542745236467,25.0967813854142 121.542671595454,25.0968809258578 121.542584448385,25.0969731470096 121.542548791435,25.0970102651587 121.542434328479,25.0970189534072 121.542421915419,25.0970323873269 121.542355851467,25.0970898573979 121.541869315326,25.0973335679048 121.54145573219,25.0974544373489 121.540988550766,25.0975888264647 121.540811515802,25.0976400559129 121.540558734039,25.0977137791191 121.540055182704,25.0978590772857 121.539878746665,25.0979611040342 121.539671926935,25.098082227014 121.539308391429,25.0982922044313 121.539178789849,25.0983665463228 121.539045533897,25.0984432125517 121.538999073309,25.0984694073151 121.538866345923,25.0985461527162 121.538747095437,25.0986145821081 121.538287603992,25.0988787332088 121.538231459642,25.098910841913 121.537598718388,25.0992749248006 121.537184173402,25.0995117506656 121.53688083784,25.0996847060206 121.536868909936,25.0996913757496 121.536840745678,25.0997125400236 121.536737402675,25.0997777350946 121.53665917308,25.099677012818 121.536633769882,25.0996622464321 121.536607560567,25.099657463419 121.53658043712,25.099657905507 121.53654316004,25.0996833277973 121.536089384815,25.099969610728 121.536062611592,25.099986501387 121.536020936248,25.100010576214 121.535943907727,25.1000511375204 121.535892205171,25.1000766930229 121.535801033785,25.1001139469333 121.535708708576,25.1001458062074 121.535637481196,25.1001661688096 121.535604807755,25.100176479415 121.535507581258,25.1001984615678 121.535414266807,25.100214922452 121.535349487012,25.1002223425652 121.535313977941,25.1002258201122 121.535242254264,25.1002301325207 121.534471232856,25.1002533431411 121.534183811316,25.1002634877944 121.534032776233,25.1002691685893 121.532940427166,25.1001658988421 121.532789464163,25.1001515900983 121.532738700139,25.1001467799433 121.532615741737,25.1001337607509 121.532564257534,25.10012519747 121.532433609089,25.1000969989569 121.532270026327,25.1000440806539 121.532232561751,25.1000287049679 121.531988702109,25.0999143101492 121.531835206825,25.0998416524499 121.531756064741,25.0998020838452 121.531703881327,25.0997759930807 121.531521229148,25.0996853654854 121.531467435136,25.09965845615 121.531244239564,25.0995464958295 121.531189287787,25.0995200780503 121.531055816187,25.0994532069994 121.530906315485,25.0993777624186 121.530529026816,25.0991920952423 121.530449949854,25.0991531802245 121.530437147505,25.0991479717029 121.530403124456,25.0991373500304 121.53037098557,25.099130497128 121.530333212,25.0991258888668 121.53030534098,25.0991247002141 121.530272354991,25.0991258012898 121.530253167422,25.0991276646511 121.530242015833,25.0991288889902 121.530222299761,25.0991321192723 121.530177041602,25.0991417514289 121.529900350598,25.0991981179678 121.529616733952,25.0992809517726 121.529012957879,25.0994589810579 121.528832240882,25.0995134865945 121.528598986038,25.0995817933938 121.528270189964,25.0996792394903 121.528227875384,25.0996907862479 121.528163617427,25.099705487877 121.528098581383,25.0997170098737 121.528051174801,25.0997239794509 121.528003379734,25.0997282185187 121.5279491216,25.0997315985383 121.527899466987,25.0997334003079 121.527752011838,25.0997345750383 121.527720920132,25.0997347037143 121.527568452557,25.0997160976587 121.527404507906,25.0996961148559 121.527188315823,25.099669790321 121.527050668619,25.0996529998554 121.527048828668,25.0996539723908 121.526988921975,25.0996464301748 121.526843268086,25.0996283227877 121.526843195311,25.0996229062369 121.526735178268,25.0996119596955 121.526634034015,25.0996014671589 121.526279368615,25.0995621179266 121.526217972032,25.0995562418391 121.525454978427,25.0994715735262 121.525407291452,25.0994651429668 121.525362352948,25.0994568880259 121.525341244163,25.0994523386376 121.525320271073,25.0994472931275 121.525289099971,25.0994387998175 121.525268530129,25.0994325277701 121.525248146596,25.0994257711583 121.525238028426,25.099422213836 121.52522796229,25.0994185362561 121.525217949192,25.0994147411236 121.525207990118,25.099410827532 121.525198089039,25.0994067963701 121.525188244968,25.0994026485444 121.525178461877,25.0993983858462 121.525168738771,25.0993940073764 121.525159080612,25.0993895140201 121.525149486416,25.0993849075866 121.525139958165,25.0993801880687 121.525098381298,25.0993581263351 121.525072554312,25.0993426922794 121.525059822685,25.099334726787 121.525024645837,25.0993115319312 121.524946537516,25.0992555096587 121.524706977541,25.0990826672271 121.524658941255,25.0990477632902 121.524243353101,25.0987479225292 121.524152544914,25.0986825826527 121.524100089035,25.0986616379217 121.523827409722,25.0985527617096 121.523711222692,25.0985065151584 121.523658048621,25.0984803230108 121.523184244796,25.0982452621381 121.523087330608,25.0982196483645 121.522718026752,25.0981220392027 121.522718618214,25.0981189043951 121.522623733341,25.0980948359843 121.522524118116,25.0980728245081 121.522334565455,25.0980384092029 121.522323673333,25.0980369940451 121.522290312994,25.098032778059 121.522237757516,25.0980260656872 121.522192257274,25.0980207729437 121.522155608256,25.098017245606 121.522110987841,25.0980136831206 121.522081145736,25.0980114679529 121.522010665579,25.098007256152 121.52198680719,25.0980062838311 121.521940647845,25.0980045413422 121.521891420534,25.09800410064 121.521844087436,25.0980037886781 121.521787774204,25.098004040943 121.521741401116,25.0980056665962 121.521706429635,25.0980072792197 121.521573193048,25.0980152951834 121.521525604469,25.0980178639574 121.521493312341,25.098020053932 121.521454909225,25.0980237188935 121.521344165104,25.0980355917995 121.521309792137,25.0980404071741 121.521211784542,25.0980561172701 121.521176962658,25.0980626224317 121.521135100351,25.0980712016808 121.521074016508,25.0980850937214 121.521023929969,25.0980971505336 121.520987624035,25.0981067394194 121.520941775917,25.0981199639889 121.520896752209,25.0981335467702 121.520853068266,25.0981474408144 121.520795221488,25.0981671986176 121.520752118173,25.0981824177132 121.520649569925,25.0982239815821 121.520576617701,25.0982564766914 121.520497363453,25.0982945190287 121.520394629102,25.0983483795434 121.520330388736,25.0983825412378 121.520251168058,25.0984238695275 121.520136134064,25.0984881732853 121.520092673909,25.0985128367546 121.51979808735,25.0986779897782 121.519790946628,25.0986821496354 121.519748307817,25.0987064760899 121.519717091896,25.0987240817731 121.519666375676,25.0987491136065 121.519627715271,25.0987670432764 121.519606042806,25.0987766076479 121.519576072092,25.0987885754534 121.519542276241,25.0988009899956 121.51953812832,25.0988024760915 121.519483970662,25.0988202252738 121.519460790652,25.0988273212255 121.519439322896,25.0988337160198 121.519416265477,25.0988393219115 121.519372060378,25.0988496422511 121.519346441717,25.0988544716618 121.519296772815,25.0988622381221 121.519250104581,25.0988691905679 121.518887928176,25.098909747904 121.518773442025,25.0989232209245 121.518694283986,25.0989302416804 121.518644951369,25.0989331316145 121.518495786836,25.0989331655772 121.518437907622,25.0989289441495 121.518380640692,25.0989217954795 121.517031026257,25.098739291668 121.517012277778,25.0987369194492 121.515743733791,25.0985627701308 121.515669945581,25.0985523103972 121.515633692642,25.0985462973635 121.515492962577,25.0985195399076 121.515476559545,25.0985374182364 121.513785679102,25.0979617982064 121.513599636862,25.0978984698504 121.513157160155,25.0977456760539 121.513055795551,25.0977102666472 121.51304370502,25.0977067423919 121.512947345754,25.0976745313831 121.512659529074,25.0975783016852 121.512511150717,25.0975286998038 121.511151366939,25.0970740904367 121.511140993391,25.0970704914951 121.511130718053,25.0970666674164 121.511120544905,25.097062621798 121.511100530994,25.0970538748815 121.511080997339,25.0970442686444 121.511071424517,25.0970391502296 121.511061988649,25.0970338255031 121.511052694707,25.0970282980592 121.511043547656,25.0970225696862 121.511034553463,25.0970166448778 121.511025717101,25.0970105272279 121.511017043534,25.0970042185252 121.511008537737,25.0969977232666 121.511000203697,25.0969910459523 121.510992047371,25.0969841892703 121.510984072745,25.096977157721 121.5109762838,25.0969699549017 121.510968686502,25.0969625853061 121.510961283842,25.096955052535 121.510954079803,25.0969473610888 121.510947080357,25.0969395163638 121.510940287497,25.0969315210616 121.510933706204,25.0969233805817 121.510927339474,25.0969151003309 121.510915265633,25.0968981367117 121.5109040929,25.0968806680294 121.510898852803,25.0968717564486 121.51088907914,25.096853605844 121.510880267481,25.096835051081 121.510876227911,25.0968256352117 121.510872435853,25.096816135432 121.510868894296,25.0968065553428 121.510865604259,25.0967969012603 121.510859785771,25.0967773927583 121.510857261331,25.0967675491587 121.510852989116,25.0967477112248 121.510851243371,25.0967377286201 121.510849760213,25.0967277108046 121.510848538675,25.0967176641011 121.510846887485,25.096697504771 121.510846457883,25.0966874038805 121.510846391773,25.0966671885347 121.510846756306,25.0966570858123 121.510847384606,25.0966469939179 121.510849432604,25.0966268651833 121.510852531988,25.0966068474839 121.51085447353,25.0965968946128 121.510859135482,25.0965771306367 121.510861852958,25.0965673294727 121.510867930638,25.0965482711272 121.510874838772,25.0965298400782 121.510878250818,25.0965216073997 121.51088244625,25.0965122173378 121.510886925053,25.096502783868 121.510896108065,25.0964851954243 121.510906168186,25.0964680093178 121.510917084744,25.0964512617319 121.510928834096,25.0964349888598 121.51093501343,25.0964270409628 121.510946263665,25.0964135314841 121.510954730609,25.0964040012178 121.510961685545,25.096396603164 121.510978958316,25.0963796467995 121.510991312009,25.0963685232371 121.511324832043,25.0960800929414</coordinates></LineString></MultiGeometry>
  </Placemark>
</Folder>
</Document></kml>
